graph_layer,factor_name,label_horizon,label_variant,sample_size,rank_ic,top_decile_mean,bottom_decile_mean,top_bottom_spread,top_decile_hit_rate
dtw_return_similarity_graph,edge_density_feature,1m,equal_weight,4442,0.0157239252034565,-9.795485705359371e-05,-2.262573076888757e-05,-7.532912628470615e-05,0.5
dtw_return_similarity_graph,edge_density_feature,5m,equal_weight,4431,0.026042344519074383,0.0002698374207289126,-0.00036709437278727695,0.0006369317935161895,0.5417607223476298
dtw_return_similarity_graph,edge_density_feature,15m,equal_weight,4365,-0.008389974072638492,0.0006479031306523714,0.0001561648045813622,0.0004917383260710092,0.5344036697247706
dtw_return_similarity_graph,edge_density_feature,30m,equal_weight,4207,-0.03883103145500175,0.00021854872258102572,0.0001680713693460786,5.047735323494712e-05,0.5190476190476191
dtw_return_similarity_graph,edge_density_feature,1m,member_weight,4442,0.0157239252034565,-9.795485705359371e-05,-2.262573076888757e-05,-7.532912628470615e-05,0.5
dtw_return_similarity_graph,edge_density_feature,5m,member_weight,4431,0.026042344519074383,0.0002698374207289126,-0.00036709437278727695,0.0006369317935161895,0.5417607223476298
dtw_return_similarity_graph,edge_density_feature,15m,member_weight,4365,-0.008389974072638492,0.0006479031306523714,0.0001561648045813622,0.0004917383260710092,0.5344036697247706
dtw_return_similarity_graph,edge_density_feature,30m,member_weight,4207,-0.03883103145500175,0.00021854872258102572,0.0001680713693460786,5.047735323494712e-05,0.5190476190476191
dtw_return_similarity_graph,edge_density_feature,1m,top5_member,4442,0.015695094771958486,-9.795485705359371e-05,-2.761111291071383e-05,-7.034374414287988e-05,0.5
dtw_return_similarity_graph,edge_density_feature,5m,top5_member,4431,0.027192836769098797,0.0002698374207289126,-0.00042921556705674096,0.0006990529877856535,0.5417607223476298
dtw_return_similarity_graph,edge_density_feature,15m,top5_member,4365,0.005341820365830725,0.0006479031306523714,-3.4064287577022435e-05,0.0006819674182293938,0.5344036697247706
dtw_return_similarity_graph,edge_density_feature,30m,top5_member,4207,-0.03270354609671105,0.00021854872258102572,8.382413566235796e-05,0.00013472458691866777,0.5190476190476191
dtw_return_similarity_graph,edge_density_feature,1m,top10_member,4442,0.018115665505085685,-9.795485705359371e-05,-1.890230749536252e-05,-7.905254955823119e-05,0.5
dtw_return_similarity_graph,edge_density_feature,5m,top10_member,4431,0.025788043510784873,0.0002698374207289126,-0.0003571377198226656,0.0006269751405515782,0.5417607223476298
dtw_return_similarity_graph,edge_density_feature,15m,top10_member,4365,-0.004330043125591808,0.0006479031306523714,0.00010767401752258766,0.0005402291131297838,0.5344036697247706
dtw_return_similarity_graph,edge_density_feature,30m,top10_member,4207,-0.03729511163346642,0.00021854872258102572,0.0001282959781002876,9.025274448073813e-05,0.5190476190476191
dtw_return_similarity_graph,edge_density_feature,1m,core_weighted,4442,0.015597512492128702,-0.00010438151332233222,-4.675002752299049e-06,-9.970651057003318e-05,0.5022522522522522
dtw_return_similarity_graph,edge_density_feature,5m,core_weighted,4431,0.02705751386880515,0.00028240680593656566,-0.0003697325618659884,0.0006521393678025541,0.5395033860045146
dtw_return_similarity_graph,edge_density_feature,15m,core_weighted,4365,-0.008234994651726089,0.0006442704991288271,0.00013008332504587598,0.0005141871740829511,0.5389908256880734
dtw_return_similarity_graph,edge_density_feature,30m,core_weighted,4207,-0.038068050160730636,0.0002051690234905447,0.0001412459949567482,6.392302853379649e-05,0.5214285714285715
dtw_return_similarity_graph,community_avg_weight_feature,1m,equal_weight,4442,0.018600708909358263,0.0004110165693534357,-0.0004940960568500789,0.0009051126262035146,0.5180180180180181
dtw_return_similarity_graph,community_avg_weight_feature,5m,equal_weight,4431,0.0006865399492834509,-0.00033918490970002356,-0.00030633716583878694,-3.2847743861236624e-05,0.49435665914221216
dtw_return_similarity_graph,community_avg_weight_feature,15m,equal_weight,4365,-0.008601097666665497,0.00016304693402679793,-8.429640831055393e-05,0.00024734334233735185,0.48853211009174313
dtw_return_similarity_graph,community_avg_weight_feature,30m,equal_weight,4207,-0.022426805936855414,-0.0001466521514834933,0.00043027814837884526,-0.0005769302998623385,0.4785714285714286
dtw_return_similarity_graph,community_avg_weight_feature,1m,member_weight,4442,0.018600708909358263,0.0004110165693534357,-0.0004940960568500789,0.0009051126262035146,0.5180180180180181
dtw_return_similarity_graph,community_avg_weight_feature,5m,member_weight,4431,0.0006865399492834509,-0.00033918490970002356,-0.00030633716583878694,-3.2847743861236624e-05,0.49435665914221216
dtw_return_similarity_graph,community_avg_weight_feature,15m,member_weight,4365,-0.008601097666665497,0.00016304693402679793,-8.429640831055393e-05,0.00024734334233735185,0.48853211009174313
dtw_return_similarity_graph,community_avg_weight_feature,30m,member_weight,4207,-0.022426805936855414,-0.0001466521514834933,0.00043027814837884526,-0.0005769302998623385,0.4785714285714286
dtw_return_similarity_graph,community_avg_weight_feature,1m,top5_member,4442,0.01893979789057281,0.0004110165693534357,-0.0004940960568500789,0.0009051126262035146,0.5180180180180181
dtw_return_similarity_graph,community_avg_weight_feature,5m,top5_member,4431,-0.0013379296201876671,-0.00033918490970002356,-0.00030633716583878694,-3.2847743861236624e-05,0.49435665914221216
dtw_return_similarity_graph,community_avg_weight_feature,15m,top5_member,4365,-0.009557048764148778,0.00016304693402679793,-8.429640831055393e-05,0.00024734334233735185,0.48853211009174313
dtw_return_similarity_graph,community_avg_weight_feature,30m,top5_member,4207,-0.022495186104296565,-0.0001466521514834933,0.00043027814837884526,-0.0005769302998623385,0.4785714285714286
dtw_return_similarity_graph,community_avg_weight_feature,1m,top10_member,4442,0.018238982571454482,0.0004110165693534357,-0.0004940960568500789,0.0009051126262035146,0.5180180180180181
dtw_return_similarity_graph,community_avg_weight_feature,5m,top10_member,4431,0.00017453599542880684,-0.00033918490970002356,-0.00030633716583878694,-3.2847743861236624e-05,0.49435665914221216
dtw_return_similarity_graph,community_avg_weight_feature,15m,top10_member,4365,-0.009293003760828887,0.00016304693402679793,-8.429640831055393e-05,0.00024734334233735185,0.48853211009174313
dtw_return_similarity_graph,community_avg_weight_feature,30m,top10_member,4207,-0.0223714099545115,-0.0001466521514834933,0.00043027814837884526,-0.0005769302998623385,0.4785714285714286
dtw_return_similarity_graph,community_avg_weight_feature,1m,core_weighted,4442,0.01877799774327064,0.0004421690664436832,-0.0004900902611152378,0.000932259327558921,0.5112612612612613
dtw_return_similarity_graph,community_avg_weight_feature,5m,core_weighted,4431,-0.00025292158386038,-0.0003460568302608549,-0.00030479730559421344,-4.125952466664144e-05,0.49435665914221216
dtw_return_similarity_graph,community_avg_weight_feature,15m,core_weighted,4365,-0.009261477853281963,0.00016740621131659534,-6.802670550409383e-05,0.00023543291682068918,0.481651376146789
dtw_return_similarity_graph,community_avg_weight_feature,30m,core_weighted,4207,-0.02368200660767777,-0.0001462551908003381,0.0004378029870060036,-0.0005840581778063417,0.4714285714285714
dtw_return_similarity_graph,community_quality_score,1m,equal_weight,4442,0.018154255494967613,0.0004963989158408899,0.00024746587172934533,0.00024893304411154456,0.5135135135135135
dtw_return_similarity_graph,community_quality_score,5m,equal_weight,4431,0.005840551508059499,-0.0003181532017871741,1.9532898739886307e-05,-0.00033768610052706044,0.5079006772009029
dtw_return_similarity_graph,community_quality_score,15m,equal_weight,4365,-0.00571504663509065,-0.00019882352490497663,0.0005665681715493467,-0.0007653916964543233,0.481651376146789
dtw_return_similarity_graph,community_quality_score,30m,equal_weight,4207,-0.02391084283137156,-0.0005896902838782774,0.0009809428188600395,-0.0015706331027383169,0.46904761904761905
dtw_return_similarity_graph,community_quality_score,1m,member_weight,4442,0.018154255494967613,0.0004963989158408899,0.00024746587172934533,0.00024893304411154456,0.5135135135135135
dtw_return_similarity_graph,community_quality_score,5m,member_weight,4431,0.005840551508059499,-0.0003181532017871741,1.9532898739886307e-05,-0.00033768610052706044,0.5079006772009029
dtw_return_similarity_graph,community_quality_score,15m,member_weight,4365,-0.00571504663509065,-0.00019882352490497663,0.0005665681715493467,-0.0007653916964543233,0.481651376146789
dtw_return_similarity_graph,community_quality_score,30m,member_weight,4207,-0.02391084283137156,-0.0005896902838782774,0.0009809428188600395,-0.0015706331027383169,0.46904761904761905
dtw_return_similarity_graph,community_quality_score,1m,top5_member,4442,0.018052929682634146,0.0004963989158408899,0.00024547342810711764,0.00025092548773377225,0.5135135135135135
dtw_return_similarity_graph,community_quality_score,5m,top5_member,4431,0.006646522418104102,-0.0003181532017871741,-4.215282755251651e-05,-0.00027600037423465757,0.5079006772009029
dtw_return_similarity_graph,community_quality_score,15m,top5_member,4365,0.002611886580684524,-0.00019882352490497663,0.0003809007503904363,-0.000579724275295413,0.481651376146789
dtw_return_similarity_graph,community_quality_score,30m,top5_member,4207,-0.01992895907706513,-0.0005896902838782774,0.0008960196859503135,-0.001485709969828591,0.46904761904761905
dtw_return_similarity_graph,community_quality_score,1m,top10_member,4442,0.01960203226179086,0.0004963989158408899,0.0002524959256689948,0.0002439029901718951,0.5135135135135135
dtw_return_similarity_graph,community_quality_score,5m,top10_member,4431,0.005712345855999866,-0.0003181532017871741,3.1307642343929786e-05,-0.0003494608441311039,0.5079006772009029
dtw_return_similarity_graph,community_quality_score,15m,top10_member,4365,-0.003296970827353457,-0.00019882352490497663,0.0005156666733864907,-0.0007144901982914674,0.481651376146789
dtw_return_similarity_graph,community_quality_score,30m,top10_member,4207,-0.02282225485335059,-0.0005896902838782774,0.0009382415841871701,-0.0015279318680654474,0.46904761904761905
dtw_return_similarity_graph,community_quality_score,1m,core_weighted,4442,0.01823218547584069,0.0005161969674671819,0.0002462461836761295,0.0002699507837910524,0.509009009009009
dtw_return_similarity_graph,community_quality_score,5m,core_weighted,4431,0.00598006311704134,-0.0003261565395912335,2.276279366720736e-05,-0.00034891933325844086,0.510158013544018
dtw_return_similarity_graph,community_quality_score,15m,core_weighted,4365,-0.0054998166694429345,-0.0002007520703067129,0.00054294756508659,-0.000743699635393303,0.4793577981651376
dtw_return_similarity_graph,community_quality_score,30m,core_weighted,4207,-0.02410483918003222,-0.0005687444502734659,0.0009782466181573757,-0.0015469910684308415,0.46190476190476193
dtw_trade_flow_similarity_graph,community_mean_volume_z_12,1m,equal_weight,1640,-0.010031640068944287,0.0004247504710909013,-0.0002794064208761923,0.0007041568919670936,0.5365853658536586
dtw_trade_flow_similarity_graph,community_mean_volume_z_12,5m,equal_weight,1640,0.03350891445361201,0.0006689654807569673,-0.0007773382700056549,0.0014463037507626221,0.5304878048780488
dtw_trade_flow_similarity_graph,community_mean_volume_z_12,15m,equal_weight,1639,0.014807813203340304,0.0007667526355011142,-3.984050199001823e-05,0.0008065931374911324,0.5337423312883436
dtw_trade_flow_similarity_graph,community_mean_volume_z_12,30m,equal_weight,1638,0.01822869680290218,0.0001557165362101466,0.0005309895234670656,-0.0003752729872569191,0.5705521472392638
dtw_trade_flow_similarity_graph,community_mean_volume_z_12,1m,member_weight,1640,-0.010031640068944287,0.0004247504710909013,-0.0002794064208761923,0.0007041568919670936,0.5365853658536586
dtw_trade_flow_similarity_graph,community_mean_volume_z_12,5m,member_weight,1640,0.03350891445361201,0.0006689654807569673,-0.0007773382700056549,0.0014463037507626221,0.5304878048780488
dtw_trade_flow_similarity_graph,community_mean_volume_z_12,15m,member_weight,1639,0.014807813203340304,0.0007667526355011142,-3.984050199001823e-05,0.0008065931374911324,0.5337423312883436
dtw_trade_flow_similarity_graph,community_mean_volume_z_12,30m,member_weight,1638,0.01822869680290218,0.0001557165362101466,0.0005309895234670656,-0.0003752729872569191,0.5705521472392638
dtw_trade_flow_similarity_graph,community_mean_volume_z_12,1m,top5_member,1640,-0.008544786357747244,0.0004218645921859354,-0.0002316073925412916,0.000653471984727227,0.5365853658536586
dtw_trade_flow_similarity_graph,community_mean_volume_z_12,5m,top5_member,1640,0.02896392374843536,0.0005967868139899978,-0.0007904729785399131,0.001387259792529911,0.5
dtw_trade_flow_similarity_graph,community_mean_volume_z_12,15m,top5_member,1639,0.014030500810956519,0.0007225390716070959,-6.362271900293053e-06,0.000728901343507389,0.5276073619631901
dtw_trade_flow_similarity_graph,community_mean_volume_z_12,30m,top5_member,1638,0.020245047659501178,0.00016126215016029068,0.0005326963437305331,-0.00037143419357024243,0.5766871165644172
dtw_trade_flow_similarity_graph,community_mean_volume_z_12,1m,top10_member,1640,-0.013681660116769223,0.00039449247388456974,-0.0002794064208761923,0.000673898894760762,0.5304878048780488
dtw_trade_flow_similarity_graph,community_mean_volume_z_12,5m,top10_member,1640,0.02930074293145024,0.0005982051866187063,-0.0007773382700056549,0.001375543456624361,0.5
dtw_trade_flow_similarity_graph,community_mean_volume_z_12,15m,top10_member,1639,0.0113394217657437,0.0006303389861034837,-3.984050199001823e-05,0.0006701794880935019,0.50920245398773
dtw_trade_flow_similarity_graph,community_mean_volume_z_12,30m,top10_member,1638,0.011580251005194423,-4.623466028027181e-05,0.0005309895234670656,-0.0005772241837473374,0.5398773006134969
dtw_trade_flow_similarity_graph,community_mean_volume_z_12,1m,core_weighted,1640,-0.010595363147557511,0.00042072254667578873,-0.0002878606765951531,0.0007085832232709418,0.5304878048780488
dtw_trade_flow_similarity_graph,community_mean_volume_z_12,5m,core_weighted,1640,0.03378588248038573,0.000714039845768016,-0.0007781713536234973,0.0014922111993915133,0.5304878048780488
dtw_trade_flow_similarity_graph,community_mean_volume_z_12,15m,core_weighted,1639,0.014804921458752033,0.0008184838609401321,-2.966615706710747e-05,0.0008481500180072396,0.5337423312883436
dtw_trade_flow_similarity_graph,community_mean_volume_z_12,30m,core_weighted,1638,0.02093761321015393,0.00027502857786804586,0.00048277849194607215,-0.0002077499140780263,0.5766871165644172
dtw_trade_flow_similarity_graph,community_avg_weight_feature,1m,equal_weight,1640,-0.08236180042812218,-0.0002487815419613644,0.0007690032095978125,-0.001017784751559177,0.5304878048780488
dtw_trade_flow_similarity_graph,community_avg_weight_feature,5m,equal_weight,1640,-0.045011317826794246,-0.0007658946241824055,0.0005916376053046066,-0.0013575322294870121,0.43902439024390244
dtw_trade_flow_similarity_graph,community_avg_weight_feature,15m,equal_weight,1639,0.0005617915852399337,-0.00032263483334342213,-0.0011375882255734143,0.0008149533922299922,0.4539877300613497
dtw_trade_flow_similarity_graph,community_avg_weight_feature,30m,equal_weight,1638,-0.024179871819175743,-0.0003780044476491794,-0.0009108911023293937,0.0005328866546802143,0.50920245398773
dtw_trade_flow_similarity_graph,community_avg_weight_feature,1m,member_weight,1640,-0.08236180042812218,-0.0002487815419613644,0.0007690032095978125,-0.001017784751559177,0.5304878048780488
dtw_trade_flow_similarity_graph,community_avg_weight_feature,5m,member_weight,1640,-0.045011317826794246,-0.0007658946241824055,0.0005916376053046066,-0.0013575322294870121,0.43902439024390244
dtw_trade_flow_similarity_graph,community_avg_weight_feature,15m,member_weight,1639,0.0005617915852399337,-0.00032263483334342213,-0.0011375882255734143,0.0008149533922299922,0.4539877300613497
dtw_trade_flow_similarity_graph,community_avg_weight_feature,30m,member_weight,1638,-0.024179871819175743,-0.0003780044476491794,-0.0009108911023293937,0.0005328866546802143,0.50920245398773
dtw_trade_flow_similarity_graph,community_avg_weight_feature,1m,top5_member,1640,-0.07484657478656927,-0.0002433012607297445,0.0007690032095978125,-0.001012304470327557,0.5365853658536586
dtw_trade_flow_similarity_graph,community_avg_weight_feature,5m,top5_member,1640,-0.04499663933026687,-0.0008792920725560862,0.0005916376053046066,-0.0014709296778606927,0.45121951219512196
dtw_trade_flow_similarity_graph,community_avg_weight_feature,15m,top5_member,1639,0.0005555801939833573,-0.0003261829053696104,-0.0011375882255734143,0.0008114053202038039,0.4539877300613497
dtw_trade_flow_similarity_graph,community_avg_weight_feature,30m,top5_member,1638,-0.021011065268322717,-0.00036636176819056243,-0.0009108911023293937,0.0005445293341388313,0.5030674846625767
dtw_trade_flow_similarity_graph,community_avg_weight_feature,1m,top10_member,1640,-0.08158822828921174,-0.0002578114166178854,0.0007690032095978125,-0.0010268146262156978,0.5365853658536586
dtw_trade_flow_similarity_graph,community_avg_weight_feature,5m,top10_member,1640,-0.04510887657477308,-0.0007817795056822253,0.0005916376053046066,-0.0013734171109868317,0.4451219512195122
dtw_trade_flow_similarity_graph,community_avg_weight_feature,15m,top10_member,1639,-0.0015517671574379846,-0.0003657842570331647,-0.0011375882255734143,0.0007718039685402496,0.44785276073619634
dtw_trade_flow_similarity_graph,community_avg_weight_feature,30m,top10_member,1638,-0.022634244155413107,-0.0003733908869077447,-0.0009108911023293937,0.000537500215421649,0.5153374233128835
dtw_trade_flow_similarity_graph,community_avg_weight_feature,1m,core_weighted,1640,-0.08112430155823784,-0.00023935508131641637,0.0007499000899678957,-0.0009892551712843121,0.5060975609756098
dtw_trade_flow_similarity_graph,community_avg_weight_feature,5m,core_weighted,1640,-0.045919333349072396,-0.0007857489839405871,0.0005956451246501979,-0.001381394108590785,0.4451219512195122
dtw_trade_flow_similarity_graph,community_avg_weight_feature,15m,core_weighted,1639,0.0023868299775794684,-0.0003574223819650255,-0.0011163867164435091,0.0007589643344784836,0.4601226993865031
dtw_trade_flow_similarity_graph,community_avg_weight_feature,30m,core_weighted,1638,-0.024035367748456687,-0.0004079607341629894,-0.0008538354240968626,0.0004458746899338732,0.5030674846625767
dtw_trade_flow_similarity_graph,edge_density_feature,1m,equal_weight,1640,0.020291023352163876,0.0001513436910426263,-5.35577390547023e-05,0.00020490143009732858,0.5060975609756098
dtw_trade_flow_similarity_graph,edge_density_feature,5m,equal_weight,1640,-0.05354927317475963,-0.00033722453877401315,5.638481259727809e-05,-0.0003936093513712912,0.5121951219512195
dtw_trade_flow_similarity_graph,edge_density_feature,15m,equal_weight,1639,-0.06599412487572215,-0.0009818349716035452,5.544473309858514e-05,-0.0010372797047021303,0.4723926380368098
dtw_trade_flow_similarity_graph,edge_density_feature,30m,equal_weight,1638,-0.04648885987533461,-0.0005061547420341287,0.00024348890091589696,-0.0007496436429500256,0.48466257668711654
dtw_trade_flow_similarity_graph,edge_density_feature,1m,member_weight,1640,0.020291023352163876,0.0001513436910426263,-5.35577390547023e-05,0.00020490143009732858,0.5060975609756098
dtw_trade_flow_similarity_graph,edge_density_feature,5m,member_weight,1640,-0.05354927317475963,-0.00033722453877401315,5.638481259727809e-05,-0.0003936093513712912,0.5121951219512195
dtw_trade_flow_similarity_graph,edge_density_feature,15m,member_weight,1639,-0.06599412487572215,-0.0009818349716035452,5.544473309858514e-05,-0.0010372797047021303,0.4723926380368098
dtw_trade_flow_similarity_graph,edge_density_feature,30m,member_weight,1638,-0.04648885987533461,-0.0005061547420341287,0.00024348890091589696,-0.0007496436429500256,0.48466257668711654
dtw_trade_flow_similarity_graph,edge_density_feature,1m,top5_member,1640,0.010234398678390448,0.0001513436910426263,-3.8967923775294786e-05,0.00019031161481792108,0.5060975609756098
dtw_trade_flow_similarity_graph,edge_density_feature,5m,top5_member,1640,-0.04601888415982763,-0.00033722453877401315,-6.0875704925526537e-05,-0.0002763488338484866,0.5121951219512195
dtw_trade_flow_similarity_graph,edge_density_feature,15m,top5_member,1639,-0.05856333126084418,-0.0009818349716035452,-8.636074878159998e-05,-0.0008954742228219453,0.4723926380368098
dtw_trade_flow_similarity_graph,edge_density_feature,30m,top5_member,1638,-0.04576879118710717,-0.0005061547420341287,7.77377803499915e-05,-0.0005838925223841201,0.48466257668711654
dtw_trade_flow_similarity_graph,edge_density_feature,1m,top10_member,1640,0.024353429013669808,0.0001513436910426263,-8.372881856456975e-05,0.00023507250960719603,0.5060975609756098
dtw_trade_flow_similarity_graph,edge_density_feature,5m,top10_member,1640,-0.046804657033682924,-0.00033722453877401315,-3.9517934806554154e-05,-0.000297706603967459,0.5121951219512195
dtw_trade_flow_similarity_graph,edge_density_feature,15m,top10_member,1639,-0.05663359701262263,-0.0009818349716035452,-0.00015487621238206267,-0.0008269587592214826,0.4723926380368098
dtw_trade_flow_similarity_graph,edge_density_feature,30m,top10_member,1638,-0.03971198785077021,-0.0005061547420341287,2.8045607204668507e-05,-0.0005342003492387971,0.48466257668711654
dtw_trade_flow_similarity_graph,edge_density_feature,1m,core_weighted,1640,0.01905831134233039,0.00014596794431458355,-5.6052192348290336e-05,0.00020202013666287388,0.5060975609756098
dtw_trade_flow_similarity_graph,edge_density_feature,5m,core_weighted,1640,-0.05432226205444658,-0.0002971135210476323,6.41990592685159e-05,-0.0003613125803161482,0.5182926829268293
dtw_trade_flow_similarity_graph,edge_density_feature,15m,core_weighted,1639,-0.06585657000960371,-0.0009234638324345497,4.5009257434638747e-05,-0.0009684730898691884,0.4785276073619632
dtw_trade_flow_similarity_graph,edge_density_feature,30m,core_weighted,1638,-0.048063070251176954,-0.0004428571875003116,0.0002131049416109673,-0.0006559621291112789,0.49079754601226994
dtw_trade_flow_similarity_graph,community_quality_score,1m,equal_weight,1640,-0.02645831225903839,-0.00013727898987005258,0.000151245228883699,-0.00028852421875375157,0.524390243902439
dtw_trade_flow_similarity_graph,community_quality_score,5m,equal_weight,1640,-0.04897826465677724,-0.0002432484924704682,-5.590866927447105e-05,-0.00018733982319599717,0.4817073170731707
dtw_trade_flow_similarity_graph,community_quality_score,15m,equal_weight,1639,-0.057622031018610395,-0.0005878399130394336,0.0003005610574027013,-0.000888400970442135,0.44785276073619634
dtw_trade_flow_similarity_graph,community_quality_score,30m,equal_weight,1638,-0.06348385483216396,-0.0006232738588662123,0.0012178361578955464,-0.0018411100167617586,0.4723926380368098
dtw_trade_flow_similarity_graph,community_quality_score,1m,member_weight,1640,-0.02645831225903839,-0.00013727898987005258,0.000151245228883699,-0.00028852421875375157,0.524390243902439
dtw_trade_flow_similarity_graph,community_quality_score,5m,member_weight,1640,-0.04897826465677724,-0.0002432484924704682,-5.590866927447105e-05,-0.00018733982319599717,0.4817073170731707
dtw_trade_flow_similarity_graph,community_quality_score,15m,member_weight,1639,-0.057622031018610395,-0.0005878399130394336,0.0003005610574027013,-0.000888400970442135,0.44785276073619634
dtw_trade_flow_similarity_graph,community_quality_score,30m,member_weight,1638,-0.06348385483216396,-0.0006232738588662123,0.0012178361578955464,-0.0018411100167617586,0.4723926380368098
dtw_trade_flow_similarity_graph,community_quality_score,1m,top5_member,1640,-0.030454350885113855,-0.00013332743276473275,0.00013044948497951568,-0.0002637769177442484,0.5365853658536586
dtw_trade_flow_similarity_graph,community_quality_score,5m,top5_member,1640,-0.04900244316364511,-0.0002407600142620797,-8.358827984988484e-05,-0.00015717173441219485,0.4878048780487805
dtw_trade_flow_similarity_graph,community_quality_score,15m,top5_member,1639,-0.05163189112359771,-0.000548001787202212,0.0002485971242903713,-0.0007965989114925834,0.4539877300613497
dtw_trade_flow_similarity_graph,community_quality_score,30m,top5_member,1638,-0.061257090109175114,-0.0005606051644907347,0.001092797333437122,-0.0016534024979278567,0.4723926380368098
dtw_trade_flow_similarity_graph,community_quality_score,1m,top10_member,1640,-0.02405044855054632,-0.00013530286382263944,0.00012815940022799729,-0.0002634622640506367,0.524390243902439
dtw_trade_flow_similarity_graph,community_quality_score,5m,top10_member,1640,-0.04614667652942988,-0.00024677182971600387,-0.00011569616468824332,-0.00013107566502776054,0.4817073170731707
dtw_trade_flow_similarity_graph,community_quality_score,15m,top10_member,1639,-0.05403457928827678,-0.0005906516590849717,0.00018702598927673177,-0.0007776776483617035,0.44785276073619634
dtw_trade_flow_similarity_graph,community_quality_score,30m,top10_member,1638,-0.05811497004812772,-0.000620341218086005,0.0010184999177221708,-0.0016388411358081757,0.4723926380368098
dtw_trade_flow_similarity_graph,community_quality_score,1m,core_weighted,1640,-0.02685685838848329,-0.0001294069516781989,0.00015372384948170918,-0.0002831308011599081,0.5060975609756098
dtw_trade_flow_similarity_graph,community_quality_score,5m,core_weighted,1640,-0.050684438847236855,-0.00022669573766296433,-4.90869103600561e-05,-0.00017760882730290822,0.4817073170731707
dtw_trade_flow_similarity_graph,community_quality_score,15m,core_weighted,1639,-0.057525627721879295,-0.0005591731892488099,0.0002823855341856457,-0.0008415587234344556,0.4539877300613497
dtw_trade_flow_similarity_graph,community_quality_score,30m,core_weighted,1638,-0.06511340798436101,-0.0005969264654327345,0.0011707818715502507,-0.0017677083369829851,0.4662576687116564
flow_alignment_graph,community_member_count,1m,equal_weight,27127,0.010659178751515761,6.815214543734768e-05,-0.0001513456058123936,0.00021949775124974126,0.5051622418879056
flow_alignment_graph,community_member_count,5m,equal_weight,27044,0.011220737971687112,-1.0343271424545353e-05,-0.00011135868253505048,0.00010101541111050513,0.4918639053254438
flow_alignment_graph,community_member_count,15m,equal_weight,26980,0.027792958474579663,5.654187278614714e-05,-0.00014377793583045454,0.00020031980861660167,0.5114899925871016
flow_alignment_graph,community_member_count,30m,equal_weight,26903,0.016067140844699908,9.27637803726994e-05,-0.00031992862953726274,0.00041269240990996213,0.5059479553903345
flow_alignment_graph,community_member_count,1m,member_weight,27127,0.010659178751515761,6.815214543734768e-05,-0.0001513456058123936,0.00021949775124974126,0.5051622418879056
flow_alignment_graph,community_member_count,5m,member_weight,27044,0.011220737971687112,-1.0343271424545353e-05,-0.00011135868253505048,0.00010101541111050513,0.4918639053254438
flow_alignment_graph,community_member_count,15m,member_weight,26980,0.027792958474579663,5.654187278614714e-05,-0.00014377793583045454,0.00020031980861660167,0.5114899925871016
flow_alignment_graph,community_member_count,30m,member_weight,26903,0.016067140844699908,9.27637803726994e-05,-0.00031992862953726274,0.00041269240990996213,0.5059479553903345
flow_alignment_graph,community_member_count,1m,top5_member,27127,0.008183449349137563,0.00011835084919142135,-0.0001513456058123936,0.00026969645500381494,0.49078171091445427
flow_alignment_graph,community_member_count,5m,top5_member,26971,0.01062441215002469,0.00010132788628659777,-0.00010289581252462859,0.00020422369881122635,0.4957360029662588
flow_alignment_graph,community_member_count,15m,top5_member,26603,0.014092389601616363,9.835955572887813e-05,-0.00023583716844260285,0.00033419672417148096,0.48120300751879697
flow_alignment_graph,community_member_count,30m,top5_member,25912,0.008922210515850014,0.0001673113411219098,-0.000646296401026384,0.0008136077421482938,0.4862987263604786
flow_alignment_graph,community_member_count,1m,top10_member,27127,0.007247281828088917,9.880527042628853e-05,-0.0001513456058123936,0.0002501508762386821,0.5014749262536873
flow_alignment_graph,community_member_count,5m,top10_member,27025,0.010761408359160786,8.975138206622924e-05,-5.2882208813550137e-05,0.00014263359087977938,0.5074019245003701
flow_alignment_graph,community_member_count,15m,top10_member,26802,0.01788981641467295,0.00012431452506537547,-0.0002129258426699516,0.00033724036773532704,0.5033582089552239
flow_alignment_graph,community_member_count,30m,top10_member,26322,0.009068757177777068,0.00014100251242628534,-0.0002939594482033371,0.0004349619606296225,0.4848024316109423
flow_alignment_graph,community_member_count,1m,core_weighted,27127,0.010385559055085874,6.753178276789601e-05,-0.00016559517456136972,0.00023312695732926572,0.5051622418879056
flow_alignment_graph,community_member_count,5m,core_weighted,27044,0.010239942776898782,-1.0943156506571409e-05,-0.0001207587351378672,0.0001098155786312958,0.4907544378698225
flow_alignment_graph,community_member_count,15m,core_weighted,26980,0.027140610348430842,6.17462436672247e-05,-0.00015905055191523044,0.00022079679558245516,0.508524833209785
flow_alignment_graph,community_member_count,30m,core_weighted,26903,0.015999792418876748,0.00010987694259827663,-0.00032355501220479414,0.00043343195480307077,0.5022304832713754
flow_alignment_graph,flow_member_count_z,1m,equal_weight,27127,0.010659178751515761,6.815214543734768e-05,-0.0001513456058123936,0.00021949775124974126,0.5051622418879056
flow_alignment_graph,flow_member_count_z,5m,equal_weight,27044,0.011220737971687112,-1.0343271424545353e-05,-0.00011135868253505048,0.00010101541111050513,0.4918639053254438
flow_alignment_graph,flow_member_count_z,15m,equal_weight,26980,0.027792958474579663,5.654187278614714e-05,-0.00014377793583045454,0.00020031980861660167,0.5114899925871016
flow_alignment_graph,flow_member_count_z,30m,equal_weight,26903,0.016067140844699908,9.27637803726994e-05,-0.00031992862953726274,0.00041269240990996213,0.5059479553903345
flow_alignment_graph,flow_member_count_z,1m,member_weight,27127,0.010659178751515761,6.815214543734768e-05,-0.0001513456058123936,0.00021949775124974126,0.5051622418879056
flow_alignment_graph,flow_member_count_z,5m,member_weight,27044,0.011220737971687112,-1.0343271424545353e-05,-0.00011135868253505048,0.00010101541111050513,0.4918639053254438
flow_alignment_graph,flow_member_count_z,15m,member_weight,26980,0.027792958474579663,5.654187278614714e-05,-0.00014377793583045454,0.00020031980861660167,0.5114899925871016
flow_alignment_graph,flow_member_count_z,30m,member_weight,26903,0.016067140844699908,9.27637803726994e-05,-0.00031992862953726274,0.00041269240990996213,0.5059479553903345
flow_alignment_graph,flow_member_count_z,1m,top5_member,27127,0.008183449349137563,0.00011835084919142135,-0.0001513456058123936,0.00026969645500381494,0.49078171091445427
flow_alignment_graph,flow_member_count_z,5m,top5_member,26971,0.01062441215002469,0.00010132788628659777,-0.00010289581252462859,0.00020422369881122635,0.4957360029662588
flow_alignment_graph,flow_member_count_z,15m,top5_member,26603,0.014092389601616363,9.835955572887813e-05,-0.00023583716844260285,0.00033419672417148096,0.48120300751879697
flow_alignment_graph,flow_member_count_z,30m,top5_member,25912,0.008922210515850014,0.0001673113411219098,-0.000646296401026384,0.0008136077421482938,0.4862987263604786
flow_alignment_graph,flow_member_count_z,1m,top10_member,27127,0.007247281828088917,9.880527042628853e-05,-0.0001513456058123936,0.0002501508762386821,0.5014749262536873
flow_alignment_graph,flow_member_count_z,5m,top10_member,27025,0.010761408359160786,8.975138206622924e-05,-5.2882208813550137e-05,0.00014263359087977938,0.5074019245003701
flow_alignment_graph,flow_member_count_z,15m,top10_member,26802,0.01788981641467295,0.00012431452506537547,-0.0002129258426699516,0.00033724036773532704,0.5033582089552239
flow_alignment_graph,flow_member_count_z,30m,top10_member,26322,0.009068757177777068,0.00014100251242628534,-0.0002939594482033371,0.0004349619606296225,0.4848024316109423
flow_alignment_graph,flow_member_count_z,1m,core_weighted,27127,0.010385559055085874,6.753178276789601e-05,-0.00016559517456136972,0.00023312695732926572,0.5051622418879056
flow_alignment_graph,flow_member_count_z,5m,core_weighted,27044,0.010239942776898782,-1.0943156506571409e-05,-0.0001207587351378672,0.0001098155786312958,0.4907544378698225
flow_alignment_graph,flow_member_count_z,15m,core_weighted,26980,0.027140610348430842,6.17462436672247e-05,-0.00015905055191523044,0.00022079679558245516,0.508524833209785
flow_alignment_graph,flow_member_count_z,30m,core_weighted,26903,0.015999792418876748,0.00010987694259827663,-0.00032355501220479414,0.00043343195480307077,0.5022304832713754
flow_alignment_graph,flow_layer_participation_ratio,1m,equal_weight,27127,-0.006966021629670218,8.388741341563117e-05,0.00010075247276438573,-1.6865059348754557e-05,0.4664454277286136
flow_alignment_graph,flow_layer_participation_ratio,5m,equal_weight,27044,-0.003322044309422394,-0.0001271182280722,0.0004417374735713294,-0.0005688557016435294,0.4718934911242604
flow_alignment_graph,flow_layer_participation_ratio,15m,equal_weight,26980,-0.004854661888027761,-6.630964129151205e-05,0.00024553714130176905,-0.0003118467825932811,0.48962194217939214
flow_alignment_graph,flow_layer_participation_ratio,30m,equal_weight,26903,-0.01193727951874213,5.7099354331457306e-05,4.047800440417237e-05,1.662134992728494e-05,0.4933085501858736
flow_alignment_graph,flow_layer_participation_ratio,1m,member_weight,27127,-0.006966021629670218,8.388741341563117e-05,0.00010075247276438573,-1.6865059348754557e-05,0.4664454277286136
flow_alignment_graph,flow_layer_participation_ratio,5m,member_weight,27044,-0.003322044309422394,-0.0001271182280722,0.0004417374735713294,-0.0005688557016435294,0.4718934911242604
flow_alignment_graph,flow_layer_participation_ratio,15m,member_weight,26980,-0.004854661888027761,-6.630964129151205e-05,0.00024553714130176905,-0.0003118467825932811,0.48962194217939214
flow_alignment_graph,flow_layer_participation_ratio,30m,member_weight,26903,-0.01193727951874213,5.7099354331457306e-05,4.047800440417237e-05,1.662134992728494e-05,0.4933085501858736
flow_alignment_graph,flow_layer_participation_ratio,1m,top5_member,27127,-0.00570852906062031,6.105758280158388e-05,7.218997804350534e-05,-1.1132395241921454e-05,0.4859882005899705
flow_alignment_graph,flow_layer_participation_ratio,5m,top5_member,26971,-0.007696017690244861,-0.0001859059614753634,0.000459221231417643,-0.0006451271928930064,0.44456803856136445
flow_alignment_graph,flow_layer_participation_ratio,15m,top5_member,26603,-0.0014419678963054094,-0.000268700434052475,0.00017044563372907716,-0.00043914606778155214,0.4488721804511278
flow_alignment_graph,flow_layer_participation_ratio,30m,top5_member,25912,-0.008569314826882373,-0.00013729003411003395,-0.000631395793652857,0.0004941057595428231,0.4654573523736009
flow_alignment_graph,flow_layer_participation_ratio,1m,top10_member,27127,-0.012226711414110854,5.242141335061023e-05,6.930782582932351e-05,-1.6886412478713282e-05,0.474188790560472
flow_alignment_graph,flow_layer_participation_ratio,5m,top10_member,27025,-0.011211736432980107,-0.00022571900495439978,0.00038218769507592166,-0.0006079067000303214,0.44226498889711324
flow_alignment_graph,flow_layer_participation_ratio,15m,top10_member,26802,-0.0025530456551927714,-0.0002417456264493062,0.00014251132350981633,-0.0003842569499591225,0.4455223880597015
flow_alignment_graph,flow_layer_participation_ratio,30m,top10_member,26322,-0.008465318456261575,-5.5079636267181214e-05,-0.0007996617773199271,0.0007445821410527459,0.4703647416413374
flow_alignment_graph,flow_layer_participation_ratio,1m,core_weighted,27127,-0.007011716632159913,8.09734397578669e-05,9.746308216057107e-05,-1.6489642402704163e-05,0.4638643067846608
flow_alignment_graph,flow_layer_participation_ratio,5m,core_weighted,27044,-0.004002456203424698,-0.0001322813312987982,0.000469716179795339,-0.0006019975110941372,0.46708579881656803
flow_alignment_graph,flow_layer_participation_ratio,15m,core_weighted,26980,-0.00529695269958908,-6.975583801423914e-05,0.0003011535119399262,-0.0003709093499541653,0.48665678280207564
flow_alignment_graph,flow_layer_participation_ratio,30m,core_weighted,26903,-0.010699202884874612,8.25637002044121e-05,8.757867270071782e-05,-5.0149724963057234e-06,0.4955390334572491
flow_alignment_graph,flow_breadth_expansion,1m,equal_weight,27127,-0.006143155394897055,-2.6547775052280244e-05,0.0002513813915691759,-0.00027792916662145616,0.48930678466076694
flow_alignment_graph,flow_breadth_expansion,5m,equal_weight,27044,-0.026407925315478347,-0.0004827112377101203,0.0006156549130280293,-0.0010983661507381495,0.47004437869822485
flow_alignment_graph,flow_breadth_expansion,15m,equal_weight,26980,-0.026982238989893804,-0.0004109548301615879,0.0009605735911380434,-0.0013715284212996314,0.4633061527057079
flow_alignment_graph,flow_breadth_expansion,30m,equal_weight,26903,0.0055108940041638885,-2.7762342444912265e-06,0.0015461903920995488,-0.0015489666263440401,0.5234200743494424
flow_alignment_graph,flow_breadth_expansion,1m,member_weight,27127,-0.006143155394897055,-2.6547775052280244e-05,0.0002513813915691759,-0.00027792916662145616,0.48930678466076694
flow_alignment_graph,flow_breadth_expansion,5m,member_weight,27044,-0.026407925315478347,-0.0004827112377101203,0.0006156549130280293,-0.0010983661507381495,0.47004437869822485
flow_alignment_graph,flow_breadth_expansion,15m,member_weight,26980,-0.026982238989893804,-0.0004109548301615879,0.0009605735911380434,-0.0013715284212996314,0.4633061527057079
flow_alignment_graph,flow_breadth_expansion,30m,member_weight,26903,0.0055108940041638885,-2.7762342444912265e-06,0.0015461903920995488,-0.0015489666263440401,0.5234200743494424
flow_alignment_graph,flow_breadth_expansion,1m,top5_member,27127,-0.0008027036556475189,-3.4746901293572465e-05,0.00020153352669531241,-0.00023628042798888487,0.497787610619469
flow_alignment_graph,flow_breadth_expansion,5m,top5_member,26971,-0.016058610275195895,-0.0004984589253394843,0.0006212794610735726,-0.0011197383864130568,0.4690396737115313
flow_alignment_graph,flow_breadth_expansion,15m,top5_member,26603,-0.014459639862471608,-0.0005048243847677509,0.0008072335243813876,-0.0013120579091491385,0.4642857142857143
flow_alignment_graph,flow_breadth_expansion,30m,top5_member,25912,0.01462671132831694,5.24779815738963e-05,-0.00017946296436893998,0.00023194094594283627,0.5082979544577383
flow_alignment_graph,flow_breadth_expansion,1m,top10_member,27127,-0.0049892594289376825,-2.580076120937033e-05,0.00023211875460817685,-0.00025791951581754716,0.4944690265486726
flow_alignment_graph,flow_breadth_expansion,5m,top10_member,27025,-0.015251651761419589,-0.00046505945729531715,0.0005900200369864872,-0.0010550794942818043,0.46965210954848263
flow_alignment_graph,flow_breadth_expansion,15m,top10_member,26802,-0.010822144814528206,-0.0004534271252282935,0.0008001347239175471,-0.0012535618491458407,0.47313432835820896
flow_alignment_graph,flow_breadth_expansion,30m,top10_member,26322,0.010435398762062958,-2.0106963964410983e-05,0.0004369268054740541,-0.0004570337694384651,0.5015197568389058
flow_alignment_graph,flow_breadth_expansion,1m,core_weighted,27127,-0.004899516386345744,-3.403041632193988e-05,0.00025165725087081286,-0.0002856876671927527,0.4915191740412979
flow_alignment_graph,flow_breadth_expansion,5m,core_weighted,27044,-0.026068099975345205,-0.00048080083590130036,0.0006309184661092157,-0.0011117193020105161,0.47226331360946744
flow_alignment_graph,flow_breadth_expansion,15m,core_weighted,26980,-0.02659941024072759,-0.0004074999960712986,0.001022248321043553,-0.0014297483171148515,0.4603409933283914
flow_alignment_graph,flow_breadth_expansion,30m,core_weighted,26903,0.006434341681591293,-5.279028526768535e-07,0.0015937110901477873,-0.0015942389930004642,0.5267657992565056
flow_alignment_graph,community_mean_flow_impulse_score,1m,equal_weight,0,,,,,
flow_alignment_graph,community_mean_flow_impulse_score,5m,equal_weight,0,,,,,
flow_alignment_graph,community_mean_flow_impulse_score,15m,equal_weight,0,,,,,
flow_alignment_graph,community_mean_flow_impulse_score,30m,equal_weight,0,,,,,
flow_alignment_graph,community_mean_flow_impulse_score,1m,member_weight,0,,,,,
flow_alignment_graph,community_mean_flow_impulse_score,5m,member_weight,0,,,,,
flow_alignment_graph,community_mean_flow_impulse_score,15m,member_weight,0,,,,,
flow_alignment_graph,community_mean_flow_impulse_score,30m,member_weight,0,,,,,
flow_alignment_graph,community_mean_flow_impulse_score,1m,top5_member,0,,,,,
flow_alignment_graph,community_mean_flow_impulse_score,5m,top5_member,0,,,,,
flow_alignment_graph,community_mean_flow_impulse_score,15m,top5_member,0,,,,,
flow_alignment_graph,community_mean_flow_impulse_score,30m,top5_member,0,,,,,
flow_alignment_graph,community_mean_flow_impulse_score,1m,top10_member,0,,,,,
flow_alignment_graph,community_mean_flow_impulse_score,5m,top10_member,0,,,,,
flow_alignment_graph,community_mean_flow_impulse_score,15m,top10_member,0,,,,,
flow_alignment_graph,community_mean_flow_impulse_score,30m,top10_member,0,,,,,
flow_alignment_graph,community_mean_flow_impulse_score,1m,core_weighted,0,,,,,
flow_alignment_graph,community_mean_flow_impulse_score,5m,core_weighted,0,,,,,
flow_alignment_graph,community_mean_flow_impulse_score,15m,core_weighted,0,,,,,
flow_alignment_graph,community_mean_flow_impulse_score,30m,core_weighted,0,,,,,
flow_alignment_graph,community_quality_score,1m,equal_weight,27127,-0.004962869443582123,-0.00014488716637830212,0.00010699925401742322,-0.00025188642039572533,0.49336283185840707
flow_alignment_graph,community_quality_score,5m,equal_weight,27044,-0.003828429739036181,-0.00015006595801232624,-2.1022910022705334e-05,-0.00012904304798962092,0.4870562130177515
flow_alignment_graph,community_quality_score,15m,equal_weight,26980,-0.023264229686084964,-0.0004792482844837039,4.917993147846317e-05,-0.000528428215962167,0.47516679021497404
flow_alignment_graph,community_quality_score,30m,equal_weight,26903,-0.015024250524483598,-0.000496985704320017,0.00013057939701493357,-0.0006275651013349506,0.4795539033457249
flow_alignment_graph,community_quality_score,1m,member_weight,27127,-0.004962869443582123,-0.00014488716637830212,0.00010699925401742322,-0.00025188642039572533,0.49336283185840707
flow_alignment_graph,community_quality_score,5m,member_weight,27044,-0.003828429739036181,-0.00015006595801232624,-2.1022910022705334e-05,-0.00012904304798962092,0.4870562130177515
flow_alignment_graph,community_quality_score,15m,member_weight,26980,-0.023264229686084964,-0.0004792482844837039,4.917993147846317e-05,-0.000528428215962167,0.47516679021497404
flow_alignment_graph,community_quality_score,30m,member_weight,26903,-0.015024250524483598,-0.000496985704320017,0.00013057939701493357,-0.0006275651013349506,0.4795539033457249
flow_alignment_graph,community_quality_score,1m,top5_member,27127,-0.002193226705882085,-0.00016229118881520466,0.0001319427880414117,-0.0002942339768566164,0.4918879056047198
flow_alignment_graph,community_quality_score,5m,top5_member,26971,-0.005013634188329894,-0.0001520461939352857,8.460874481026144e-05,-0.00023665493874554713,0.4916573971078977
flow_alignment_graph,community_quality_score,15m,top5_member,26603,-0.01153135297900209,-0.0005037980487990004,-5.680780361829364e-05,-0.00044699024518070677,0.4763157894736842
flow_alignment_graph,community_quality_score,30m,top5_member,25912,-0.008604488876935113,-0.0006052081025543407,0.0001136193848960042,-0.0007188274874503449,0.4797375530683134
flow_alignment_graph,community_quality_score,1m,top10_member,27127,-0.007458413455831854,-0.00014703574548329554,0.00014938306321430792,-0.00029641880869760346,0.49004424778761063
flow_alignment_graph,community_quality_score,5m,top10_member,27025,-0.00793009990473019,-0.00014144303522348414,8.906774921087988e-05,-0.00023051078443436402,0.48815692079940787
flow_alignment_graph,community_quality_score,15m,top10_member,26802,-0.01808493317101823,-0.0004773651078231308,1.4892214155170301e-06,-0.0004788543292386478,0.475
flow_alignment_graph,community_quality_score,30m,top10_member,26322,-0.010350155613548922,-0.0005109860745096827,0.00012656919961487635,-0.000637555274124559,0.4798632218844985
flow_alignment_graph,community_quality_score,1m,core_weighted,27127,-0.005008298607652649,-0.00015764736447905655,0.00010559475390701434,-0.00026324211838607087,0.49889380530973454
flow_alignment_graph,community_quality_score,5m,core_weighted,27044,-0.0034596106636999376,-0.00015582422792584765,-1.798275108443448e-05,-0.00013784147684141318,0.4881656804733728
flow_alignment_graph,community_quality_score,15m,core_weighted,26980,-0.022911451810221157,-0.0004886317396977647,5.672746263575892e-05,-0.0005453592023335237,0.4744255003706449
flow_alignment_graph,community_quality_score,30m,core_weighted,26903,-0.014921678353116962,-0.00048270848407470685,0.00014972052973965025,-0.0006324290138143571,0.48104089219330853
large_trade_alignment_graph,community_avg_weight_feature,1m,equal_weight,49,0.0913314604287391,0.00031480385809917744,-0.0003815403473367146,0.000696344205435892,1.0
large_trade_alignment_graph,community_avg_weight_feature,5m,equal_weight,49,0.3438028485093087,-0.0006223786619065502,-0.0036544471087435193,0.003032068446836969,0.5
large_trade_alignment_graph,community_avg_weight_feature,15m,equal_weight,49,0.24194104534272284,-0.0010511636873715747,-0.0016856496205251564,0.0006344859331535817,0.25
large_trade_alignment_graph,community_avg_weight_feature,30m,equal_weight,48,0.05647424543803693,-0.0018322567108202588,-0.0010350031813088356,-0.0007972535295114231,0.0
large_trade_alignment_graph,community_avg_weight_feature,1m,member_weight,49,0.0913314604287391,0.00031480385809917744,-0.0003815403473367146,0.000696344205435892,1.0
large_trade_alignment_graph,community_avg_weight_feature,5m,member_weight,49,0.3438028485093087,-0.0006223786619065502,-0.0036544471087435193,0.003032068446836969,0.5
large_trade_alignment_graph,community_avg_weight_feature,15m,member_weight,49,0.24194104534272284,-0.0010511636873715747,-0.0016856496205251564,0.0006344859331535817,0.25
large_trade_alignment_graph,community_avg_weight_feature,30m,member_weight,48,0.05647424543803693,-0.0018322567108202588,-0.0010350031813088356,-0.0007972535295114231,0.0
large_trade_alignment_graph,community_avg_weight_feature,1m,top5_member,49,0.0913314604287391,0.00031480385809917744,-0.0003815403473367146,0.000696344205435892,1.0
large_trade_alignment_graph,community_avg_weight_feature,5m,top5_member,49,0.3438028485093087,-0.0006223786619065502,-0.0036544471087435193,0.003032068446836969,0.5
large_trade_alignment_graph,community_avg_weight_feature,15m,top5_member,49,0.24194104534272284,-0.0010511636873715747,-0.0016856496205251564,0.0006344859331535817,0.25
large_trade_alignment_graph,community_avg_weight_feature,30m,top5_member,48,0.05647424543803693,-0.0018322567108202588,-0.0010350031813088356,-0.0007972535295114231,0.0
large_trade_alignment_graph,community_avg_weight_feature,1m,top10_member,49,0.0913314604287391,0.00031480385809917744,-0.0003815403473367146,0.000696344205435892,1.0
large_trade_alignment_graph,community_avg_weight_feature,5m,top10_member,49,0.3438028485093087,-0.0006223786619065502,-0.0036544471087435193,0.003032068446836969,0.5
large_trade_alignment_graph,community_avg_weight_feature,15m,top10_member,49,0.24194104534272284,-0.0010511636873715747,-0.0016856496205251564,0.0006344859331535817,0.25
large_trade_alignment_graph,community_avg_weight_feature,30m,top10_member,48,0.05647424543803693,-0.0018322567108202588,-0.0010350031813088356,-0.0007972535295114231,0.0
large_trade_alignment_graph,community_avg_weight_feature,1m,core_weighted,49,0.0866056480780957,0.0002924437056508225,-0.0004337366458714781,0.0007261803515223005,1.0
large_trade_alignment_graph,community_avg_weight_feature,5m,core_weighted,49,0.34565207942912574,-0.0006295324118879982,-0.00391648524300125,0.003286952831113252,0.5
large_trade_alignment_graph,community_avg_weight_feature,15m,core_weighted,49,0.25565617466469887,-0.001097298573596836,-0.001985928689510349,0.000888630115913513,0.25
large_trade_alignment_graph,community_avg_weight_feature,30m,core_weighted,48,0.054396780455805184,-0.0018373176148870226,-0.0012551446660233158,-0.0005821729488637067,0.0
large_trade_alignment_graph,positive_large_trade_breadth,1m,equal_weight,49,,-0.0017481821439478962,7.654993707791968e-05,-0.0018247320810258157,0.0
large_trade_alignment_graph,positive_large_trade_breadth,5m,equal_weight,49,,-0.0018660898979489388,0.0013828785703969605,-0.003248968468345899,0.0
large_trade_alignment_graph,positive_large_trade_breadth,15m,equal_weight,49,,-0.002597738646492133,-0.002293171558505974,-0.00030456708798615867,0.0
large_trade_alignment_graph,positive_large_trade_breadth,30m,equal_weight,48,,-0.001546696923516784,-0.002681094411625992,0.001134397488109208,0.25
large_trade_alignment_graph,positive_large_trade_breadth,1m,member_weight,49,,-0.0017481821439478962,7.654993707791968e-05,-0.0018247320810258157,0.0
large_trade_alignment_graph,positive_large_trade_breadth,5m,member_weight,49,,-0.0018660898979489388,0.0013828785703969605,-0.003248968468345899,0.0
large_trade_alignment_graph,positive_large_trade_breadth,15m,member_weight,49,,-0.002597738646492133,-0.002293171558505974,-0.00030456708798615867,0.0
large_trade_alignment_graph,positive_large_trade_breadth,30m,member_weight,48,,-0.001546696923516784,-0.002681094411625992,0.001134397488109208,0.25
large_trade_alignment_graph,positive_large_trade_breadth,1m,top5_member,49,,-0.0017481821439478962,7.654993707791968e-05,-0.0018247320810258157,0.0
large_trade_alignment_graph,positive_large_trade_breadth,5m,top5_member,49,,-0.0018660898979489388,0.0013828785703969605,-0.003248968468345899,0.0
large_trade_alignment_graph,positive_large_trade_breadth,15m,top5_member,49,,-0.002597738646492133,-0.002293171558505974,-0.00030456708798615867,0.0
large_trade_alignment_graph,positive_large_trade_breadth,30m,top5_member,48,,-0.001546696923516784,-0.002681094411625992,0.001134397488109208,0.25
large_trade_alignment_graph,positive_large_trade_breadth,1m,top10_member,49,,-0.0017481821439478962,7.654993707791968e-05,-0.0018247320810258157,0.0
large_trade_alignment_graph,positive_large_trade_breadth,5m,top10_member,49,,-0.0018660898979489388,0.0013828785703969605,-0.003248968468345899,0.0
large_trade_alignment_graph,positive_large_trade_breadth,15m,top10_member,49,,-0.002597738646492133,-0.002293171558505974,-0.00030456708798615867,0.0
large_trade_alignment_graph,positive_large_trade_breadth,30m,top10_member,48,,-0.001546696923516784,-0.002681094411625992,0.001134397488109208,0.25
large_trade_alignment_graph,positive_large_trade_breadth,1m,core_weighted,49,,-0.0017214024420249795,4.4266526141292426e-05,-0.001765668968166272,0.0
large_trade_alignment_graph,positive_large_trade_breadth,5m,core_weighted,49,,-0.001804054691400686,0.0013970256519583494,-0.0032010803433590355,0.0
large_trade_alignment_graph,positive_large_trade_breadth,15m,core_weighted,49,,-0.002590791145759945,-0.0021966855984973184,-0.00039410554726262677,0.0
large_trade_alignment_graph,positive_large_trade_breadth,30m,core_weighted,48,,-0.0015780122217844358,-0.0025895105429635853,0.0010114983211791495,0.25
large_trade_alignment_graph,community_quality_score,1m,equal_weight,49,-0.222522174732128,-0.00037935081223629263,-0.002166402247403837,0.0017870514351675444,0.5
large_trade_alignment_graph,community_quality_score,5m,equal_weight,49,0.3093350683560064,-0.00031572766031995325,-0.0019807551152227695,0.0016650274549028163,0.75
large_trade_alignment_graph,community_quality_score,15m,equal_weight,49,0.16444168088920225,-0.0008359912413199444,-0.0027378087636695247,0.0019018175223495803,0.5
large_trade_alignment_graph,community_quality_score,30m,equal_weight,48,0.18242702321979523,0.0010162676050052,-0.0028456690974342294,0.0038619367024394294,0.5
large_trade_alignment_graph,community_quality_score,1m,member_weight,49,-0.222522174732128,-0.00037935081223629263,-0.002166402247403837,0.0017870514351675444,0.5
large_trade_alignment_graph,community_quality_score,5m,member_weight,49,0.3093350683560064,-0.00031572766031995325,-0.0019807551152227695,0.0016650274549028163,0.75
large_trade_alignment_graph,community_quality_score,15m,member_weight,49,0.16444168088920225,-0.0008359912413199444,-0.0027378087636695247,0.0019018175223495803,0.5
large_trade_alignment_graph,community_quality_score,30m,member_weight,48,0.18242702321979523,0.0010162676050052,-0.0028456690974342294,0.0038619367024394294,0.5
large_trade_alignment_graph,community_quality_score,1m,top5_member,49,-0.222522174732128,-0.00037935081223629263,-0.002166402247403837,0.0017870514351675444,0.5
large_trade_alignment_graph,community_quality_score,5m,top5_member,49,0.3093350683560064,-0.00031572766031995325,-0.0019807551152227695,0.0016650274549028163,0.75
large_trade_alignment_graph,community_quality_score,15m,top5_member,49,0.16444168088920225,-0.0008359912413199444,-0.0027378087636695247,0.0019018175223495803,0.5
large_trade_alignment_graph,community_quality_score,30m,top5_member,48,0.18242702321979523,0.0010162676050052,-0.0028456690974342294,0.0038619367024394294,0.5
large_trade_alignment_graph,community_quality_score,1m,top10_member,49,-0.222522174732128,-0.00037935081223629263,-0.002166402247403837,0.0017870514351675444,0.5
large_trade_alignment_graph,community_quality_score,5m,top10_member,49,0.3093350683560064,-0.00031572766031995325,-0.0019807551152227695,0.0016650274549028163,0.75
large_trade_alignment_graph,community_quality_score,15m,top10_member,49,0.16444168088920225,-0.0008359912413199444,-0.0027378087636695247,0.0019018175223495803,0.5
large_trade_alignment_graph,community_quality_score,30m,top10_member,48,0.18242702321979523,0.0010162676050052,-0.0028456690974342294,0.0038619367024394294,0.5
large_trade_alignment_graph,community_quality_score,1m,core_weighted,49,-0.23006442967462806,-0.0004193307629483579,-0.0021985811308505923,0.0017792503679022343,0.5
large_trade_alignment_graph,community_quality_score,5m,core_weighted,49,0.3225211875411936,-0.00030454125587724525,-0.001996419948083882,0.0016918786922066366,0.75
large_trade_alignment_graph,community_quality_score,15m,core_weighted,49,0.18799198713823312,-0.000832274225534452,-0.0027340621643891943,0.0019017879388547423,0.5
large_trade_alignment_graph,community_quality_score,30m,core_weighted,48,0.18581237953216495,0.0010094120401167423,-0.0029030420338250974,0.00391245407394184,0.5
return_corr_graph,community_member_count,1m,equal_weight,24710,0.007618169098842499,7.143245638731987e-05,0.00011961548702208607,-4.8183030634766204e-05,0.5034399028733306
return_corr_graph,community_member_count,5m,equal_weight,24648,0.007644108306320075,-2.5875212222808353e-05,-8.225618503672426e-05,5.63809728139159e-05,0.49391233766233766
return_corr_graph,community_member_count,15m,equal_weight,24538,0.024373503455543913,-2.097269982613948e-05,-0.00013227835730691948,0.00011130565748078,0.5258866693844272
return_corr_graph,community_member_count,30m,equal_weight,24347,0.015841985440801714,4.617690218790209e-06,-0.00015949161431635182,0.00016410930453514204,0.5053410024650781
return_corr_graph,community_member_count,1m,member_weight,24710,0.007618169098842499,7.143245638731987e-05,0.00011961548702208607,-4.8183030634766204e-05,0.5034399028733306
return_corr_graph,community_member_count,5m,member_weight,24648,0.007644108306320075,-2.5875212222808353e-05,-8.225618503672426e-05,5.63809728139159e-05,0.49391233766233766
return_corr_graph,community_member_count,15m,member_weight,24538,0.024373503455543913,-2.097269982613948e-05,-0.00013227835730691948,0.00011130565748078,0.5258866693844272
return_corr_graph,community_member_count,30m,member_weight,24347,0.015841985440801714,4.617690218790209e-06,-0.00015949161431635182,0.00016410930453514204,0.5053410024650781
return_corr_graph,community_member_count,1m,top5_member,24710,0.011737714114988378,0.0001551874815719696,0.00011961548702208607,3.557199454988353e-05,0.5163901254552813
return_corr_graph,community_member_count,5m,top5_member,24594,0.007879784329770843,1.4944875069329359e-05,-8.745930212114095e-05,0.00010240417719047031,0.5018300122000814
return_corr_graph,community_member_count,15m,top5_member,24239,0.004899787060176817,-0.00011374225337117998,-0.00019593130263419786,8.218904926301788e-05,0.4824597606273215
return_corr_graph,community_member_count,30m,top5_member,23557,0.0027314273036570602,-0.00023759638352337343,-0.00030607254857677933,6.84761650534059e-05,0.4662420382165605
return_corr_graph,community_member_count,1m,top10_member,24710,0.007186448376325255,0.00011193021931763683,0.00011961548702208607,-7.685267704449244e-06,0.5131525698097936
return_corr_graph,community_member_count,5m,top10_member,24632,0.0037542952317580975,-5.879063265653076e-05,-9.833854267974667e-05,3.9547910023215915e-05,0.4868047097036135
return_corr_graph,community_member_count,15m,top10_member,24405,0.002794890201155511,-0.00021904595916836814,-0.00017990320370587663,-3.914275546249151e-05,0.489344262295082
return_corr_graph,community_member_count,30m,top10_member,23880,0.004206099509997465,-0.00028233487906928993,-0.0004849520991841893,0.00020261722011489939,0.47110552763819097
return_corr_graph,community_member_count,1m,core_weighted,24710,0.008270923431870204,7.309840973735785e-05,0.0001169462298828343,-4.384782014547645e-05,0.5038445973290165
return_corr_graph,community_member_count,5m,core_weighted,24648,0.008518345351490307,-2.493013464562811e-05,-8.064205746614318e-05,5.571192282051507e-05,0.494724025974026
return_corr_graph,community_member_count,15m,core_weighted,24538,0.025000749939053116,-1.1142890982100896e-05,-0.00013736751068155775,0.00012622461969945685,0.5295556461475744
return_corr_graph,community_member_count,30m,core_weighted,24347,0.016246019555579586,2.491330022288122e-05,-0.00017404196938304185,0.00019895526960592307,0.5086277732128184
return_corr_graph,edge_density_feature,1m,equal_weight,24710,-0.00460208733533802,5.010021219717567e-05,9.28418562766802e-05,-4.2741644079504536e-05,0.5022258195062728
return_corr_graph,edge_density_feature,5m,equal_weight,24648,-0.0040612879475025315,-3.646864359938798e-05,-2.753224807551581e-05,-8.936395523872169e-06,0.4849837662337662
return_corr_graph,edge_density_feature,15m,equal_weight,24538,-0.021501851264265136,-0.00011067098013694044,1.9923915929657432e-05,-0.00013059489606659787,0.47492865878516105
return_corr_graph,edge_density_feature,30m,equal_weight,24347,-0.015444216272964651,-0.00024416058245287856,8.320418114871915e-05,-0.0003273647636015977,0.48931799506984386
return_corr_graph,edge_density_feature,1m,member_weight,24710,-0.00460208733533802,5.010021219717567e-05,9.28418562766802e-05,-4.2741644079504536e-05,0.5022258195062728
return_corr_graph,edge_density_feature,5m,member_weight,24648,-0.0040612879475025315,-3.646864359938798e-05,-2.753224807551581e-05,-8.936395523872169e-06,0.4849837662337662
return_corr_graph,edge_density_feature,15m,member_weight,24538,-0.021501851264265136,-0.00011067098013694044,1.9923915929657432e-05,-0.00013059489606659787,0.47492865878516105
return_corr_graph,edge_density_feature,30m,member_weight,24347,-0.015444216272964651,-0.00024416058245287856,8.320418114871915e-05,-0.0003273647636015977,0.48931799506984386
return_corr_graph,edge_density_feature,1m,top5_member,24710,-0.009184936257772764,5.010021219717567e-05,0.0001571571677808018,-0.00010705695558362614,0.5022258195062728
return_corr_graph,edge_density_feature,5m,top5_member,24594,-0.005230488362105319,5.466257536003935e-06,-1.9927176427859502e-05,2.5393433963863436e-05,0.48881659211061407
return_corr_graph,edge_density_feature,15m,top5_member,24239,-0.002095580002588124,-4.467053966905109e-05,-5.663879870439857e-05,1.1968259035347477e-05,0.48328518365662404
return_corr_graph,edge_density_feature,30m,top5_member,23557,-0.0009615885115402079,-0.00029253821111897854,-0.00015851774729776734,-0.0001340204638212112,0.48662420382165605
return_corr_graph,edge_density_feature,1m,top10_member,24710,-0.004821677515762166,5.010021219717567e-05,0.00013165322307025806,-8.155301087308239e-05,0.5022258195062728
return_corr_graph,edge_density_feature,5m,top10_member,24632,-0.0013985117651077112,3.155291567437159e-06,-7.723168506677933e-05,8.038697663421649e-05,0.4884287454323995
return_corr_graph,edge_density_feature,15m,top10_member,24405,-0.0009206192550625478,-0.00013594304703179932,-0.00018069622652232303,4.4753179490523705e-05,0.47418032786885245
return_corr_graph,edge_density_feature,30m,top10_member,23880,-0.0038169554427842935,-0.0001633418619288061,-0.00030769298743363527,0.00014435112550482916,0.4966499162479062
return_corr_graph,edge_density_feature,1m,core_weighted,24710,-0.005160486603033596,4.750450473701071e-05,9.428667382968058e-05,-4.678216909266987e-05,0.5018211250505868
return_corr_graph,edge_density_feature,5m,core_weighted,24648,-0.004950152627392437,-3.831441304917055e-05,-2.639174355263873e-05,-1.192266949653182e-05,0.48579545454545453
return_corr_graph,edge_density_feature,15m,core_weighted,24538,-0.022057798546768453,-0.00011497090646335481,2.876768842666383e-05,-0.00014373859489001865,0.47696697920913167
return_corr_graph,edge_density_feature,30m,core_weighted,24347,-0.015841178578123425,-0.00025089158783594826,9.954302739419526e-05,-0.0003504346152301435,0.48890714872637636
return_corr_graph,community_quality_score,1m,equal_weight,24710,-0.0027608589910512035,-5.0777427992978635e-05,8.93229902094053e-05,-0.00014010041820238393,0.4856333468231485
return_corr_graph,community_quality_score,5m,equal_weight,24648,-0.005732704776995909,-0.0001759435030109482,-1.9404482445520215e-05,-0.000156539020565428,0.47767857142857145
return_corr_graph,community_quality_score,15m,equal_weight,24538,-0.01913953257959847,-0.00030243280440632914,2.4949204976542712e-05,-0.00032738200938287184,0.46840603342845494
return_corr_graph,community_quality_score,30m,equal_weight,24347,-0.016786571891357762,-0.0005203594074508277,-1.5780513232009983e-05,-0.0005045788942188177,0.4663105998356615
return_corr_graph,community_quality_score,1m,member_weight,24710,-0.0027608589910512035,-5.0777427992978635e-05,8.93229902094053e-05,-0.00014010041820238393,0.4856333468231485
return_corr_graph,community_quality_score,5m,member_weight,24648,-0.005732704776995909,-0.0001759435030109482,-1.9404482445520215e-05,-0.000156539020565428,0.47767857142857145
return_corr_graph,community_quality_score,15m,member_weight,24538,-0.01913953257959847,-0.00030243280440632914,2.4949204976542712e-05,-0.00032738200938287184,0.46840603342845494
return_corr_graph,community_quality_score,30m,member_weight,24347,-0.016786571891357762,-0.0005203594074508277,-1.5780513232009983e-05,-0.0005045788942188177,0.4663105998356615
return_corr_graph,community_quality_score,1m,top5_member,24710,-0.011416171912609735,-4.5940700593668024e-05,0.00012346514813494413,-0.00016940584872861215,0.4868474301902064
return_corr_graph,community_quality_score,5m,top5_member,24594,-0.006934938707770584,-0.0001746588215385774,7.138181857702586e-05,-0.00024604064011560326,0.4778365189101261
return_corr_graph,community_quality_score,15m,top5_member,24239,-0.005125946932177646,-0.000305029520213707,-3.633934465842056e-05,-0.00026869017555528643,0.4684275691291787
return_corr_graph,community_quality_score,30m,top5_member,23557,-0.005255421512987615,-0.0005077837579637966,-0.0003339324456896314,-0.00017385131227416517,0.4704883227176221
return_corr_graph,community_quality_score,1m,top10_member,24710,-0.008285682491579459,-4.961503932151153e-05,0.00011106646548186526,-0.0001606815048033768,0.4856333468231485
return_corr_graph,community_quality_score,5m,top10_member,24632,-0.005701612135525956,-0.0001723462947477304,-5.2802134553769724e-05,-0.00011954416019396068,0.4782785221274868
return_corr_graph,community_quality_score,15m,top10_member,24405,-0.005117091959100827,-0.00029966389984460603,-0.0002055167658322608,-9.414713401234524e-05,0.4692622950819672
return_corr_graph,community_quality_score,30m,top10_member,23880,-0.006250730538305168,-0.0004803028506666104,-0.0003956320905769853,-8.46707600896251e-05,0.47110552763819097
return_corr_graph,community_quality_score,1m,core_weighted,24710,-0.0031723469533637347,-5.362086126228716e-05,9.083729012252947e-05,-0.00014445815138481663,0.48644273573452046
return_corr_graph,community_quality_score,5m,core_weighted,24648,-0.0066961754745077096,-0.00017559325076327073,-1.7144112277197668e-05,-0.00015844913848607305,0.47767857142857145
return_corr_graph,community_quality_score,15m,core_weighted,24538,-0.019801110969224316,-0.00030828019475983063,2.975013851773408e-05,-0.0003380303332775647,0.47003668976763147
return_corr_graph,community_quality_score,30m,core_weighted,24347,-0.01696031983347975,-0.0005309187665759469,-7.39416199916866e-06,-0.0005235246045767783,0.4691865242399343
volume_expansion_graph,edge_density_feature,1m,equal_weight,29183,0.014701705714311711,0.0005389549666523455,2.8793218457683834e-05,0.0005101617481946617,0.5328992460589445
volume_expansion_graph,edge_density_feature,5m,equal_weight,28960,0.0007722789331418612,0.00024706044304930927,6.8690155755307e-05,0.00017837028729400227,0.5079419889502762
volume_expansion_graph,edge_density_feature,15m,equal_weight,28023,-0.0027002403378083508,0.0005276328813936814,0.00016051452835099544,0.000367118353042686,0.5067808708065668
volume_expansion_graph,edge_density_feature,30m,equal_weight,26032,-0.007309749530311299,0.0007104209996880123,0.0007136025011984761,-3.181501510463795e-06,0.48520937379946216
volume_expansion_graph,edge_density_feature,1m,member_weight,29183,0.014701705714311711,0.0005389549666523455,2.8793218457683834e-05,0.0005101617481946617,0.5328992460589445
volume_expansion_graph,edge_density_feature,5m,member_weight,28960,0.0007722789331418612,0.00024706044304930927,6.8690155755307e-05,0.00017837028729400227,0.5079419889502762
volume_expansion_graph,edge_density_feature,15m,member_weight,28023,-0.0027002403378083508,0.0005276328813936814,0.00016051452835099544,0.000367118353042686,0.5067808708065668
volume_expansion_graph,edge_density_feature,30m,member_weight,26032,-0.007309749530311299,0.0007104209996880123,0.0007136025011984761,-3.181501510463795e-06,0.48520937379946216
volume_expansion_graph,edge_density_feature,1m,top5_member,29182,0.017644856134922112,0.0005322770059426384,-0.00014323401424371334,0.0006755110201863517,0.5322138450993832
volume_expansion_graph,edge_density_feature,5m,top5_member,28935,-0.002666844914921605,0.00025929171008080485,-6.96097013487646e-05,0.00032890141142956944,0.5084687175941929
volume_expansion_graph,edge_density_feature,15m,top5_member,27979,-0.00640307317814078,0.0004759555853467676,-1.4746329746777707e-05,0.0004907019150935453,0.5058991776903825
volume_expansion_graph,edge_density_feature,30m,top5_member,25972,-0.008416259069190008,0.000594504412413769,0.0005800350204917248,1.4469391922044216e-05,0.4847901424720832
volume_expansion_graph,edge_density_feature,1m,top10_member,29183,0.01404018869847594,0.0005389549666523455,4.3861616458916316e-05,0.0004950933501934292,0.5328992460589445
volume_expansion_graph,edge_density_feature,5m,top10_member,28947,-0.0007103238807796319,0.00025838007908609515,0.00012573453761669342,0.00013264554146940173,0.5086385625431928
volume_expansion_graph,edge_density_feature,15m,top10_member,28014,-0.005294564528290632,0.00046891645951773245,0.0001180852942228517,0.00035083116529488077,0.5062477686540521
volume_expansion_graph,edge_density_feature,30m,top10_member,26027,-0.00867546975647058,0.0005603011579201545,0.0006941614022163637,-0.0001338602442962092,0.4846272098385857
volume_expansion_graph,edge_density_feature,1m,core_weighted,29183,0.014705879156355068,0.0005472071992449942,2.8009530656776536e-05,0.0005191976685882177,0.5328992460589445
volume_expansion_graph,edge_density_feature,5m,core_weighted,28960,0.0006874864920173472,0.00025604583864903134,8.290395306207543e-05,0.0001731418855869559,0.5058701657458563
volume_expansion_graph,edge_density_feature,15m,core_weighted,28023,-0.003475961413473719,0.0005155978349526271,0.00017632899776009024,0.00033926883719253686,0.5064239828693791
volume_expansion_graph,edge_density_feature,30m,core_weighted,26032,-0.00767100631704578,0.000698131247601593,0.0007086779204136449,-1.0546672812051898e-05,0.48175182481751827
volume_expansion_graph,community_avg_weight_feature,1m,equal_weight,29183,-0.007372100299694657,0.00017044145967591307,0.0001965747337875843,-2.613327411167123e-05,0.521932830705963
volume_expansion_graph,community_avg_weight_feature,5m,equal_weight,28960,0.0017409830736362074,0.00017808170686076544,1.955005756503031e-05,0.00015853164929573513,0.5006906077348067
volume_expansion_graph,community_avg_weight_feature,15m,equal_weight,28023,0.006056737369803497,0.000522676428550252,0.0001788393931184093,0.0003438370354318426,0.487152034261242
volume_expansion_graph,community_avg_weight_feature,30m,equal_weight,26032,0.008930544492720223,0.000651816924274692,0.0011273232689629005,-0.00047550634468820853,0.47406838263542067
volume_expansion_graph,community_avg_weight_feature,1m,member_weight,29183,-0.007372100299694657,0.00017044145967591307,0.0001965747337875843,-2.613327411167123e-05,0.521932830705963
volume_expansion_graph,community_avg_weight_feature,5m,member_weight,28960,0.0017409830736362074,0.00017808170686076544,1.955005756503031e-05,0.00015853164929573513,0.5006906077348067
volume_expansion_graph,community_avg_weight_feature,15m,member_weight,28023,0.006056737369803497,0.000522676428550252,0.0001788393931184093,0.0003438370354318426,0.487152034261242
volume_expansion_graph,community_avg_weight_feature,30m,member_weight,26032,0.008930544492720223,0.000651816924274692,0.0011273232689629005,-0.00047550634468820853,0.47406838263542067
volume_expansion_graph,community_avg_weight_feature,1m,top5_member,29182,-0.009614675758856833,0.00013040395563490123,0.0001937576391877792,-6.335368355287797e-05,0.5226182316655243
volume_expansion_graph,community_avg_weight_feature,5m,top5_member,28935,0.0022751432612512857,0.0001603769188754581,2.3067485515608147e-05,0.00013730943335984994,0.49775319737296925
volume_expansion_graph,community_avg_weight_feature,15m,top5_member,27979,0.005693548142986942,0.000513971625924615,0.00017390681569985614,0.00034006481022475887,0.4840900965319986
volume_expansion_graph,community_avg_weight_feature,30m,top5_member,25972,0.009467116801188979,0.0009731691764890116,0.001138074540847911,-0.0001649053643588993,0.4751636503658067
volume_expansion_graph,community_avg_weight_feature,1m,top10_member,29183,-0.007386733202504457,0.00016044917996381754,0.0001965747337875843,-3.6125553823766765e-05,0.5226182316655243
volume_expansion_graph,community_avg_weight_feature,5m,top10_member,28947,0.001894292773329541,0.00017838902806035698,2.3484813909851765e-05,0.00015490421415050522,0.4986178299930891
volume_expansion_graph,community_avg_weight_feature,15m,top10_member,28014,0.007282249535078521,0.0005067849570496894,0.000176211925827889,0.00033057303122180045,0.4869689396644056
volume_expansion_graph,community_avg_weight_feature,30m,top10_member,26027,0.009865720416536397,0.001351833601441345,0.001126823713388642,0.00022500988805270296,0.48232129131437357
volume_expansion_graph,community_avg_weight_feature,1m,core_weighted,29183,-0.007592988245732718,0.00016275452772727335,0.00019196452156632093,-2.9209993839047582e-05,0.519876627827279
volume_expansion_graph,community_avg_weight_feature,5m,core_weighted,28960,0.0019088779388551874,0.00017411124365085564,3.0337093587726874e-05,0.00014377415006312875,0.5031077348066298
volume_expansion_graph,community_avg_weight_feature,15m,core_weighted,28023,0.006080895049098342,0.0005172489705023191,0.0001631933278535498,0.0003540556426487693,0.48643825838686655
volume_expansion_graph,community_avg_weight_feature,30m,core_weighted,26032,0.008396072627518741,0.0006271455692862834,0.0011080826258616238,-0.0004809370565753404,0.4721475220898963
volume_expansion_graph,feature_coverage_ratio,1m,equal_weight,29183,0.005570558009145004,0.00022323248189408664,0.00034721308727936567,-0.00012398060538527903,0.5167923235092529
volume_expansion_graph,feature_coverage_ratio,5m,equal_weight,28960,0.009518922111014764,3.234621807540263e-05,6.926002334425762e-05,-3.691380526885499e-05,0.493439226519337
volume_expansion_graph,feature_coverage_ratio,15m,equal_weight,28023,0.0045051848060699866,0.0006998239951422381,-2.795297188985109e-05,0.0007277769670320891,0.5096359743040685
volume_expansion_graph,feature_coverage_ratio,30m,equal_weight,26032,0.00375069994651933,0.0007567002104195949,0.0004450167807087065,0.00031168342971088834,0.4733000384172109
volume_expansion_graph,feature_coverage_ratio,1m,member_weight,29183,0.005570558009145004,0.00022323248189408664,0.00034721308727936567,-0.00012398060538527903,0.5167923235092529
volume_expansion_graph,feature_coverage_ratio,5m,member_weight,28960,0.009518922111014764,3.234621807540263e-05,6.926002334425762e-05,-3.691380526885499e-05,0.493439226519337
volume_expansion_graph,feature_coverage_ratio,15m,member_weight,28023,0.0045051848060699866,0.0006998239951422381,-2.795297188985109e-05,0.0007277769670320891,0.5096359743040685
volume_expansion_graph,feature_coverage_ratio,30m,member_weight,26032,0.00375069994651933,0.0007567002104195949,0.0004450167807087065,0.00031168342971088834,0.4733000384172109
volume_expansion_graph,feature_coverage_ratio,1m,top5_member,29182,0.010476219829298564,0.00020411313251911145,0.0003325951060662085,-0.00012848197354709703,0.5147361206305688
volume_expansion_graph,feature_coverage_ratio,5m,top5_member,28935,0.011975334262184218,0.0001250780282134527,9.24775068718971e-05,3.2600521341555585e-05,0.5019011406844106
volume_expansion_graph,feature_coverage_ratio,15m,top5_member,27979,0.002499087646771469,0.0007475935777804332,0.00012579369523740543,0.0006217998825430277,0.5091169109760457
volume_expansion_graph,feature_coverage_ratio,30m,top5_member,25972,0.003649475095162129,0.0008300855211440424,0.0004387014833778249,0.00039138403776621745,0.4701578744705429
volume_expansion_graph,feature_coverage_ratio,1m,top10_member,29183,0.005836820447851784,0.0001937790246616146,0.00035150589915179263,-0.00015772687449017804,0.5150788211103495
volume_expansion_graph,feature_coverage_ratio,5m,top10_member,28947,0.007488764393720366,2.732996670488587e-05,6.766232831089142e-05,-4.033236160600555e-05,0.4920525224602626
volume_expansion_graph,feature_coverage_ratio,15m,top10_member,28014,0.002546796137846721,0.0006079032596366998,1.0282847503913591e-05,0.0005976204121327861,0.5062477686540521
volume_expansion_graph,feature_coverage_ratio,30m,top10_member,26027,-0.0005911380925379159,0.0007144276803802178,0.00041975752686743617,0.0002946701535127816,0.4727132974634896
volume_expansion_graph,feature_coverage_ratio,1m,core_weighted,29183,0.006078831412863214,0.00022058262457886333,0.00035780163944669165,-0.00013721901486782832,0.5133653187114462
volume_expansion_graph,feature_coverage_ratio,5m,core_weighted,28960,0.009812589199397608,2.8756878947411673e-05,6.135210884828552e-05,-3.2595229900873846e-05,0.4924033149171271
volume_expansion_graph,feature_coverage_ratio,15m,core_weighted,28023,0.004050852690475705,0.0007094630264641034,-2.7662891249105598e-05,0.000737125917713209,0.5107066381156317
volume_expansion_graph,feature_coverage_ratio,30m,core_weighted,26032,0.0031985629009192618,0.0007483464259262145,0.00046685205038318023,0.0002814943755430343,0.4706108336534768
volume_expansion_graph,community_quality_score,1m,equal_weight,29183,0.003009425592151422,0.00016171272794945267,7.811938164227035e-05,8.359334630718232e-05,0.5147361206305688
volume_expansion_graph,community_quality_score,5m,equal_weight,28960,-0.004671412377012408,0.0005857420336134118,7.76127229472753e-05,0.0005081293106661365,0.5034530386740331
volume_expansion_graph,community_quality_score,15m,equal_weight,28023,-0.00290715020982672,0.0011963002238629613,0.0005054180952860442,0.0006908821285769171,0.5021413276231264
volume_expansion_graph,community_quality_score,30m,equal_weight,26032,-0.0018383850379351896,0.001995639224660369,0.0007811958217379798,0.001214443402922389,0.49596619285439875
volume_expansion_graph,community_quality_score,1m,member_weight,29183,0.003009425592151422,0.00016171272794945267,7.811938164227035e-05,8.359334630718232e-05,0.5147361206305688
volume_expansion_graph,community_quality_score,5m,member_weight,28960,-0.004671412377012408,0.0005857420336134118,7.76127229472753e-05,0.0005081293106661365,0.5034530386740331
volume_expansion_graph,community_quality_score,15m,member_weight,28023,-0.00290715020982672,0.0011963002238629613,0.0005054180952860442,0.0006908821285769171,0.5021413276231264
volume_expansion_graph,community_quality_score,30m,member_weight,26032,-0.0018383850379351896,0.001995639224660369,0.0007811958217379798,0.001214443402922389,0.49596619285439875
volume_expansion_graph,community_quality_score,1m,top5_member,29182,0.005739968974440747,0.00017563305305146645,1.3914978570723381e-05,0.00016171807448074306,0.5147361206305688
volume_expansion_graph,community_quality_score,5m,top5_member,28935,-0.007410129317447235,0.0006276139713296624,-5.518791268990251e-05,0.0006828018840195649,0.5050120981679918
volume_expansion_graph,community_quality_score,15m,top5_member,27979,-0.006053075964209103,0.0011632828918887268,0.0003262207706224775,0.0008370621212662493,0.5023239184840901
volume_expansion_graph,community_quality_score,30m,top5_member,25972,-0.0026936255416849827,0.0019799759147625436,0.0007824911084802056,0.0011974848062823382,0.49595687331536387
volume_expansion_graph,community_quality_score,1m,top10_member,29183,0.002423837430405726,0.00016171272794945267,0.00012438420612807179,3.7328521821380884e-05,0.5147361206305688
volume_expansion_graph,community_quality_score,5m,top10_member,28947,-0.005646614821139118,0.0006009246966666784,9.340811710247611e-05,0.0005075165795642024,0.5041465100207325
volume_expansion_graph,community_quality_score,15m,top10_member,28014,-0.004213793301143255,0.0011633037602288522,0.000453337829981096,0.0007099659302477561,0.5019635844341307
volume_expansion_graph,community_quality_score,30m,top10_member,26027,-0.0021350046583004803,0.0020065263648943385,0.0007596252993167664,0.0012469010655775721,0.4965411222136818
volume_expansion_graph,community_quality_score,1m,core_weighted,29183,0.002369641693123966,0.00016561048224657116,9.225684561205467e-05,7.33536366345165e-05,0.5154215215901302
volume_expansion_graph,community_quality_score,5m,core_weighted,28960,-0.004858122503770117,0.0005935958689625972,8.343651108667921e-05,0.000510159357875918,0.5048342541436464
volume_expansion_graph,community_quality_score,15m,core_weighted,28023,-0.003879703221508746,0.0012008737280950954,0.0005600115772025773,0.0006408621508925181,0.4971448965024982
volume_expansion_graph,community_quality_score,30m,core_weighted,26032,-0.002710939011167231,0.00200374791995554,0.0008113888730341101,0.0011923590469214299,0.49212447176335
volume_expansion_graph,community_mean_volume_z_12,1m,equal_weight,29183,0.0077641845193337135,0.00019879374130443204,9.997601939161323e-05,9.881772191281882e-05,0.5113091158327622
volume_expansion_graph,community_mean_volume_z_12,5m,equal_weight,28960,0.008628757111876956,-4.4341899961295405e-06,0.00042658366434605947,-0.000431017854342189,0.49827348066298344
volume_expansion_graph,community_mean_volume_z_12,15m,equal_weight,28023,0.016574824713142713,-0.00022280714737778722,0.001453949589383954,-0.0016767567367617412,0.4860813704496788
volume_expansion_graph,community_mean_volume_z_12,30m,equal_weight,26032,0.020672257005562772,-0.0009878196246462998,0.002465600137729516,-0.0034534197623758154,0.48175182481751827
volume_expansion_graph,community_mean_volume_z_12,1m,member_weight,29183,0.0077641845193337135,0.00019879374130443204,9.997601939161323e-05,9.881772191281882e-05,0.5113091158327622
volume_expansion_graph,community_mean_volume_z_12,5m,member_weight,28960,0.008628757111876956,-4.4341899961295405e-06,0.00042658366434605947,-0.000431017854342189,0.49827348066298344
volume_expansion_graph,community_mean_volume_z_12,15m,member_weight,28023,0.016574824713142713,-0.00022280714737778722,0.001453949589383954,-0.0016767567367617412,0.4860813704496788
volume_expansion_graph,community_mean_volume_z_12,30m,member_weight,26032,0.020672257005562772,-0.0009878196246462998,0.002465600137729516,-0.0034534197623758154,0.48175182481751827
volume_expansion_graph,community_mean_volume_z_12,1m,top5_member,29182,0.00641283350278205,0.0002165404739727555,3.1000370054522095e-05,0.0001855401039182334,0.5027416038382454
volume_expansion_graph,community_mean_volume_z_12,5m,top5_member,28935,0.008019369155256837,-1.435968813503922e-05,0.00029435117824494256,-0.00030871086637998177,0.4994815070860698
volume_expansion_graph,community_mean_volume_z_12,15m,top5_member,27979,0.018050582753395963,-0.00020960377055805645,0.001174301740155631,-0.0013839055107136874,0.4951734000715052
volume_expansion_graph,community_mean_volume_z_12,30m,top5_member,25972,0.02071471227234205,-0.0010161106116272618,0.0023082168775989107,-0.0033243274892261728,0.4832499037350789
volume_expansion_graph,community_mean_volume_z_12,1m,top10_member,29183,0.006632655058431971,0.00018992844805265077,9.028117236476459e-05,9.964727568788618e-05,0.5106237148732008
volume_expansion_graph,community_mean_volume_z_12,5m,top10_member,28947,0.0073998772364373125,-3.480823336015971e-05,0.0003897703728145874,-0.0004245786061747471,0.4944713199723566
volume_expansion_graph,community_mean_volume_z_12,15m,top10_member,28014,0.01715462335936387,-0.00022170181573199268,0.0014210621912596364,-0.0016427640069916292,0.49303820064262766
volume_expansion_graph,community_mean_volume_z_12,30m,top10_member,26027,0.020210949812013473,-0.0010187727107253417,0.002502609141897258,-0.0035213818526225998,0.4827056110684089
volume_expansion_graph,community_mean_volume_z_12,1m,core_weighted,29183,0.007369408559370366,0.00019307351212595337,9.426338536636599e-05,9.881012675958738e-05,0.5078821110349554
volume_expansion_graph,community_mean_volume_z_12,5m,core_weighted,28960,0.008814312655481066,-4.8624886840388785e-05,0.00045425858348058343,-0.0005028834703209722,0.49827348066298344
volume_expansion_graph,community_mean_volume_z_12,15m,core_weighted,28023,0.016853586222603998,-0.0002756776866000209,0.0015082142339661994,-0.0017838919205662204,0.48857958600999285
volume_expansion_graph,community_mean_volume_z_12,30m,core_weighted,26032,0.020765001650437355,-0.0010288592748329728,0.002494242372116515,-0.0035231016469494877,0.4840568574721475
