strategy_id,entry_standard,exit_standard,holding_policy,total_return,annualized_return,annualized_volatility,sharpe,max_drawdown,win_rate,trade_count,avg_holding_days,open_trade_ratio,return_from_long_holds,long_hold_contribution
E1_X1_H1,Birth Entry,No Signal Exit,Fixed 1D,0.04128782516880447,0.18521549483302024,0.19752734077694595,0.9593356619745469,-0.08210359349797958,0.5416666666666666,72,1.0,0.0,0.0,0.0
E1_X1_H10,Birth Entry,No Signal Exit,Stage Hold,0.06731520416737924,0.31470805450342865,0.22325021056824057,1.3377718534109084,-0.07413102673706762,0.5238095238095238,42,3.4523809523809526,0.047619047619047616,0.0,0.0
E1_X1_H2,Birth Entry,No Signal Exit,Fixed 3D,0.014984264641721312,0.06445939519869937,0.2201803278181941,0.3937954843633034,-0.07895845489635922,0.5588235294117647,68,1.411764705882353,0.0,0.0,0.0
E1_X1_H3,Birth Entry,No Signal Exit,Fixed 5D,0.006909562777025924,0.02934261929497528,0.22214420433472007,0.24121665377367588,-0.07757381868958291,0.5373134328358209,67,1.492537313432836,0.014925373134328358,0.0,0.0
E1_X1_H4,Birth Entry,No Signal Exit,Fixed 10D,0.006909562777025924,0.02934261929497528,0.22214420433472007,0.24121665377367588,-0.07757381868958291,0.5373134328358209,67,1.492537313432836,0.014925373134328358,0.0,0.0
E1_X1_H5,Birth Entry,No Signal Exit,Event-driven Hold,0.06981116443539515,0.3276693471395975,0.24128289982308176,1.2959449953716804,-0.08436648530996493,0.6744186046511628,43,3.2093023255813953,0.046511627906976744,0.0,0.0
E1_X1_H6,Birth Entry,No Signal Exit,Min-hold + Signal Exit,0.06981116443539515,0.3276693471395975,0.24128289982308176,1.2959449953716804,-0.08436648530996493,0.6744186046511628,43,3.2093023255813953,0.046511627906976744,0.0,0.0
E1_X1_H7,Birth Entry,No Signal Exit,Pure Signal Hold,0.10124180353726309,0.49936474121584573,0.23383135657066437,1.8502337172809484,-0.08965395886721872,0.6111111111111112,36,4.138888888888889,0.05555555555555555,0.0,0.0
E1_X1_H8,Birth Entry,No Signal Exit,Loose Signal Hold,0.10124180353726309,0.49936474121584573,0.23383135657066437,1.8502337172809484,-0.08965395886721872,0.6111111111111112,36,4.138888888888889,0.05555555555555555,0.0,0.0
E1_X1_H9,Birth Entry,No Signal Exit,Trailing Structure Hold,0.10124180353726309,0.49936474121584573,0.23383135657066437,1.8502337172809484,-0.08965395886721872,0.6111111111111112,36,4.138888888888889,0.05555555555555555,0.0,0.0
E1_X2_H1,Birth Entry,Lifecycle Exit,Fixed 1D,0.04128782516880447,0.18521549483302024,0.19752734077694595,0.9593356619745469,-0.08210359349797958,0.5416666666666666,72,1.0,0.0,0.0,0.0
E1_X2_H10,Birth Entry,Lifecycle Exit,Stage Hold,0.06731520416737924,0.31470805450342865,0.22325021056824057,1.3377718534109084,-0.07413102673706762,0.5238095238095238,42,3.4523809523809526,0.047619047619047616,0.0,0.0
E1_X2_H2,Birth Entry,Lifecycle Exit,Fixed 3D,-0.017284753143533615,-0.07061359443448068,0.21237869443530086,-0.2385270266295301,-0.07895845489635922,0.5441176470588235,68,1.3529411764705883,0.0,0.0,0.0
E1_X2_H3,Birth Entry,Lifecycle Exit,Fixed 5D,-0.014034819757931305,-0.0576361294002542,0.21269126091351634,-0.1726819976249701,-0.07895845489635922,0.5373134328358209,67,1.3880597014925373,0.0,0.0,0.0
E1_X2_H4,Birth Entry,Lifecycle Exit,Fixed 10D,-0.014034819757931305,-0.0576361294002542,0.21269126091351634,-0.1726819976249701,-0.07895845489635922,0.5373134328358209,67,1.3880597014925373,0.0,0.0,0.0
E1_X2_H5,Birth Entry,Lifecycle Exit,Event-driven Hold,0.08084745575320773,0.38615086172591484,0.2388365992342126,1.4874863752917964,-0.08140829114963222,0.6818181818181818,44,3.1136363636363638,0.045454545454545456,0.0,0.0
E1_X2_H6,Birth Entry,Lifecycle Exit,Min-hold + Signal Exit,0.079368192069172,0.3782004451830674,0.23946901627966088,1.4601297446481316,-0.08140829114963244,0.6976744186046512,43,3.186046511627907,0.046511627906976744,0.0,0.0
E1_X2_H7,Birth Entry,Lifecycle Exit,Pure Signal Hold,0.1219462001065148,0.6213714983839584,0.21995180718407129,2.3091231082216153,-0.07034213924003951,0.6486486486486487,37,4.054054054054054,0.05405405405405406,0.0,0.0
E1_X2_H8,Birth Entry,Lifecycle Exit,Loose Signal Hold,0.10124180353726309,0.49936474121584573,0.23383135657066437,1.8502337172809484,-0.08965395886721872,0.6111111111111112,36,4.138888888888889,0.05555555555555555,0.0,0.0
E1_X2_H9,Birth Entry,Lifecycle Exit,Trailing Structure Hold,0.1219462001065148,0.6213714983839584,0.21995180718407129,2.3091231082216153,-0.07034213924003951,0.6486486486486487,37,4.054054054054054,0.05405405405405406,0.0,0.0
E1_X3_H1,Birth Entry,Coherence Breakdown,Fixed 1D,0.04128782516880447,0.18521549483302024,0.19752734077694595,0.9593356619745469,-0.08210359349797958,0.5416666666666666,72,1.0,0.0,0.0,0.0
E1_X3_H10,Birth Entry,Coherence Breakdown,Stage Hold,0.06731520416737924,0.31470805450342865,0.22325021056824057,1.3377718534109084,-0.07413102673706762,0.5238095238095238,42,3.4523809523809526,0.047619047619047616,0.0,0.0
E1_X3_H2,Birth Entry,Coherence Breakdown,Fixed 3D,-0.014585518037955714,-0.059844805003095636,0.2147936286000305,-0.1798160721318316,-0.08307462882211725,0.5441176470588235,68,1.338235294117647,0.0,0.0,0.0
E1_X3_H3,Birth Entry,Coherence Breakdown,Fixed 5D,-0.013103723297476666,-0.05389280749353986,0.21456963469304155,-0.15082283662093227,-0.08307462882211736,0.5441176470588235,68,1.3529411764705883,0.0,0.0,0.0
E1_X3_H4,Birth Entry,Coherence Breakdown,Fixed 10D,-0.013103723297476666,-0.05389280749353986,0.21456963469304155,-0.15082283662093227,-0.08307462882211736,0.5441176470588235,68,1.3529411764705883,0.0,0.0,0.0
E1_X3_H5,Birth Entry,Coherence Breakdown,Event-driven Hold,0.06981116443539515,0.3276693471395975,0.24128289982308176,1.2959449953716804,-0.08436648530996493,0.6744186046511628,43,3.2093023255813953,0.046511627906976744,0.0,0.0
E1_X3_H6,Birth Entry,Coherence Breakdown,Min-hold + Signal Exit,0.06981116443539515,0.3276693471395975,0.24128289982308176,1.2959449953716804,-0.08436648530996493,0.6744186046511628,43,3.2093023255813953,0.046511627906976744,0.0,0.0
E1_X3_H7,Birth Entry,Coherence Breakdown,Pure Signal Hold,0.10124180353726309,0.49936474121584573,0.23383135657066437,1.8502337172809484,-0.08965395886721872,0.6111111111111112,36,4.138888888888889,0.05555555555555555,0.0,0.0
E1_X3_H8,Birth Entry,Coherence Breakdown,Loose Signal Hold,0.10124180353726309,0.49936474121584573,0.23383135657066437,1.8502337172809484,-0.08965395886721872,0.6111111111111112,36,4.138888888888889,0.05555555555555555,0.0,0.0
E1_X3_H9,Birth Entry,Coherence Breakdown,Trailing Structure Hold,0.10124180353726309,0.49936474121584573,0.23383135657066437,1.8502337172809484,-0.08965395886721872,0.6111111111111112,36,4.138888888888889,0.05555555555555555,0.0,0.0
E1_X4_H1,Birth Entry,Breadth Breakdown,Fixed 1D,0.04128782516880447,0.18521549483302024,0.19752734077694595,0.9593356619745469,-0.08210359349797958,0.5416666666666666,72,1.0,0.0,0.0,0.0
E1_X4_H10,Birth Entry,Breadth Breakdown,Stage Hold,0.07187648614128905,0.33846778942295064,0.21709590934010273,1.4520233903096942,-0.07031421853449338,0.5116279069767442,43,3.3488372093023258,0.046511627906976744,0.0,0.0
E1_X4_H2,Birth Entry,Breadth Breakdown,Fixed 3D,-0.029198368022308907,-0.11702564433203555,0.20760828205391763,-0.4954783101131994,-0.07534083704029249,0.5441176470588235,68,1.3235294117647058,0.0,0.0,0.0
E1_X4_H3,Birth Entry,Breadth Breakdown,Fixed 5D,-0.029198368022308907,-0.11702564433203555,0.20760828205391763,-0.4954783101131994,-0.07534083704029249,0.5441176470588235,68,1.3235294117647058,0.0,0.0,0.0
E1_X4_H4,Birth Entry,Breadth Breakdown,Fixed 10D,-0.029198368022308907,-0.11702564433203555,0.20760828205391763,-0.4954783101131994,-0.07534083704029249,0.5441176470588235,68,1.3235294117647058,0.0,0.0,0.0
E1_X4_H5,Birth Entry,Breadth Breakdown,Event-driven Hold,0.09613944701885813,0.47040303264281036,0.23533828876423782,1.7570336041057288,-0.08140829114963222,0.6444444444444445,45,3.0444444444444443,0.044444444444444446,0.0,0.0
E1_X4_H6,Birth Entry,Breadth Breakdown,Min-hold + Signal Exit,0.094639254491242,0.4619693787612844,0.23598557501737008,1.7284400877940211,-0.08140829114963222,0.6590909090909091,44,3.1136363636363638,0.045454545454545456,0.0,0.0
E1_X4_H7,Birth Entry,Breadth Breakdown,Pure Signal Hold,0.11568999558371695,0.5837362699231345,0.2175529389587007,2.224039269949988,-0.07235105324082869,0.6052631578947368,38,4.0,0.05263157894736842,0.0,0.0
E1_X4_H8,Birth Entry,Breadth Breakdown,Loose Signal Hold,0.1219462001065148,0.6213714983839584,0.21995180718407129,2.3091231082216153,-0.07034213924003951,0.6486486486486487,37,4.054054054054054,0.05405405405405406,0.0,0.0
E1_X4_H9,Birth Entry,Breadth Breakdown,Trailing Structure Hold,0.11568999558371695,0.5837362699231345,0.2175529389587007,2.224039269949988,-0.07235105324082869,0.6052631578947368,38,4.0,0.05263157894736842,0.0,0.0
E1_X5_H1,Birth Entry,Relative Strength Exit,Fixed 1D,0.04128782516880447,0.18521549483302024,0.19752734077694595,0.9593356619745469,-0.08210359349797958,0.5416666666666666,72,1.0,0.0,0.0,0.0
E1_X5_H10,Birth Entry,Relative Strength Exit,Stage Hold,0.10267875885711564,0.5075989861895513,0.22081975662190287,1.9708877159540064,-0.06647933293440922,0.5238095238095238,42,3.357142857142857,0.047619047619047616,0.0,0.0
E1_X5_H2,Birth Entry,Relative Strength Exit,Fixed 3D,0.06835482639594925,0.3200949465508336,0.2184543334272613,1.3810178567815357,-0.0634006914733729,0.5633802816901409,71,1.2112676056338028,0.0,0.0,0.0
E1_X5_H3,Birth Entry,Relative Strength Exit,Fixed 5D,0.06835482639594925,0.3200949465508336,0.2184543334272613,1.3810178567815357,-0.0634006914733729,0.5633802816901409,71,1.2112676056338028,0.0,0.0,0.0
E1_X5_H4,Birth Entry,Relative Strength Exit,Fixed 10D,0.06835482639594925,0.3200949465508336,0.2184543334272613,1.3810178567815357,-0.0634006914733729,0.5633802816901409,71,1.2112676056338028,0.0,0.0,0.0
E1_X5_H5,Birth Entry,Relative Strength Exit,Event-driven Hold,0.07562543211257888,0.3582398272269458,0.2434997057609716,1.3800464570011353,-0.07483220061589957,0.6086956521739131,46,2.847826086956522,0.043478260869565216,0.0,0.0
E1_X5_H6,Birth Entry,Relative Strength Exit,Min-hold + Signal Exit,0.094639254491242,0.4619693787612844,0.23598557501737008,1.7284400877940211,-0.08140829114963222,0.6590909090909091,44,3.1136363636363638,0.045454545454545456,0.0,0.0
E1_X5_H7,Birth Entry,Relative Strength Exit,Pure Signal Hold,0.13077230406343743,0.6756205723786111,0.22239848207662785,2.4344851077228267,-0.07331305810579591,0.5897435897435898,39,3.769230769230769,0.05128205128205128,0.0,0.0
E1_X5_H8,Birth Entry,Relative Strength Exit,Loose Signal Hold,0.11568999558371695,0.5837362699231345,0.2175529389587007,2.224039269949988,-0.07235105324082869,0.6052631578947368,38,4.0,0.05263157894736842,0.0,0.0
E1_X5_H9,Birth Entry,Relative Strength Exit,Trailing Structure Hold,0.13077230406343743,0.6756205723786111,0.22239848207662785,2.4344851077228267,-0.07331305810579591,0.5897435897435898,39,3.769230769230769,0.05128205128205128,0.0,0.0
E1_X6_H1,Birth Entry,Rotation-out Exit,Fixed 1D,0.04128782516880447,0.18521549483302024,0.19752734077694595,0.9593356619745469,-0.08210359349797958,0.5416666666666666,72,1.0,0.0,0.0,0.0
E1_X6_H10,Birth Entry,Rotation-out Exit,Stage Hold,0.08219068092232229,0.39340035559286024,0.21902939054518136,1.624990372822349,-0.07031421853449338,0.5238095238095238,42,3.4761904761904763,0.047619047619047616,0.0,0.0
E1_X6_H2,Birth Entry,Rotation-out Exit,Fixed 3D,0.04569461526589125,0.2064253686638562,0.2068535864689616,1.0107305427511963,-0.06820463660624232,0.5735294117647058,68,1.338235294117647,0.0,0.0,0.0
E1_X6_H3,Birth Entry,Rotation-out Exit,Fixed 5D,0.042141535939142605,0.18930203947040947,0.2086715632012025,0.9351792922959609,-0.06820463660624332,0.5522388059701493,67,1.3880597014925373,0.014925373134328358,0.0,0.0
E1_X6_H4,Birth Entry,Rotation-out Exit,Fixed 10D,0.042141535939142605,0.18930203947040947,0.2086715632012025,0.9351792922959609,-0.06820463660624332,0.5522388059701493,67,1.3880597014925373,0.014925373134328358,0.0,0.0
E1_X6_H5,Birth Entry,Rotation-out Exit,Event-driven Hold,0.09613944701885813,0.47040303264281036,0.23533828876423782,1.7570336041057288,-0.08140829114963222,0.6444444444444445,45,3.0444444444444443,0.044444444444444446,0.0,0.0
E1_X6_H6,Birth Entry,Rotation-out Exit,Min-hold + Signal Exit,0.094639254491242,0.4619693787612844,0.23598557501737008,1.7284400877940211,-0.08140829114963222,0.6590909090909091,44,3.1136363636363638,0.045454545454545456,0.0,0.0
E1_X6_H7,Birth Entry,Rotation-out Exit,Pure Signal Hold,0.11568999558371695,0.5837362699231345,0.2175529389587007,2.224039269949988,-0.07235105324082869,0.6052631578947368,38,4.0,0.05263157894736842,0.0,0.0
E1_X6_H8,Birth Entry,Rotation-out Exit,Loose Signal Hold,0.10124180353726309,0.49936474121584573,0.23383135657066437,1.8502337172809484,-0.08965395886721872,0.6111111111111112,36,4.138888888888889,0.05555555555555555,0.0,0.0
E1_X6_H9,Birth Entry,Rotation-out Exit,Trailing Structure Hold,0.11568999558371695,0.5837362699231345,0.2175529389587007,2.224039269949988,-0.07235105324082869,0.6052631578947368,38,4.0,0.05263157894736842,0.0,0.0
E1_X7_H1,Birth Entry,Composite Structural Exit,Fixed 1D,0.04128782516880447,0.18521549483302024,0.19752734077694595,0.9593356619745469,-0.08210359349797958,0.5416666666666666,72,1.0,0.0,0.0,0.0
E1_X7_H10,Birth Entry,Composite Structural Exit,Stage Hold,0.08219068092232229,0.39340035559286024,0.21902939054518136,1.624990372822349,-0.07031421853449338,0.5238095238095238,42,3.4761904761904763,0.047619047619047616,0.0,0.0
E1_X7_H2,Birth Entry,Composite Structural Exit,Fixed 3D,0.01666909220174073,0.07190033626692882,0.19952551584825784,0.447631335156429,-0.07429235082817409,0.5588235294117647,68,1.3235294117647058,0.0,0.0,0.0
E1_X7_H3,Birth Entry,Composite Structural Exit,Fixed 5D,0.01666909220174073,0.07190033626692882,0.19952551584825784,0.447631335156429,-0.07429235082817409,0.5588235294117647,68,1.3235294117647058,0.0,0.0,0.0
E1_X7_H4,Birth Entry,Composite Structural Exit,Fixed 10D,0.01666909220174073,0.07190033626692882,0.19952551584825784,0.447631335156429,-0.07429235082817409,0.5588235294117647,68,1.3235294117647058,0.0,0.0,0.0
E1_X7_H5,Birth Entry,Composite Structural Exit,Event-driven Hold,0.09613944701885813,0.47040303264281036,0.23533828876423782,1.7570336041057288,-0.08140829114963222,0.6444444444444445,45,3.0444444444444443,0.044444444444444446,0.0,0.0
E1_X7_H6,Birth Entry,Composite Structural Exit,Min-hold + Signal Exit,0.094639254491242,0.4619693787612844,0.23598557501737008,1.7284400877940211,-0.08140829114963222,0.6590909090909091,44,3.1136363636363638,0.045454545454545456,0.0,0.0
E1_X7_H7,Birth Entry,Composite Structural Exit,Pure Signal Hold,0.11568999558371695,0.5837362699231345,0.2175529389587007,2.224039269949988,-0.07235105324082869,0.6052631578947368,38,4.0,0.05263157894736842,0.0,0.0
E1_X7_H8,Birth Entry,Composite Structural Exit,Loose Signal Hold,0.1219462001065148,0.6213714983839584,0.21995180718407129,2.3091231082216153,-0.07034213924003951,0.6486486486486487,37,4.054054054054054,0.05405405405405406,0.0,0.0
E1_X7_H9,Birth Entry,Composite Structural Exit,Trailing Structure Hold,0.11568999558371695,0.5837362699231345,0.2175529389587007,2.224039269949988,-0.07235105324082869,0.6052631578947368,38,4.0,0.05263157894736842,0.0,0.0
E2_X1_H1,Emergence Entry,No Signal Exit,Fixed 1D,0.03812939532038895,0.17018964822380078,0.04584769566296844,3.451749110844671,-0.00033333333333340764,1.0,4,1.0,0.0,0.0,0.0
E2_X1_H10,Emergence Entry,No Signal Exit,Stage Hold,0.0329465707667449,0.14584798242371178,0.06965952828567874,1.9897945164667157,-0.026429647698757885,0.75,4,3.5,0.0,0.0,0.0
E2_X1_H2,Emergence Entry,No Signal Exit,Fixed 3D,0.07982003021969275,0.3806251888423071,0.07949104387246918,4.099202717636385,-0.00033333333333340764,1.0,4,1.5,0.0,0.0,0.0
E2_X1_H3,Emergence Entry,No Signal Exit,Fixed 5D,0.07982003021969275,0.3806251888423071,0.07949104387246918,4.099202717636385,-0.00033333333333340764,1.0,4,1.5,0.0,0.0,0.0
E2_X1_H4,Emergence Entry,No Signal Exit,Fixed 10D,0.07982003021969275,0.3806251888423071,0.07949104387246918,4.099202717636385,-0.00033333333333340764,1.0,4,1.5,0.0,0.0,0.0
E2_X1_H5,Emergence Entry,No Signal Exit,Event-driven Hold,0.025339575060872477,0.11082187799064092,0.10320474969413075,1.0700067796902986,-0.045699666206585166,0.75,4,3.5,0.0,0.0,0.0
E2_X1_H6,Emergence Entry,No Signal Exit,Min-hold + Signal Exit,0.025339575060872477,0.11082187799064092,0.10320474969413075,1.0700067796902986,-0.045699666206585166,0.75,4,3.5,0.0,0.0,0.0
E2_X1_H7,Emergence Entry,No Signal Exit,Pure Signal Hold,0.05223545665300233,0.23843812740104786,0.10837989776399906,2.027974872078087,-0.03161653257721886,0.75,4,4.5,0.0,0.0,0.0
E2_X1_H8,Emergence Entry,No Signal Exit,Loose Signal Hold,0.05223545665300233,0.23843812740104786,0.10837989776399906,2.027974872078087,-0.03161653257721886,0.75,4,4.5,0.0,0.0,0.0
E2_X1_H9,Emergence Entry,No Signal Exit,Trailing Structure Hold,0.05223545665300233,0.23843812740104786,0.10837989776399906,2.027974872078087,-0.03161653257721886,0.75,4,4.5,0.0,0.0,0.0
E2_X2_H1,Emergence Entry,Lifecycle Exit,Fixed 1D,0.03812939532038895,0.17018964822380078,0.04584769566296844,3.451749110844671,-0.00033333333333340764,1.0,4,1.0,0.0,0.0,0.0
E2_X2_H10,Emergence Entry,Lifecycle Exit,Stage Hold,0.0329465707667449,0.14584798242371178,0.06965952828567874,1.9897945164667157,-0.026429647698757885,0.75,4,3.5,0.0,0.0,0.0
E2_X2_H2,Emergence Entry,Lifecycle Exit,Fixed 3D,0.07982003021969275,0.3806251888423071,0.07949104387246918,4.099202717636385,-0.00033333333333340764,1.0,4,1.5,0.0,0.0,0.0
E2_X2_H3,Emergence Entry,Lifecycle Exit,Fixed 5D,0.07982003021969275,0.3806251888423071,0.07949104387246918,4.099202717636385,-0.00033333333333340764,1.0,4,1.5,0.0,0.0,0.0
E2_X2_H4,Emergence Entry,Lifecycle Exit,Fixed 10D,0.07982003021969275,0.3806251888423071,0.07949104387246918,4.099202717636385,-0.00033333333333340764,1.0,4,1.5,0.0,0.0,0.0
E2_X2_H5,Emergence Entry,Lifecycle Exit,Event-driven Hold,0.025339575060872477,0.11082187799064092,0.10320474969413075,1.0700067796902986,-0.045699666206585166,0.75,4,3.5,0.0,0.0,0.0
E2_X2_H6,Emergence Entry,Lifecycle Exit,Min-hold + Signal Exit,0.025339575060872477,0.11082187799064092,0.10320474969413075,1.0700067796902986,-0.045699666206585166,0.75,4,3.5,0.0,0.0,0.0
E2_X2_H7,Emergence Entry,Lifecycle Exit,Pure Signal Hold,0.05223545665300233,0.23843812740104786,0.10837989776399906,2.027974872078087,-0.03161653257721886,0.75,4,4.5,0.0,0.0,0.0
E2_X2_H8,Emergence Entry,Lifecycle Exit,Loose Signal Hold,0.05223545665300233,0.23843812740104786,0.10837989776399906,2.027974872078087,-0.03161653257721886,0.75,4,4.5,0.0,0.0,0.0
E2_X2_H9,Emergence Entry,Lifecycle Exit,Trailing Structure Hold,0.05223545665300233,0.23843812740104786,0.10837989776399906,2.027974872078087,-0.03161653257721886,0.75,4,4.5,0.0,0.0,0.0
E2_X3_H1,Emergence Entry,Coherence Breakdown,Fixed 1D,0.03812939532038895,0.17018964822380078,0.04584769566296844,3.451749110844671,-0.00033333333333340764,1.0,4,1.0,0.0,0.0,0.0
E2_X3_H10,Emergence Entry,Coherence Breakdown,Stage Hold,0.0329465707667449,0.14584798242371178,0.06965952828567874,1.9897945164667157,-0.026429647698757885,0.75,4,3.5,0.0,0.0,0.0
E2_X3_H2,Emergence Entry,Coherence Breakdown,Fixed 3D,0.046278067648490184,0.20925505300166836,0.0484607625182194,3.946252384669498,-0.00033333333333340764,1.0,4,1.25,0.0,0.0,0.0
E2_X3_H3,Emergence Entry,Coherence Breakdown,Fixed 5D,0.046278067648490184,0.20925505300166836,0.0484607625182194,3.946252384669498,-0.00033333333333340764,1.0,4,1.25,0.0,0.0,0.0
E2_X3_H4,Emergence Entry,Coherence Breakdown,Fixed 10D,0.046278067648490184,0.20925505300166836,0.0484607625182194,3.946252384669498,-0.00033333333333340764,1.0,4,1.25,0.0,0.0,0.0
E2_X3_H5,Emergence Entry,Coherence Breakdown,Event-driven Hold,0.01572755498528977,0.06773722509795177,0.06256449728194255,1.0790958355060123,-0.026760409092740023,0.75,4,2.75,0.0,0.0,0.0
E2_X3_H6,Emergence Entry,Coherence Breakdown,Min-hold + Signal Exit,0.01572755498528977,0.06773722509795177,0.06256449728194255,1.0790958355060123,-0.026760409092740023,0.75,4,2.75,0.0,0.0,0.0
E2_X3_H7,Emergence Entry,Coherence Breakdown,Pure Signal Hold,0.0329465707667449,0.14584798242371178,0.06965952828567874,1.9897945164667157,-0.026429647698757885,0.75,4,3.5,0.0,0.0,0.0
E2_X3_H8,Emergence Entry,Coherence Breakdown,Loose Signal Hold,0.05223545665300233,0.23843812740104786,0.10837989776399906,2.027974872078087,-0.03161653257721886,0.75,4,4.5,0.0,0.0,0.0
E2_X3_H9,Emergence Entry,Coherence Breakdown,Trailing Structure Hold,0.0329465707667449,0.14584798242371178,0.06965952828567874,1.9897945164667157,-0.026429647698757885,0.75,4,3.5,0.0,0.0,0.0
E2_X4_H1,Emergence Entry,Breadth Breakdown,Fixed 1D,0.03812939532038895,0.17018964822380078,0.04584769566296844,3.451749110844671,-0.00033333333333340764,1.0,4,1.0,0.0,0.0,0.0
E2_X4_H10,Emergence Entry,Breadth Breakdown,Stage Hold,0.0329465707667449,0.14584798242371178,0.06965952828567874,1.9897945164667157,-0.026429647698757885,0.75,4,3.5,0.0,0.0,0.0
E2_X4_H2,Emergence Entry,Breadth Breakdown,Fixed 3D,0.07982003021969275,0.3806251888423071,0.07949104387246918,4.099202717636385,-0.00033333333333340764,1.0,4,1.5,0.0,0.0,0.0
E2_X4_H3,Emergence Entry,Breadth Breakdown,Fixed 5D,0.07982003021969275,0.3806251888423071,0.07949104387246918,4.099202717636385,-0.00033333333333340764,1.0,4,1.5,0.0,0.0,0.0
E2_X4_H4,Emergence Entry,Breadth Breakdown,Fixed 10D,0.07982003021969275,0.3806251888423071,0.07949104387246918,4.099202717636385,-0.00033333333333340764,1.0,4,1.5,0.0,0.0,0.0
E2_X4_H5,Emergence Entry,Breadth Breakdown,Event-driven Hold,0.025339575060872477,0.11082187799064092,0.10320474969413075,1.0700067796902986,-0.045699666206585166,0.75,4,3.5,0.0,0.0,0.0
E2_X4_H6,Emergence Entry,Breadth Breakdown,Min-hold + Signal Exit,0.025339575060872477,0.11082187799064092,0.10320474969413075,1.0700067796902986,-0.045699666206585166,0.75,4,3.5,0.0,0.0,0.0
E2_X4_H7,Emergence Entry,Breadth Breakdown,Pure Signal Hold,0.05223545665300233,0.23843812740104786,0.10837989776399906,2.027974872078087,-0.03161653257721886,0.75,4,4.5,0.0,0.0,0.0
E2_X4_H8,Emergence Entry,Breadth Breakdown,Loose Signal Hold,0.05223545665300233,0.23843812740104786,0.10837989776399906,2.027974872078087,-0.03161653257721886,0.75,4,4.5,0.0,0.0,0.0
E2_X4_H9,Emergence Entry,Breadth Breakdown,Trailing Structure Hold,0.05223545665300233,0.23843812740104786,0.10837989776399906,2.027974872078087,-0.03161653257721886,0.75,4,4.5,0.0,0.0,0.0
E2_X5_H1,Emergence Entry,Relative Strength Exit,Fixed 1D,0.03812939532038895,0.17018964822380078,0.04584769566296844,3.451749110844671,-0.00033333333333340764,1.0,4,1.0,0.0,0.0,0.0
E2_X5_H10,Emergence Entry,Relative Strength Exit,Stage Hold,0.0329465707667449,0.14584798242371178,0.06965952828567874,1.9897945164667157,-0.026429647698757885,0.75,4,3.5,0.0,0.0,0.0
E2_X5_H2,Emergence Entry,Relative Strength Exit,Fixed 3D,0.046278067648490184,0.20925505300166836,0.0484607625182194,3.946252384669498,-0.00033333333333340764,1.0,4,1.25,0.0,0.0,0.0
E2_X5_H3,Emergence Entry,Relative Strength Exit,Fixed 5D,0.046278067648490184,0.20925505300166836,0.0484607625182194,3.946252384669498,-0.00033333333333340764,1.0,4,1.25,0.0,0.0,0.0
E2_X5_H4,Emergence Entry,Relative Strength Exit,Fixed 10D,0.046278067648490184,0.20925505300166836,0.0484607625182194,3.946252384669498,-0.00033333333333340764,1.0,4,1.25,0.0,0.0,0.0
E2_X5_H5,Emergence Entry,Relative Strength Exit,Event-driven Hold,0.01572755498528977,0.06773722509795177,0.06256449728194255,1.0790958355060123,-0.026760409092740023,0.75,4,2.75,0.0,0.0,0.0
E2_X5_H6,Emergence Entry,Relative Strength Exit,Min-hold + Signal Exit,0.01572755498528977,0.06773722509795177,0.06256449728194255,1.0790958355060123,-0.026760409092740023,0.75,4,2.75,0.0,0.0,0.0
E2_X5_H7,Emergence Entry,Relative Strength Exit,Pure Signal Hold,0.0329465707667449,0.14584798242371178,0.06965952828567874,1.9897945164667157,-0.026429647698757885,0.75,4,3.5,0.0,0.0,0.0
E2_X5_H8,Emergence Entry,Relative Strength Exit,Loose Signal Hold,0.05223545665300233,0.23843812740104786,0.10837989776399906,2.027974872078087,-0.03161653257721886,0.75,4,4.5,0.0,0.0,0.0
E2_X5_H9,Emergence Entry,Relative Strength Exit,Trailing Structure Hold,0.0329465707667449,0.14584798242371178,0.06965952828567874,1.9897945164667157,-0.026429647698757885,0.75,4,3.5,0.0,0.0,0.0
E2_X6_H1,Emergence Entry,Rotation-out Exit,Fixed 1D,0.03812939532038895,0.17018964822380078,0.04584769566296844,3.451749110844671,-0.00033333333333340764,1.0,4,1.0,0.0,0.0,0.0
E2_X6_H10,Emergence Entry,Rotation-out Exit,Stage Hold,0.0329465707667449,0.14584798242371178,0.06965952828567874,1.9897945164667157,-0.026429647698757885,0.75,4,3.5,0.0,0.0,0.0
E2_X6_H2,Emergence Entry,Rotation-out Exit,Fixed 3D,0.07982003021969275,0.3806251888423071,0.07949104387246918,4.099202717636385,-0.00033333333333340764,1.0,4,1.5,0.0,0.0,0.0
E2_X6_H3,Emergence Entry,Rotation-out Exit,Fixed 5D,0.07982003021969275,0.3806251888423071,0.07949104387246918,4.099202717636385,-0.00033333333333340764,1.0,4,1.5,0.0,0.0,0.0
E2_X6_H4,Emergence Entry,Rotation-out Exit,Fixed 10D,0.07982003021969275,0.3806251888423071,0.07949104387246918,4.099202717636385,-0.00033333333333340764,1.0,4,1.5,0.0,0.0,0.0
E2_X6_H5,Emergence Entry,Rotation-out Exit,Event-driven Hold,0.025339575060872477,0.11082187799064092,0.10320474969413075,1.0700067796902986,-0.045699666206585166,0.75,4,3.5,0.0,0.0,0.0
E2_X6_H6,Emergence Entry,Rotation-out Exit,Min-hold + Signal Exit,0.025339575060872477,0.11082187799064092,0.10320474969413075,1.0700067796902986,-0.045699666206585166,0.75,4,3.5,0.0,0.0,0.0
E2_X6_H7,Emergence Entry,Rotation-out Exit,Pure Signal Hold,0.05223545665300233,0.23843812740104786,0.10837989776399906,2.027974872078087,-0.03161653257721886,0.75,4,4.5,0.0,0.0,0.0
E2_X6_H8,Emergence Entry,Rotation-out Exit,Loose Signal Hold,0.05223545665300233,0.23843812740104786,0.10837989776399906,2.027974872078087,-0.03161653257721886,0.75,4,4.5,0.0,0.0,0.0
E2_X6_H9,Emergence Entry,Rotation-out Exit,Trailing Structure Hold,0.05223545665300233,0.23843812740104786,0.10837989776399906,2.027974872078087,-0.03161653257721886,0.75,4,4.5,0.0,0.0,0.0
E2_X7_H1,Emergence Entry,Composite Structural Exit,Fixed 1D,0.03812939532038895,0.17018964822380078,0.04584769566296844,3.451749110844671,-0.00033333333333340764,1.0,4,1.0,0.0,0.0,0.0
E2_X7_H10,Emergence Entry,Composite Structural Exit,Stage Hold,0.0329465707667449,0.14584798242371178,0.06965952828567874,1.9897945164667157,-0.026429647698757885,0.75,4,3.5,0.0,0.0,0.0
E2_X7_H2,Emergence Entry,Composite Structural Exit,Fixed 3D,0.046278067648490184,0.20925505300166836,0.0484607625182194,3.946252384669498,-0.00033333333333340764,1.0,4,1.25,0.0,0.0,0.0
E2_X7_H3,Emergence Entry,Composite Structural Exit,Fixed 5D,0.046278067648490184,0.20925505300166836,0.0484607625182194,3.946252384669498,-0.00033333333333340764,1.0,4,1.25,0.0,0.0,0.0
E2_X7_H4,Emergence Entry,Composite Structural Exit,Fixed 10D,0.046278067648490184,0.20925505300166836,0.0484607625182194,3.946252384669498,-0.00033333333333340764,1.0,4,1.25,0.0,0.0,0.0
E2_X7_H5,Emergence Entry,Composite Structural Exit,Event-driven Hold,0.01572755498528977,0.06773722509795177,0.06256449728194255,1.0790958355060123,-0.026760409092740023,0.75,4,2.75,0.0,0.0,0.0
E2_X7_H6,Emergence Entry,Composite Structural Exit,Min-hold + Signal Exit,0.01572755498528977,0.06773722509795177,0.06256449728194255,1.0790958355060123,-0.026760409092740023,0.75,4,2.75,0.0,0.0,0.0
E2_X7_H7,Emergence Entry,Composite Structural Exit,Pure Signal Hold,0.0329465707667449,0.14584798242371178,0.06965952828567874,1.9897945164667157,-0.026429647698757885,0.75,4,3.5,0.0,0.0,0.0
E2_X7_H8,Emergence Entry,Composite Structural Exit,Loose Signal Hold,0.05223545665300233,0.23843812740104786,0.10837989776399906,2.027974872078087,-0.03161653257721886,0.75,4,4.5,0.0,0.0,0.0
E2_X7_H9,Emergence Entry,Composite Structural Exit,Trailing Structure Hold,0.0329465707667449,0.14584798242371178,0.06965952828567874,1.9897945164667157,-0.026429647698757885,0.75,4,3.5,0.0,0.0,0.0
E3_X1_H1,15m Confirmation,No Signal Exit,Fixed 1D,0.11950103359338127,0.6065819942678923,0.21995209662513346,2.2674772637244867,-0.08371389630184012,0.6101694915254238,177,0.9830508474576272,0.01694915254237288,0.0,0.0
E3_X1_H10,15m Confirmation,No Signal Exit,Stage Hold,0.10357738525984739,0.5127659039168462,0.2215206420845283,1.9811172504576717,-0.06129201713384813,0.56,50,3.48,0.06,0.0,0.0
E3_X1_H2,15m Confirmation,No Signal Exit,Fixed 3D,0.19262353674384025,1.095627936118333,0.2302416167741742,3.3327512486367192,-0.07353933771813148,0.5882352941176471,102,1.7058823529411764,0.029411764705882353,0.0,0.0
E3_X1_H3,15m Confirmation,No Signal Exit,Fixed 5D,0.15870172858252096,0.8564401409643936,0.23437587750954145,2.7598840203395976,-0.06689880069726661,0.5777777777777777,90,1.9333333333333333,0.03333333333333333,0.0,0.0
E3_X1_H4,15m Confirmation,No Signal Exit,Fixed 10D,0.1695853578352442,0.930785706977393,0.23598953990299942,2.909412261269617,-0.06689880069726661,0.5862068965517241,87,2.0,0.034482758620689655,0.0,0.0
E3_X1_H5,15m Confirmation,No Signal Exit,Event-driven Hold,0.18280350373683407,1.0241044972554931,0.22034379192301562,3.3149138999175807,-0.057380833072515625,0.6190476190476191,42,4.142857142857143,0.07142857142857142,0.05707257511433128,0.09331380199022442
E3_X1_H6,15m Confirmation,No Signal Exit,Min-hold + Signal Exit,0.18280350373683407,1.0241044972554931,0.22034379192301562,3.3149138999175807,-0.057380833072515625,0.6190476190476191,42,4.142857142857143,0.07142857142857142,0.05707257511433128,0.09331380199022442
E3_X1_H7,15m Confirmation,No Signal Exit,Pure Signal Hold,0.22763056903865486,1.3663790709023882,0.24628645825526405,3.626617137434008,-0.05500711850900719,0.5142857142857142,35,4.9714285714285715,0.08571428571428572,0.22169014731275594,0.3057038956677067
E3_X1_H8,15m Confirmation,No Signal Exit,Loose Signal Hold,0.22763056903865486,1.3663790709023882,0.24628645825526405,3.626617137434008,-0.05500711850900719,0.5142857142857142,35,4.9714285714285715,0.08571428571428572,0.22169014731275594,0.3057038956677067
E3_X1_H9,15m Confirmation,No Signal Exit,Trailing Structure Hold,0.13843799096538278,0.7238496971774178,0.23724385641794135,2.416364771378647,-0.06359207059364691,0.43902439024390244,41,4.2439024390243905,0.07317073170731707,0.0,0.0
E3_X2_H1,15m Confirmation,Lifecycle Exit,Fixed 1D,0.11950103359338127,0.6065819942678923,0.21995209662513346,2.2674772637244867,-0.08371389630184012,0.6101694915254238,177,0.9830508474576272,0.01694915254237288,0.0,0.0
E3_X2_H10,15m Confirmation,Lifecycle Exit,Stage Hold,0.10357738525984739,0.5127659039168462,0.2215206420845283,1.9811172504576717,-0.06129201713384813,0.56,50,3.48,0.06,0.0,0.0
E3_X2_H2,15m Confirmation,Lifecycle Exit,Fixed 3D,0.15495700746906715,0.8313714369985603,0.23250547585060213,2.7219257623637705,-0.07818548228321764,0.5982905982905983,117,1.4871794871794872,0.02564102564102564,0.0,0.0
E3_X2_H3,15m Confirmation,Lifecycle Exit,Fixed 5D,0.18711195572473938,1.0552518670326143,0.22822556975416586,3.2751279633540813,-0.0669559191044864,0.6272727272727273,110,1.5818181818181818,0.02727272727272727,0.0,0.0
E3_X2_H4,15m Confirmation,Lifecycle Exit,Fixed 10D,0.18511162177098717,1.0407456506593205,0.22819992808270204,3.244337056323536,-0.0669559191044864,0.6238532110091743,109,1.5963302752293578,0.027522935779816515,0.0,0.0
E3_X2_H5,15m Confirmation,Lifecycle Exit,Event-driven Hold,0.12004114165395485,0.6098399379924806,0.21109560898117555,2.3635164947876017,-0.06314462438331625,0.6545454545454545,55,3.1636363636363636,0.05454545454545454,0.0,0.0
E3_X2_H6,15m Confirmation,Lifecycle Exit,Min-hold + Signal Exit,0.13271666956962247,0.6877550871446501,0.21757583094047822,2.5170111811227804,-0.058013152614599606,0.6326530612244898,49,3.5510204081632653,0.061224489795918366,0.0,0.0
E3_X2_H7,15m Confirmation,Lifecycle Exit,Pure Signal Hold,0.2469897931473497,1.5271101645743057,0.22475212098267022,4.2446031285850765,-0.06490836514953036,0.625,48,3.625,0.0625,0.0,0.0
E3_X2_H8,15m Confirmation,Lifecycle Exit,Loose Signal Hold,0.22763056903865486,1.3663790709023882,0.24628645825526405,3.626617137434008,-0.05500711850900719,0.5142857142857142,35,4.9714285714285715,0.08571428571428572,0.22169014731275594,0.3057038956677067
E3_X2_H9,15m Confirmation,Lifecycle Exit,Trailing Structure Hold,0.15231934549010928,0.8138692678158892,0.22599862778841528,2.7511157451811385,-0.06490836514953036,0.5208333333333334,48,3.625,0.0625,0.0,0.0
E3_X3_H1,15m Confirmation,Coherence Breakdown,Fixed 1D,0.11950103359338127,0.6065819942678923,0.21995209662513346,2.2674772637244867,-0.08371389630184012,0.6101694915254238,177,0.9830508474576272,0.01694915254237288,0.0,0.0
E3_X3_H10,15m Confirmation,Coherence Breakdown,Stage Hold,0.04475903441961049,0.20189843151419762,0.21679783624967022,0.9572173084666865,-0.08040396447816922,0.5357142857142857,56,3.107142857142857,0.05357142857142857,0.0,0.0
E3_X3_H2,15m Confirmation,Coherence Breakdown,Fixed 3D,0.15661700456927607,0.8424521030631618,0.23552189809142543,2.715560468690477,-0.060789506376685676,0.5714285714285714,112,1.5535714285714286,0.026785714285714284,0.0,0.0
E3_X3_H3,15m Confirmation,Coherence Breakdown,Fixed 5D,0.18911522488762578,1.0698579728253805,0.22339988166443947,3.372717829601316,-0.056668767366917505,0.5833333333333334,108,1.6111111111111112,0.027777777777777776,0.0,0.0
E3_X3_H4,15m Confirmation,Coherence Breakdown,Fixed 10D,0.18911522488762578,1.0698579728253805,0.22339988166443947,3.372717829601316,-0.056668767366917505,0.5833333333333334,108,1.6111111111111112,0.027777777777777776,0.0,0.0
E3_X3_H5,15m Confirmation,Coherence Breakdown,Event-driven Hold,0.11833246961962485,0.5995503837817384,0.220824468874852,2.2396567005438013,-0.05893745300553166,0.5789473684210527,57,3.0526315789473686,0.05263157894736842,0.0,0.0
E3_X3_H6,15m Confirmation,Coherence Breakdown,Min-hold + Signal Exit,0.1410860919341732,0.7407537142863811,0.21928176746092584,2.6405325421311883,-0.05829784904763513,0.6078431372549019,51,3.411764705882353,0.058823529411764705,0.0,0.0
E3_X3_H7,15m Confirmation,Coherence Breakdown,Pure Signal Hold,0.05412305706778331,0.24779578420872528,0.2242494248470425,1.0998041203461881,-0.08156670844889158,0.4375,48,3.625,0.0625,0.0,0.0
E3_X3_H8,15m Confirmation,Coherence Breakdown,Loose Signal Hold,0.2067679399547313,1.2020126421702542,0.2501260690307189,3.2858470004006786,-0.057182319819599314,0.5,40,4.35,0.075,0.0,0.0
E3_X3_H9,15m Confirmation,Coherence Breakdown,Trailing Structure Hold,0.05412305706778331,0.24779578420872528,0.2242494248470425,1.0998041203461881,-0.08156670844889158,0.4375,48,3.625,0.0625,0.0,0.0
E3_X4_H1,15m Confirmation,Breadth Breakdown,Fixed 1D,0.11950103359338127,0.6065819942678923,0.21995209662513346,2.2674772637244867,-0.08371389630184012,0.6101694915254238,177,0.9830508474576272,0.01694915254237288,0.0,0.0
E3_X4_H10,15m Confirmation,Breadth Breakdown,Stage Hold,0.14128606079665618,0.7420353138646585,0.1993483598617774,2.8869821135333766,-0.05407979609906066,0.6271186440677966,59,2.9491525423728815,0.05084745762711865,0.0,0.0
E3_X4_H2,15m Confirmation,Breadth Breakdown,Fixed 3D,0.18097834702231563,1.0110187831195558,0.22318706723084086,3.24586673326341,-0.07353933771813137,0.6160714285714286,112,1.5535714285714286,0.026785714285714284,0.0,0.0
E3_X4_H3,15m Confirmation,Breadth Breakdown,Fixed 5D,0.18728708469936195,1.0565256140433847,0.22292384545114566,3.350198960679617,-0.06752629051153858,0.6226415094339622,106,1.6415094339622642,0.02830188679245283,0.0,0.0
E3_X4_H4,15m Confirmation,Breadth Breakdown,Fixed 10D,0.19761819763830624,1.1327366050904248,0.22492728070451393,3.4845922411887766,-0.06752629051153858,0.625,104,1.6730769230769231,0.028846153846153848,0.0,0.0
E3_X4_H5,15m Confirmation,Breadth Breakdown,Event-driven Hold,0.1832225148180393,1.027117789684484,0.22404990710922484,3.2703231838497957,-0.05791338763369358,0.6326530612244898,49,3.5510204081632653,0.061224489795918366,0.05707257511433128,0.09142705059100668
E3_X4_H6,15m Confirmation,Breadth Breakdown,Min-hold + Signal Exit,0.20720860581031308,1.2053917999478934,0.21985337455002651,3.7127654646347845,-0.058013152614599606,0.6222222222222222,45,3.8666666666666667,0.06666666666666667,0.05707257511433128,0.0834935878550173
E3_X4_H7,15m Confirmation,Breadth Breakdown,Pure Signal Hold,0.18350210397624966,1.0291303382470485,0.23782356205941216,3.0982476211948673,-0.06801077395137489,0.525,40,4.35,0.075,0.22169014731275594,0.3539652230104351
E3_X4_H8,15m Confirmation,Breadth Breakdown,Loose Signal Hold,0.22763056903865486,1.3663790709023882,0.24628645825526405,3.626617137434008,-0.05500711850900719,0.5142857142857142,35,4.9714285714285715,0.08571428571428572,0.22169014731275594,0.3057038956677067
E3_X4_H9,15m Confirmation,Breadth Breakdown,Trailing Structure Hold,0.09761876791991986,0.47875559952148916,0.22263463739980202,1.8696837062682825,-0.06801077395137489,0.4888888888888889,45,3.8666666666666667,0.06666666666666667,0.0,0.0
E3_X5_H1,15m Confirmation,Relative Strength Exit,Fixed 1D,0.11950103359338127,0.6065819942678923,0.21995209662513346,2.2674772637244867,-0.08371389630184012,0.6101694915254238,177,0.9830508474576272,0.01694915254237288,0.0,0.0
E3_X5_H10,15m Confirmation,Relative Strength Exit,Stage Hold,0.1409866419752468,0.7401166074635832,0.2152718898555966,2.683668569898885,-0.07742829928209194,0.609375,64,2.71875,0.046875,0.0,0.0
E3_X5_H2,15m Confirmation,Relative Strength Exit,Fixed 3D,0.20407755563702956,1.1814674469161437,0.22796540078376845,3.54031374097525,-0.07289998330142977,0.6201550387596899,129,1.3488372093023255,0.023255813953488372,0.0,0.0
E3_X5_H3,15m Confirmation,Relative Strength Exit,Fixed 5D,0.2150143949361678,1.2659064612266366,0.22865571566386314,3.696922845395168,-0.07289998330142977,0.608,125,1.392,0.024,0.0,0.0
E3_X5_H4,15m Confirmation,Relative Strength Exit,Fixed 10D,0.2150143949361678,1.2659064612266366,0.22865571566386314,3.696922845395168,-0.07289998330142977,0.608,125,1.392,0.024,0.0,0.0
E3_X5_H5,15m Confirmation,Relative Strength Exit,Event-driven Hold,0.15925890734856463,0.8601923521298411,0.2289132814538082,2.829100721644193,-0.061925944235120434,0.640625,64,2.71875,0.046875,0.0,0.0
E3_X5_H6,15m Confirmation,Relative Strength Exit,Min-hold + Signal Exit,0.19050697458106236,1.080051870049048,0.22256180204520165,3.4065835465193848,-0.056575463148233474,0.5882352941176471,51,3.411764705882353,0.058823529411764705,0.0,0.0
E3_X5_H7,15m Confirmation,Relative Strength Exit,Pure Signal Hold,0.22648492475630078,1.3571178722748507,0.2363808698212194,3.7513776737912057,-0.0632509617742748,0.5818181818181818,55,3.1636363636363636,0.05454545454545454,0.0,0.0
E3_X5_H8,15m Confirmation,Relative Strength Exit,Loose Signal Hold,0.16758185322435004,0.9169324676732669,0.2371997351454477,2.865714207632518,-0.05523930518731135,0.47368421052631576,38,4.578947368421052,0.07894736842105263,0.22169014731275594,0.38276663114600695
E3_X5_H9,15m Confirmation,Relative Strength Exit,Trailing Structure Hold,0.1832577219043272,1.027371134844068,0.22732321461080215,3.22676299721399,-0.0632509617742748,0.6271186440677966,59,2.9491525423728815,0.05084745762711865,0.0,0.0
E3_X6_H1,15m Confirmation,Rotation-out Exit,Fixed 1D,0.11950103359338127,0.6065819942678923,0.21995209662513346,2.2674772637244867,-0.08371389630184012,0.6101694915254238,177,0.9830508474576272,0.01694915254237288,0.0,0.0
E3_X6_H10,15m Confirmation,Rotation-out Exit,Stage Hold,0.0700126396847709,0.32871981956555385,0.22443122444526162,1.3796655462216851,-0.08241903648496651,0.5555555555555556,54,3.2222222222222223,0.05555555555555555,0.0,0.0
E3_X6_H2,15m Confirmation,Rotation-out Exit,Fixed 3D,0.17615564958963237,0.976751859014438,0.22100654807623515,3.197879449419369,-0.07395022786915495,0.6036036036036037,111,1.5675675675675675,0.02702702702702703,0.0,0.0
E3_X6_H3,15m Confirmation,Rotation-out Exit,Fixed 5D,0.1655164270983014,0.9027304817696422,0.23176208672986243,2.894853729438065,-0.0755538275175045,0.5961538461538461,104,1.6730769230769231,0.028846153846153848,0.0,0.0
E3_X6_H4,15m Confirmation,Rotation-out Exit,Fixed 10D,0.18404487801618652,1.03304169957925,0.23149090807377862,3.1849094333854873,-0.0755538275175045,0.61,100,1.74,0.03,0.0,0.0
E3_X6_H5,15m Confirmation,Rotation-out Exit,Event-driven Hold,0.15341978371652965,0.8211556447116293,0.22567536477066988,2.7724684293796487,-0.06231936421882567,0.6382978723404256,47,3.702127659574468,0.06382978723404255,0.05252002311543791,0.09796576641851872
E3_X6_H6,15m Confirmation,Rotation-out Exit,Min-hold + Signal Exit,0.14231785208364034,0.7486594882285382,0.22011941581971725,2.6519899663740185,-0.05685927632669263,0.5869565217391305,46,3.782608695652174,0.06521739130434782,0.0,0.0
E3_X6_H7,15m Confirmation,Rotation-out Exit,Pure Signal Hold,0.1797050074420623,1.001927640891997,0.24215650021760624,2.991367692810281,-0.07274571582148137,0.5384615384615384,39,4.461538461538462,0.07692307692307693,0.055874497105014465,0.09480897419468097
E3_X6_H8,15m Confirmation,Rotation-out Exit,Loose Signal Hold,0.22763056903865486,1.3663790709023882,0.24628645825526405,3.626617137434008,-0.05500711850900719,0.5142857142857142,35,4.9714285714285715,0.08571428571428572,0.22169014731275594,0.3057038956677067
E3_X6_H9,15m Confirmation,Rotation-out Exit,Trailing Structure Hold,0.10133636370358379,0.49990554757377814,0.24063679977691949,1.8065017347312684,-0.07337452898211938,0.45454545454545453,44,3.9545454545454546,0.06818181818181818,0.055874497105014465,0.13987221938484343
E3_X7_H1,15m Confirmation,Composite Structural Exit,Fixed 1D,0.11950103359338127,0.6065819942678923,0.21995209662513346,2.2674772637244867,-0.08371389630184012,0.6101694915254238,177,0.9830508474576272,0.01694915254237288,0.0,0.0
E3_X7_H10,15m Confirmation,Composite Structural Exit,Stage Hold,0.09490256158087207,0.46344694256863117,0.20869491194442757,1.930502434406059,-0.08241903648496651,0.6,60,2.9,0.05,0.0,0.0
E3_X7_H2,15m Confirmation,Composite Structural Exit,Fixed 3D,0.15252540915543356,0.8152319924271654,0.21748185345750043,2.85319428290517,-0.07580384361740145,0.6141732283464567,127,1.3700787401574803,0.023622047244094488,0.0,0.0
E3_X7_H3,15m Confirmation,Composite Structural Exit,Fixed 5D,0.14553501713163075,0.7694371918568537,0.22227678206611265,2.6811001624043325,-0.07740573833544273,0.6129032258064516,124,1.403225806451613,0.024193548387096774,0.0,0.0
E3_X7_H4,15m Confirmation,Composite Structural Exit,Fixed 10D,0.15365493532275676,0.8227155512262652,0.21990712534927007,2.8429239062249225,-0.07740573833544273,0.6178861788617886,123,1.4146341463414633,0.024390243902439025,0.0,0.0
E3_X7_H5,15m Confirmation,Composite Structural Exit,Event-driven Hold,0.12229456513849724,0.6234869841201416,0.2153297410740267,2.360267518103667,-0.0734458814773491,0.6,60,2.9,0.05,0.05252002311543791,0.11034486615691357
E3_X7_H6,15m Confirmation,Composite Structural Exit,Min-hold + Signal Exit,0.14693214841625757,0.7785187571171177,0.20678675657584306,2.8909858476587775,-0.05685927632669263,0.62,50,3.48,0.06,0.0,0.0
E3_X7_H7,15m Confirmation,Composite Structural Exit,Pure Signal Hold,0.07293911394205344,0.34404969485568526,0.21185870723797717,1.5023226343629335,-0.08303618619540432,0.5294117647058824,51,3.411764705882353,0.058823529411764705,0.055874497105014465,0.1708903472484924
E3_X7_H8,15m Confirmation,Composite Structural Exit,Loose Signal Hold,0.291700947256486,1.9300855984939527,0.2504715737245536,4.425948169550327,-0.05564232938089397,0.5405405405405406,37,4.702702702702703,0.08108108108108109,0.31491252226627986,0.35079545152010544
E3_X7_H9,15m Confirmation,Composite Structural Exit,Trailing Structure Hold,0.07282240887808245,0.34343578634004013,0.21169461163881403,1.5011669603274094,-0.08303618619540432,0.5384615384615384,52,3.3461538461538463,0.057692307692307696,0.055874497105014465,0.17021798484610298
E4_X1_H1,Cross-resolution Confirmation,No Signal Exit,Fixed 1D,0.1765971233557666,0.9798700475055664,0.23228146807129368,3.0599830508862,-0.05343499602137902,0.5953757225433526,173,0.9826589595375722,0.017341040462427744,0.0,0.0
E4_X1_H10,Cross-resolution Confirmation,No Signal Exit,Stage Hold,0.20996712458945455,1.226634818726037,0.23980569025052814,3.462475900295598,-0.061436294518889545,0.6071428571428571,56,3.107142857142857,0.05357142857142857,0.0,0.0
E4_X1_H2,Cross-resolution Confirmation,No Signal Exit,Fixed 3D,0.237834340253813,1.4500932430830065,0.23940456936841767,3.868881543769785,-0.0494977006016637,0.6,90,1.9111111111111112,0.03333333333333333,0.0,0.0
E4_X1_H3,Cross-resolution Confirmation,No Signal Exit,Fixed 5D,0.26814270021424336,1.712102691593484,0.21907941588435847,4.672333802763992,-0.052167048711011965,0.6363636363636364,77,2.2337662337662336,0.03896103896103896,0.0,0.0
E4_X1_H4,Cross-resolution Confirmation,No Signal Exit,Fixed 10D,0.2383774443048452,1.4546113581426234,0.23775596250778547,3.9023026589129937,-0.05667412808583727,0.625,72,2.388888888888889,0.041666666666666664,0.0,0.0
E4_X1_H5,Cross-resolution Confirmation,No Signal Exit,Event-driven Hold,0.2963969050258839,1.9750861027276905,0.23160393493748815,4.833267656016283,-0.06198373658386802,0.7317073170731707,41,4.2439024390243905,0.07317073170731707,0.05707257511433128,0.06367778771934397
E4_X1_H6,Cross-resolution Confirmation,No Signal Exit,Min-hold + Signal Exit,0.2963969050258839,1.9750861027276905,0.23160393493748815,4.833267656016283,-0.06198373658386802,0.7317073170731707,41,4.2439024390243905,0.07317073170731707,0.05707257511433128,0.06367778771934397
E4_X1_H7,Cross-resolution Confirmation,No Signal Exit,Pure Signal Hold,0.2525796695362248,1.5750312592012774,0.24429260710527753,4.000549864544659,-0.06526761606451148,0.5757575757575758,33,5.2727272727272725,0.09090909090909091,0.24716612404412186,0.3134710258292759
E4_X1_H8,Cross-resolution Confirmation,No Signal Exit,Loose Signal Hold,0.2525796695362248,1.5750312592012774,0.24429260710527753,4.000549864544659,-0.06526761606451148,0.5757575757575758,33,5.2727272727272725,0.09090909090909091,0.24716612404412186,0.3134710258292759
E4_X1_H9,Cross-resolution Confirmation,No Signal Exit,Trailing Structure Hold,0.1991556406929269,1.1442594344537347,0.2478161116279764,3.205463442940116,-0.06590242886090736,0.5263157894736842,38,4.578947368421052,0.07894736842105263,0.0,0.0
E4_X2_H1,Cross-resolution Confirmation,Lifecycle Exit,Fixed 1D,0.1765971233557666,0.9798700475055664,0.23228146807129368,3.0599830508862,-0.05343499602137902,0.5953757225433526,173,0.9826589595375722,0.017341040462427744,0.0,0.0
E4_X2_H10,Cross-resolution Confirmation,Lifecycle Exit,Stage Hold,0.20996712458945455,1.226634818726037,0.23980569025052814,3.462475900295598,-0.061436294518889545,0.6071428571428571,56,3.107142857142857,0.05357142857142857,0.0,0.0
E4_X2_H2,Cross-resolution Confirmation,Lifecycle Exit,Fixed 3D,0.25857052424037485,1.6271552423883344,0.24324594771063915,4.099323775180575,-0.054982058554521984,0.6330275229357798,109,1.5779816513761469,0.027522935779816515,0.0,0.0
E4_X2_H3,Cross-resolution Confirmation,Lifecycle Exit,Fixed 5D,0.2903547608176289,1.9172815119898448,0.23792906846078357,4.627363344252245,-0.05182053480294613,0.64,100,1.72,0.03,0.0,0.0
E4_X2_H4,Cross-resolution Confirmation,Lifecycle Exit,Fixed 10D,0.25842896266379767,1.6259143769079891,0.25210165892866554,3.962320721354787,-0.05190831971740062,0.6288659793814433,97,1.7731958762886597,0.030927835051546393,0.0,0.0
E4_X2_H5,Cross-resolution Confirmation,Lifecycle Exit,Event-driven Hold,0.27578733331966854,1.7814342676925214,0.2248599432705635,4.670527230787443,-0.05510474234741347,0.7192982456140351,57,3.0526315789473686,0.05263157894736842,0.0,0.0
E4_X2_H6,Cross-resolution Confirmation,Lifecycle Exit,Min-hold + Signal Exit,0.22323370587904745,1.3309858953479368,0.2293205567742416,3.8110645570813397,-0.06261320624944688,0.673469387755102,49,3.5510204081632653,0.061224489795918366,0.0,0.0
E4_X2_H7,Cross-resolution Confirmation,Lifecycle Exit,Pure Signal Hold,0.23774054065803307,1.4493135607610887,0.23038004968688297,4.010007666113844,-0.05545630945200131,0.5909090909090909,44,3.9545454545454546,0.06818181818181818,0.0,0.0
E4_X2_H8,Cross-resolution Confirmation,Lifecycle Exit,Loose Signal Hold,0.2525796695362248,1.5750312592012774,0.24429260710527753,4.000549864544659,-0.06526761606451148,0.5757575757575758,33,5.2727272727272725,0.09090909090909091,0.24716612404412186,0.3134710258292759
E4_X2_H9,Cross-resolution Confirmation,Lifecycle Exit,Trailing Structure Hold,0.21671155826167565,1.2792295219297993,0.2284474825803471,3.7259153732747476,-0.05545630945200131,0.5555555555555556,45,3.8666666666666667,0.06666666666666667,0.0,0.0
E4_X3_H1,Cross-resolution Confirmation,Coherence Breakdown,Fixed 1D,0.1765971233557666,0.9798700475055664,0.23228146807129368,3.0599830508862,-0.05343499602137902,0.5953757225433526,173,0.9826589595375722,0.017341040462427744,0.0,0.0
E4_X3_H10,Cross-resolution Confirmation,Coherence Breakdown,Stage Hold,0.19202877861206646,1.0912420844417845,0.23969298521393698,3.202120443294617,-0.05905635350491645,0.5606060606060606,66,2.6363636363636362,0.045454545454545456,0.0,0.0
E4_X3_H2,Cross-resolution Confirmation,Coherence Breakdown,Fixed 3D,0.2047236851864147,1.1863882505630814,0.23525460374167664,3.447975076465963,-0.057515201899895674,0.638095238095238,105,1.638095238095238,0.02857142857142857,0.0,0.0
E4_X3_H3,Cross-resolution Confirmation,Coherence Breakdown,Fixed 5D,0.19592739608147935,1.1201189209254134,0.23530424708216138,3.316071330474752,-0.057515201899895674,0.6363636363636364,99,1.7373737373737375,0.030303030303030304,0.0,0.0
E4_X3_H4,Cross-resolution Confirmation,Coherence Breakdown,Fixed 10D,0.19592739608147935,1.1201189209254134,0.23530424708216138,3.316071330474752,-0.057515201899895674,0.6363636363636364,99,1.7373737373737375,0.030303030303030304,0.0,0.0
E4_X3_H5,Cross-resolution Confirmation,Coherence Breakdown,Event-driven Hold,0.20533735445672474,1.19106966886218,0.24172850967997572,3.3709590763153563,-0.05812502340039016,0.625,56,3.0892857142857144,0.05357142857142857,0.0,0.0
E4_X3_H6,Cross-resolution Confirmation,Coherence Breakdown,Min-hold + Signal Exit,0.19764159582682916,1.1329116155231649,0.23301311704564773,3.372736568318486,-0.06092839149173057,0.6415094339622641,53,3.2830188679245285,0.05660377358490566,0.0,0.0
E4_X3_H7,Cross-resolution Confirmation,Coherence Breakdown,Pure Signal Hold,0.17560003584357498,0.9728328039741763,0.23854885068118686,2.9714365106631284,-0.05601171811775418,0.5106382978723404,47,3.702127659574468,0.06382978723404255,0.0,0.0
E4_X3_H8,Cross-resolution Confirmation,Coherence Breakdown,Loose Signal Hold,0.24975338164860683,1.5507162347521555,0.2536225937505298,3.824451861047574,-0.06590242886090736,0.5405405405405406,37,4.702702702702703,0.08108108108108109,0.0,0.0
E4_X3_H9,Cross-resolution Confirmation,Coherence Breakdown,Trailing Structure Hold,0.17560003584357498,0.9728328039741763,0.23854885068118686,2.9714365106631284,-0.05601171811775418,0.5106382978723404,47,3.702127659574468,0.06382978723404255,0.0,0.0
E4_X4_H1,Cross-resolution Confirmation,Breadth Breakdown,Fixed 1D,0.1765971233557666,0.9798700475055664,0.23228146807129368,3.0599830508862,-0.05343499602137902,0.5953757225433526,173,0.9826589595375722,0.017341040462427744,0.0,0.0
E4_X4_H10,Cross-resolution Confirmation,Breadth Breakdown,Stage Hold,0.21660204395086868,1.2783680164425437,0.22824561079962288,3.72699646129997,-0.05702225071925071,0.6451612903225806,62,2.806451612903226,0.04838709677419355,0.0,0.0
E4_X4_H2,Cross-resolution Confirmation,Breadth Breakdown,Fixed 3D,0.2309756938223706,1.393579222088869,0.2252414999719115,3.993832703341811,-0.04747168073738295,0.6,100,1.72,0.03,0.0,0.0
E4_X4_H3,Cross-resolution Confirmation,Breadth Breakdown,Fixed 5D,0.2545487536895885,1.5920757076930427,0.22901378264422273,4.280543546225155,-0.05078623693945572,0.6413043478260869,92,1.858695652173913,0.03260869565217391,0.0,0.0
E4_X4_H4,Cross-resolution Confirmation,Breadth Breakdown,Fixed 10D,0.25408787467520844,1.5880786438603107,0.23048713801618984,4.247885899634812,-0.054782875340535164,0.6436781609195402,87,1.9655172413793103,0.034482758620689655,0.0,0.0
E4_X4_H5,Cross-resolution Confirmation,Breadth Breakdown,Event-driven Hold,0.3108019936144495,2.116418627710845,0.22466077429090267,5.182530405865363,-0.04977159690962596,0.7,50,3.48,0.06,0.0,0.0
E4_X4_H6,Cross-resolution Confirmation,Breadth Breakdown,Min-hold + Signal Exit,0.3388175810915175,2.4058844404476374,0.22842684622103548,5.4915370251572,-0.06261320624944688,0.7333333333333333,45,3.8666666666666667,0.06666666666666667,0.05707257511433128,0.05689697038810374
E4_X4_H7,Cross-resolution Confirmation,Breadth Breakdown,Pure Signal Hold,0.21578955290279822,1.271984218567387,0.2370852813852833,3.5850098467864724,-0.057151835091368675,0.6190476190476191,42,4.142857142857143,0.07142857142857142,0.0,0.0
E4_X4_H8,Cross-resolution Confirmation,Breadth Breakdown,Loose Signal Hold,0.2525796695362248,1.5750312592012774,0.24429260710527753,4.000549864544659,-0.06526761606451148,0.5757575757575758,33,5.2727272727272725,0.09090909090909091,0.24716612404412186,0.3134710258292759
E4_X4_H9,Cross-resolution Confirmation,Breadth Breakdown,Trailing Structure Hold,0.1771864924760147,0.9840386801700212,0.2312839090061923,3.081382939757643,-0.057151835091368675,0.5681818181818182,44,3.9545454545454546,0.06818181818181818,0.0,0.0
E4_X5_H1,Cross-resolution Confirmation,Relative Strength Exit,Fixed 1D,0.1765971233557666,0.9798700475055664,0.23228146807129368,3.0599830508862,-0.05343499602137902,0.5953757225433526,173,0.9826589595375722,0.017341040462427744,0.0,0.0
E4_X5_H10,Cross-resolution Confirmation,Relative Strength Exit,Stage Hold,0.30049416664227735,2.014777849716533,0.2353211407978017,4.816413654113535,-0.061420360999531964,0.6764705882352942,68,2.5588235294117645,0.04411764705882353,0.0,0.0
E4_X5_H2,Cross-resolution Confirmation,Relative Strength Exit,Fixed 3D,0.26635472991080866,1.6960788074663236,0.23280253998248057,4.384708035143856,-0.052296949624849653,0.6153846153846154,117,1.4700854700854702,0.02564102564102564,0.0,0.0
E4_X5_H3,Cross-resolution Confirmation,Relative Strength Exit,Fixed 5D,0.27366364823538625,1.7620400124735704,0.23451662677133822,4.457834366642304,-0.052296949624849653,0.6017699115044248,113,1.5132743362831858,0.02654867256637168,0.0,0.0
E4_X5_H4,Cross-resolution Confirmation,Relative Strength Exit,Fixed 10D,0.2779413827417847,1.8012116387818549,0.2345300544985089,4.517888799130134,-0.052296949624849653,0.5982142857142857,112,1.5267857142857142,0.026785714285714284,0.0,0.0
E4_X5_H5,Cross-resolution Confirmation,Relative Strength Exit,Event-driven Hold,0.3312539336530309,2.3257974581113037,0.23796825779207317,5.180248555776311,-0.04540302885528935,0.6551724137931034,58,2.9827586206896552,0.05172413793103448,0.0,0.0
E4_X5_H6,Cross-resolution Confirmation,Relative Strength Exit,Min-hold + Signal Exit,0.33550491493890866,2.3706298361335056,0.22889460125478614,5.435114807786914,-0.052156999254291514,0.6938775510204082,49,3.5510204081632653,0.061224489795918366,0.0,0.0
E4_X5_H7,Cross-resolution Confirmation,Relative Strength Exit,Pure Signal Hold,0.29924947220789266,2.002677613564173,0.25058155772820445,4.52200696031247,-0.05983058532286012,0.58,50,3.48,0.06,0.0,0.0
E4_X5_H8,Cross-resolution Confirmation,Relative Strength Exit,Loose Signal Hold,0.24441966885868593,1.5053063578902934,0.24145366255228032,3.9308266359254436,-0.06526761606451148,0.5277777777777778,36,4.833333333333333,0.08333333333333333,0.24716612404412186,0.3208745599196771
E4_X5_H9,Cross-resolution Confirmation,Relative Strength Exit,Trailing Structure Hold,0.263953571628587,1.6746731012040317,0.24790664861565534,4.099763395038825,-0.05983058532286012,0.6111111111111112,54,3.2222222222222223,0.05555555555555555,0.0,0.0
E4_X6_H1,Cross-resolution Confirmation,Rotation-out Exit,Fixed 1D,0.1765971233557666,0.9798700475055664,0.23228146807129368,3.0599830508862,-0.05343499602137902,0.5953757225433526,173,0.9826589595375722,0.017341040462427744,0.0,0.0
E4_X6_H10,Cross-resolution Confirmation,Rotation-out Exit,Stage Hold,0.21187222084707025,1.2413964924221963,0.23753707261935758,3.521134416430158,-0.0628235714683204,0.6333333333333333,60,2.9,0.05,0.0,0.0
E4_X6_H2,Cross-resolution Confirmation,Rotation-out Exit,Fixed 3D,0.25196551034653347,1.569732591614435,0.2298658163121683,4.228283289892737,-0.052739240390932585,0.6288659793814433,97,1.7628865979381443,0.030927835051546393,0.0,0.0
E4_X6_H3,Cross-resolution Confirmation,Rotation-out Exit,Fixed 5D,0.2792197740614084,1.8129997211334397,0.22952513195408983,4.629580379854739,-0.058625166687131136,0.632183908045977,87,1.9770114942528736,0.034482758620689655,0.0,0.0
E4_X6_H4,Cross-resolution Confirmation,Rotation-out Exit,Fixed 10D,0.24600283524800037,1.5187202180380637,0.24632233119241914,3.879975066428522,-0.058625166687131136,0.6341463414634146,82,2.097560975609756,0.036585365853658534,0.0,0.0
E4_X6_H5,Cross-resolution Confirmation,Rotation-out Exit,Event-driven Hold,0.2422921074165969,1.4873657468099153,0.22659552335745262,4.141877661071844,-0.046306551850528455,0.6739130434782609,46,3.760869565217391,0.06521739130434782,0.0,0.0
E4_X6_H6,Cross-resolution Confirmation,Rotation-out Exit,Min-hold + Signal Exit,0.20810056084787032,1.2122436692636258,0.23331806867126859,3.524826145779833,-0.0628734361670581,0.6444444444444445,45,3.8444444444444446,0.06666666666666667,0.0,0.0
E4_X6_H7,Cross-resolution Confirmation,Rotation-out Exit,Pure Signal Hold,0.23959936760885547,1.464799817974678,0.24055908364764303,3.8765309297581205,-0.05983058532286012,0.5675675675675675,37,4.702702702702703,0.08108108108108109,0.24716612404412186,0.3248329241623273
E4_X6_H8,Cross-resolution Confirmation,Rotation-out Exit,Loose Signal Hold,0.2525796695362248,1.5750312592012774,0.24429260710527753,4.000549864544659,-0.06526761606451148,0.5757575757575758,33,5.2727272727272725,0.09090909090909091,0.24716612404412186,0.3134710258292759
E4_X6_H9,Cross-resolution Confirmation,Rotation-out Exit,Trailing Structure Hold,0.18054004469840046,1.007885934873363,0.23227875632063308,3.120943638798898,-0.05983058532286012,0.5365853658536586,41,4.2439024390243905,0.07317073170731707,0.0,0.0
E4_X7_H1,Cross-resolution Confirmation,Composite Structural Exit,Fixed 1D,0.1765971233557666,0.9798700475055664,0.23228146807129368,3.0599830508862,-0.05343499602137902,0.5953757225433526,173,0.9826589595375722,0.017341040462427744,0.0,0.0
E4_X7_H10,Cross-resolution Confirmation,Composite Structural Exit,Stage Hold,0.27379207770913827,1.763209940842418,0.22571956654419362,4.623857304418266,-0.0628235714683204,0.6612903225806451,62,2.806451612903226,0.04838709677419355,0.0,0.0
E4_X7_H2,Cross-resolution Confirmation,Composite Structural Exit,Fixed 3D,0.23779078658748065,1.4497311921704465,0.21783483635613732,4.22923037886299,-0.05851334345123749,0.6428571428571429,112,1.5357142857142858,0.026785714285714284,0.0,0.0
E4_X7_H3,Cross-resolution Confirmation,Composite Structural Exit,Fixed 5D,0.25494745151580234,1.5955372857043346,0.22714136974526059,4.320347926438855,-0.06436767589921277,0.6296296296296297,108,1.5833333333333333,0.027777777777777776,0.0,0.0
E4_X7_H4,Cross-resolution Confirmation,Composite Structural Exit,Fixed 10D,0.2523962224264087,1.5734476954838348,0.22752936561100442,4.275649245065956,-0.06436767589921277,0.6226415094339622,106,1.6132075471698113,0.02830188679245283,0.0,0.0
E4_X7_H5,Cross-resolution Confirmation,Composite Structural Exit,Event-driven Hold,0.22428040572457975,1.3393746252611902,0.222531072445319,3.9361629428651046,-0.060476975332822924,0.6333333333333333,60,2.8833333333333333,0.05,0.0,0.0
E4_X7_H6,Cross-resolution Confirmation,Composite Structural Exit,Min-hold + Signal Exit,0.17719276164235542,0.9840830581621447,0.2128202967738527,3.329928620970925,-0.0689523484135911,0.62,50,3.46,0.06,0.0,0.0
E4_X7_H7,Cross-resolution Confirmation,Composite Structural Exit,Pure Signal Hold,0.20308756591809662,1.1739442418891053,0.22504700017723972,3.568148769409939,-0.06545881977459145,0.58,50,3.48,0.06,0.055874497105014465,0.08327729904496635
E4_X7_H8,Cross-resolution Confirmation,Composite Structural Exit,Loose Signal Hold,0.24727136485832824,1.5295076528191385,0.25813089281170293,3.729636350681208,-0.06590242886090736,0.5277777777777778,36,4.833333333333333,0.08333333333333333,0.31491252226627986,0.4014140880736113
E4_X7_H9,Cross-resolution Confirmation,Composite Structural Exit,Trailing Structure Hold,0.2001084646735405,1.1514244286845456,0.2248119790578533,3.5251819186125575,-0.06545881977459145,0.5882352941176471,51,3.411764705882353,0.058823529411764705,0.055874497105014465,0.08402125545626449
E5_X1_H1,Expansion Entry,No Signal Exit,Fixed 1D,0.15263702403460866,0.8159704410852895,0.17154243686835344,3.567564044820827,-0.055548169201180886,0.6326530612244898,49,0.9795918367346939,0.02040816326530612,0.0,0.0
E5_X1_H10,Expansion Entry,No Signal Exit,Stage Hold,0.19798706762238205,1.135496899856553,0.21141923989865788,3.699144877627331,-0.06192776481748441,0.6060606060606061,33,3.4242424242424243,0.06060606060606061,0.0,0.0
E5_X1_H2,Expansion Entry,No Signal Exit,Fixed 3D,0.1998941951325124,1.149811588775484,0.21629988632711022,3.6517169587340343,-0.059223667982985395,0.6,45,1.7777777777777777,0.022222222222222223,0.0,0.0
E5_X1_H3,Expansion Entry,No Signal Exit,Fixed 5D,0.21172244196909595,1.2402332349822411,0.26900033223683806,3.1383325888159366,-0.0661688654657725,0.6046511627906976,43,2.1627906976744184,0.023255813953488372,0.0,0.0
E5_X1_H4,Expansion Entry,No Signal Exit,Fixed 10D,0.20138948661268374,1.1610861192103523,0.2687917053755445,3.00628176926935,-0.06822347124465544,0.5952380952380952,42,2.238095238095238,0.047619047619047616,0.0,0.0
E5_X1_H5,Expansion Entry,No Signal Exit,Event-driven Hold,0.21548107190776,1.2695640350729684,0.23415104923918936,3.6223134689145047,-0.07496102739536226,0.6470588235294118,34,4.0,0.058823529411764705,0.05707257511433128,0.13515233209024777
E5_X1_H6,Expansion Entry,No Signal Exit,Min-hold + Signal Exit,0.21548107190776,1.2695640350729684,0.23415104923918936,3.6223134689145047,-0.07496102739536226,0.6470588235294118,34,4.0,0.058823529411764705,0.05707257511433128,0.13515233209024777
E5_X1_H7,Expansion Entry,No Signal Exit,Pure Signal Hold,0.2863622479607266,1.8795578045115282,0.22093732318609155,4.906790723896477,-0.06966183069119725,0.6296296296296297,27,4.962962962962963,0.07407407407407407,0.0,0.0
E5_X1_H8,Expansion Entry,No Signal Exit,Loose Signal Hold,0.2863622479607266,1.8795578045115282,0.22093732318609155,4.906790723896477,-0.06966183069119725,0.6296296296296297,27,4.962962962962963,0.07407407407407407,0.0,0.0
E5_X1_H9,Expansion Entry,No Signal Exit,Trailing Structure Hold,0.1870665546971204,1.054921754683999,0.20515889862096293,3.61765459440822,-0.06966183069119725,0.5806451612903226,31,4.0,0.06451612903225806,0.0,0.0
E5_X2_H1,Expansion Entry,Lifecycle Exit,Fixed 1D,0.15263702403460866,0.8159704410852895,0.17154243686835344,3.567564044820827,-0.055548169201180886,0.6326530612244898,49,0.9795918367346939,0.02040816326530612,0.0,0.0
E5_X2_H10,Expansion Entry,Lifecycle Exit,Stage Hold,0.19798706762238205,1.135496899856553,0.21141923989865788,3.699144877627331,-0.06192776481748441,0.6060606060606061,33,3.4242424242424243,0.06060606060606061,0.0,0.0
E5_X2_H2,Expansion Entry,Lifecycle Exit,Fixed 3D,0.21696728678182953,1.2812422028505344,0.2183923046785029,3.89136135725658,-0.059539662962176054,0.5777777777777777,45,1.6666666666666667,0.022222222222222223,0.0,0.0
E5_X2_H3,Expansion Entry,Lifecycle Exit,Fixed 5D,0.16597157755394898,0.9058532122241707,0.2579678840323948,2.633145882147163,-0.0664825276401726,0.6,45,1.8666666666666667,0.022222222222222223,0.0,0.0
E5_X2_H4,Expansion Entry,Lifecycle Exit,Fixed 10D,0.15601953677300373,0.838458071733513,0.2569048584825968,2.5024688796694883,-0.06853644330272479,0.5909090909090909,44,1.9318181818181819,0.022727272727272728,0.0,0.0
E5_X2_H5,Expansion Entry,Lifecycle Exit,Event-driven Hold,0.19531417901889547,1.115556843857744,0.2278186580245315,3.4073142553463303,-0.07496102739536226,0.6388888888888888,36,3.5277777777777777,0.05555555555555555,0.0,0.0
E5_X2_H6,Expansion Entry,Lifecycle Exit,Min-hold + Signal Exit,0.19531417901889547,1.115556843857744,0.2278186580245315,3.4073142553463303,-0.07496102739536226,0.6388888888888888,36,3.5277777777777777,0.05555555555555555,0.0,0.0
E5_X2_H7,Expansion Entry,Lifecycle Exit,Pure Signal Hold,0.21934505465219267,1.3000210415931277,0.21033087511915716,4.071135809978317,-0.06966183069119725,0.5862068965517241,29,4.172413793103448,0.06896551724137931,0.0,0.0
E5_X2_H8,Expansion Entry,Lifecycle Exit,Loose Signal Hold,0.2863622479607266,1.8795578045115282,0.22093732318609155,4.906790723896477,-0.06966183069119725,0.6296296296296297,27,4.962962962962963,0.07407407407407407,0.0,0.0
E5_X2_H9,Expansion Entry,Lifecycle Exit,Trailing Structure Hold,0.1780132832755319,0.9898978732058983,0.20425548186791356,3.4749063324615053,-0.06966183069119725,0.5806451612903226,31,3.838709677419355,0.06451612903225806,0.0,0.0
E5_X3_H1,Expansion Entry,Coherence Breakdown,Fixed 1D,0.15263702403460866,0.8159704410852895,0.17154243686835344,3.567564044820827,-0.055548169201180886,0.6326530612244898,49,0.9795918367346939,0.02040816326530612,0.0,0.0
E5_X3_H10,Expansion Entry,Coherence Breakdown,Stage Hold,0.1393117215733113,0.7294132232896675,0.21407717744834442,2.668233244501922,-0.0647238019813372,0.6111111111111112,36,2.8333333333333335,0.05555555555555555,0.0,0.0
E5_X3_H2,Expansion Entry,Coherence Breakdown,Fixed 3D,0.15041929894490225,0.8013407190141084,0.20329501694839258,2.999739159055084,-0.05460056517240641,0.6041666666666666,48,1.3333333333333333,0.020833333333333332,0.0,0.0
E5_X3_H3,Expansion Entry,Coherence Breakdown,Fixed 5D,0.14442474090494395,0.762245458345779,0.20166121454108207,2.9133631838253757,-0.05460056517240641,0.6041666666666666,48,1.375,0.020833333333333332,0.0,0.0
E5_X3_H4,Expansion Entry,Coherence Breakdown,Fixed 10D,0.14442474090494395,0.762245458345779,0.20166121454108207,2.9133631838253757,-0.05460056517240641,0.6041666666666666,48,1.375,0.020833333333333332,0.0,0.0
E5_X3_H5,Expansion Entry,Coherence Breakdown,Event-driven Hold,0.1155373506582642,0.5828264071112692,0.22308849518347337,2.1716164140422682,-0.0675304748924439,0.627906976744186,43,2.744186046511628,0.046511627906976744,0.0,0.0
E5_X3_H6,Expansion Entry,Coherence Breakdown,Min-hold + Signal Exit,0.18747704878231386,1.0579079396159057,0.23039395226977502,3.251767362078733,-0.0682404794500866,0.631578947368421,38,3.3157894736842106,0.05263157894736842,0.0,0.0
E5_X3_H7,Expansion Entry,Coherence Breakdown,Pure Signal Hold,0.13877675230342623,0.7260051569060164,0.21899467150553772,2.6039197782960017,-0.06712432118214473,0.5555555555555556,36,3.1666666666666665,0.05555555555555555,0.0,0.0
E5_X3_H8,Expansion Entry,Coherence Breakdown,Loose Signal Hold,0.19781225683851988,1.1341884323891507,0.22513285124401075,3.48462635125742,-0.06966183069119725,0.5862068965517241,29,4.448275862068965,0.10344827586206896,0.0,0.0
E5_X3_H9,Expansion Entry,Coherence Breakdown,Trailing Structure Hold,0.13877675230342623,0.7260051569060164,0.21899467150553772,2.6039197782960017,-0.06712432118214473,0.5555555555555556,36,3.1666666666666665,0.05555555555555555,0.0,0.0
E5_X4_H1,Expansion Entry,Breadth Breakdown,Fixed 1D,0.15263702403460866,0.8159704410852895,0.17154243686835344,3.567564044820827,-0.055548169201180886,0.6326530612244898,49,0.9795918367346939,0.02040816326530612,0.0,0.0
E5_X4_H10,Expansion Entry,Breadth Breakdown,Stage Hold,0.15750151363278064,0.8483771197635221,0.2064302876525054,3.0820784882815273,-0.06036519451134048,0.6176470588235294,34,3.0294117647058822,0.058823529411764705,0.0,0.0
E5_X4_H2,Expansion Entry,Breadth Breakdown,Fixed 3D,0.19658815980277944,1.1250431108834236,0.2193461963081722,3.550996842692345,-0.059539662962176276,0.5777777777777777,45,1.6222222222222222,0.022222222222222223,0.0,0.0
E5_X4_H3,Expansion Entry,Breadth Breakdown,Fixed 5D,0.20621877526571009,1.1978070058552,0.2194062682226546,3.7038074566368984,-0.0664825276401727,0.6136363636363636,44,1.8863636363636365,0.022727272727272728,0.0,0.0
E5_X4_H4,Expansion Entry,Breadth Breakdown,Fixed 10D,0.19550762447469006,1.1169951883172362,0.219548101584952,3.5303865586656626,-0.06853644330272446,0.6046511627906976,43,1.9534883720930232,0.023255813953488372,0.0,0.0
E5_X4_H5,Expansion Entry,Breadth Breakdown,Event-driven Hold,0.20090119206667434,1.157399426175195,0.23644947322283186,3.3744028197040086,-0.07595178147223636,0.6571428571428571,35,3.657142857142857,0.05714285714285714,0.05707257511433128,0.15999476305682628
E5_X4_H6,Expansion Entry,Breadth Breakdown,Min-hold + Signal Exit,0.20628455311153004,1.1983104256623758,0.23225962000702904,3.512225518472888,-0.07496102739536226,0.6470588235294118,34,3.911764705882353,0.058823529411764705,0.05707257511433128,0.1395324004176727
E5_X4_H7,Expansion Entry,Breadth Breakdown,Pure Signal Hold,0.2587764663827483,1.6289612367859938,0.21558589784668455,4.599097189304687,-0.0630336978159467,0.6071428571428571,28,4.428571428571429,0.07142857142857142,0.0,0.0
E5_X4_H8,Expansion Entry,Breadth Breakdown,Loose Signal Hold,0.2863622479607266,1.8795578045115282,0.22093732318609155,4.906790723896477,-0.06966183069119725,0.6296296296296297,27,4.962962962962963,0.07407407407407407,0.0,0.0
E5_X4_H9,Expansion Entry,Breadth Breakdown,Trailing Structure Hold,0.1867777983786787,1.052823143534917,0.20841446511154063,3.5592252074967448,-0.0630336978159467,0.5806451612903226,31,3.903225806451613,0.06451612903225806,0.0,0.0
E5_X5_H1,Expansion Entry,Relative Strength Exit,Fixed 1D,0.15263702403460866,0.8159704410852895,0.17154243686835344,3.567564044820827,-0.055548169201180886,0.6326530612244898,49,0.9795918367346939,0.02040816326530612,0.0,0.0
E5_X5_H10,Expansion Entry,Relative Strength Exit,Stage Hold,0.18743793415484178,1.0576232534795156,0.2138836658389231,3.484758906281284,-0.06065985202331525,0.6176470588235294,34,3.0294117647058822,0.058823529411764705,0.0,0.0
E5_X5_H2,Expansion Entry,Relative Strength Exit,Fixed 3D,0.1603239481606904,0.8673807368155617,0.21199305627863355,3.0553752630915896,-0.06724552610428236,0.6222222222222222,45,1.3777777777777778,0.022222222222222223,0.0,0.0
E5_X5_H3,Expansion Entry,Relative Strength Exit,Fixed 5D,0.1531179100555644,0.8191546206318054,0.21001548501858416,2.9572874365545947,-0.06724552610428236,0.6136363636363636,44,1.4545454545454546,0.022727272727272728,0.0,0.0
E5_X5_H4,Expansion Entry,Relative Strength Exit,Fixed 10D,0.1531179100555644,0.8191546206318054,0.21001548501858416,2.9572874365545947,-0.06724552610428236,0.6136363636363636,44,1.4545454545454546,0.022727272727272728,0.0,0.0
E5_X5_H5,Expansion Entry,Relative Strength Exit,Event-driven Hold,0.1630728230456826,0.8860318093776003,0.21221508534297745,3.0991966013371908,-0.06678223419836693,0.7105263157894737,38,2.8684210526315788,0.05263157894736842,0.0,0.0
E5_X5_H6,Expansion Entry,Relative Strength Exit,Min-hold + Signal Exit,0.20174941483036735,1.163806699877409,0.23551199649019985,3.3997810909589967,-0.07103854474097471,0.6216216216216216,37,3.4864864864864864,0.05405405405405406,0.0,0.0
E5_X5_H7,Expansion Entry,Relative Strength Exit,Pure Signal Hold,0.20737566707126454,1.2066739080304263,0.21044720825264257,3.871484820146954,-0.06258449987379777,0.6451612903225806,31,3.5806451612903225,0.06451612903225806,0.0,0.0
E5_X5_H8,Expansion Entry,Relative Strength Exit,Loose Signal Hold,0.28464252040917937,1.8634237914521514,0.22323495434497675,4.833294927645899,-0.06966183069119725,0.6071428571428571,28,4.75,0.07142857142857142,0.0,0.0
E5_X5_H9,Expansion Entry,Relative Strength Exit,Trailing Structure Hold,0.13831698816264226,0.7230802817684321,0.202230166303177,2.7940277334137056,-0.06258449987379777,0.6176470588235294,34,3.176470588235294,0.058823529411764705,0.0,0.0
E5_X6_H1,Expansion Entry,Rotation-out Exit,Fixed 1D,0.15263702403460866,0.8159704410852895,0.17154243686835344,3.567564044820827,-0.055548169201180886,0.6326530612244898,49,0.9795918367346939,0.02040816326530612,0.0,0.0
E5_X6_H10,Expansion Entry,Rotation-out Exit,Stage Hold,0.17792059892690282,0.9892403946068913,0.2074792811513467,3.4225855944339494,-0.06065985202331525,0.6363636363636364,33,3.242424242424242,0.06060606060606061,0.0,0.0
E5_X6_H2,Expansion Entry,Rotation-out Exit,Fixed 3D,0.1823892526147981,1.0211287917934757,0.20606607607953115,3.522202969632733,-0.05459814968453347,0.6444444444444445,45,1.5777777777777777,0.022222222222222223,0.0,0.0
E5_X6_H3,Expansion Entry,Rotation-out Exit,Fixed 5D,0.18877712145337688,1.067387284849945,0.2640574527483396,2.887121179733934,-0.06359380212289156,0.6666666666666666,45,1.7555555555555555,0.022222222222222223,0.0,0.0
E5_X6_H4,Expansion Entry,Rotation-out Exit,Fixed 10D,0.18164940542747043,1.0158225135603094,0.26333556972316013,2.7980818455148855,-0.06326081184465993,0.6590909090909091,44,1.7954545454545454,0.045454545454545456,0.0,0.0
E5_X6_H5,Expansion Entry,Rotation-out Exit,Event-driven Hold,0.1969641824048134,1.1278492205526378,0.22434939491603775,3.482356785917584,-0.06327165649304456,0.7027027027027027,37,3.2432432432432434,0.05405405405405406,0.0,0.0
E5_X6_H6,Expansion Entry,Rotation-out Exit,Min-hold + Signal Exit,0.20291201157504624,1.1726122222301587,0.2310981267279064,3.477613575758425,-0.07264079877010887,0.6388888888888888,36,3.75,0.05555555555555555,0.0,0.0
E5_X6_H7,Expansion Entry,Rotation-out Exit,Pure Signal Hold,0.24165917588300956,1.4820475071128993,0.21517353403304584,4.339414166279464,-0.060659852023315364,0.6451612903225806,31,3.935483870967742,0.06451612903225806,0.0,0.0
E5_X6_H8,Expansion Entry,Rotation-out Exit,Loose Signal Hold,0.2863622479607266,1.8795578045115282,0.22093732318609155,4.906790723896477,-0.06966183069119725,0.6296296296296297,27,4.962962962962963,0.07407407407407407,0.0,0.0
E5_X6_H9,Expansion Entry,Rotation-out Exit,Trailing Structure Hold,0.20114884087166174,1.1592686103857663,0.20617440443113538,3.841873820836739,-0.060659852023315364,0.6363636363636364,33,3.484848484848485,0.06060606060606061,0.0,0.0
E5_X7_H1,Expansion Entry,Composite Structural Exit,Fixed 1D,0.15263702403460866,0.8159704410852895,0.17154243686835344,3.567564044820827,-0.055548169201180886,0.6326530612244898,49,0.9795918367346939,0.02040816326530612,0.0,0.0
E5_X7_H10,Expansion Entry,Composite Structural Exit,Stage Hold,0.16259452581237754,0.8827764158129068,0.2113388730855151,3.1029746263017968,-0.0647238019813372,0.6470588235294118,34,2.9705882352941178,0.058823529411764705,0.0,0.0
E5_X7_H2,Expansion Entry,Composite Structural Exit,Fixed 3D,0.1483585529183158,0.7878271956064888,0.20361589298466112,2.9582420382906367,-0.05491569831734899,0.6222222222222222,45,1.3555555555555556,0.022222222222222223,0.0,0.0
E5_X7_H3,Expansion Entry,Composite Structural Exit,Fixed 5D,0.14148836607102644,0.7433326189172336,0.2014009334414567,2.8631553331769144,-0.05491569831734899,0.6444444444444445,45,1.4222222222222223,0.022222222222222223,0.0,0.0
E5_X7_H4,Expansion Entry,Composite Structural Exit,Fixed 10D,0.14148836607102644,0.7433326189172336,0.2014009334414567,2.8631553331769144,-0.05491569831734899,0.6444444444444445,45,1.4222222222222223,0.022222222222222223,0.0,0.0
E5_X7_H5,Expansion Entry,Composite Structural Exit,Event-driven Hold,0.11416895516314352,0.5746876581930169,0.21431621223433364,2.2273796943332402,-0.06434579291447895,0.7,40,2.775,0.05,0.0,0.0
E5_X7_H6,Expansion Entry,Composite Structural Exit,Min-hold + Signal Exit,0.18333024725231906,1.0278930929106158,0.22865085609115737,3.2103613878549386,-0.07496102739536226,0.631578947368421,38,3.3947368421052633,0.05263157894736842,0.0,0.0
E5_X7_H7,Expansion Entry,Composite Structural Exit,Pure Signal Hold,0.17247894169616185,0.950927881783521,0.2076923951549953,3.3252915787625663,-0.062489300284513716,0.6363636363636364,33,3.3636363636363638,0.06060606060606061,0.0,0.0
E5_X7_H8,Expansion Entry,Composite Structural Exit,Loose Signal Hold,0.27549613383075067,1.7787688099207815,0.22245440150116874,4.714000996315637,-0.06966183069119725,0.5862068965517241,29,4.551724137931035,0.06896551724137931,0.0,0.0
E5_X7_H9,Expansion Entry,Composite Structural Exit,Trailing Structure Hold,0.16538911722444438,0.9018577227349633,0.20596304914442035,3.227489669164478,-0.062489300284513716,0.6470588235294118,34,3.264705882352941,0.058823529411764705,0.0,0.0
E6_X1_H1,Rotation-in Entry,No Signal Exit,Fixed 1D,0.07265307397945864,0.3425454068264686,0.21788115397334518,1.4617050456461593,-0.08539283818719512,0.5695364238410596,151,0.9867549668874173,0.013245033112582781,0.0,0.0
E6_X1_H10,Rotation-in Entry,No Signal Exit,Stage Hold,0.1408094515941558,0.7389819120149936,0.22520878943550127,2.5725015244132714,-0.04896531581890562,0.6037735849056604,53,3.2830188679245285,0.05660377358490566,0.0,0.0
E6_X1_H2,Rotation-in Entry,No Signal Exit,Fixed 3D,0.1670919922200882,0.9135568745529952,0.24312415170667817,2.7940408473548564,-0.0931120000815665,0.574468085106383,94,1.7234042553191489,0.02127659574468085,0.0,0.0
E6_X1_H3,Rotation-in Entry,No Signal Exit,Fixed 5D,0.13683488908512076,0.7136773341732849,0.24966587214868913,2.2847030183167116,-0.09110750885080676,0.5476190476190477,84,1.9523809523809523,0.03571428571428571,0.0,0.0
E6_X1_H4,Rotation-in Entry,No Signal Exit,Fixed 10D,0.14902563449746942,0.7921931571254759,0.2512640498399735,2.4504383973776553,-0.09110750885080676,0.5625,80,2.0625,0.0375,0.0,0.0
E6_X1_H5,Rotation-in Entry,No Signal Exit,Event-driven Hold,0.24599817331692542,1.5186806382525284,0.24767913558288093,3.860273377740854,-0.05315341423224962,0.6511627906976745,43,4.046511627906977,0.06976744186046512,0.05707257511433128,0.0718043840885402
E6_X1_H6,Rotation-in Entry,No Signal Exit,Min-hold + Signal Exit,0.24599817331692542,1.5186806382525284,0.24767913558288093,3.860273377740854,-0.05315341423224962,0.6511627906976745,43,4.046511627906977,0.06976744186046512,0.05707257511433128,0.0718043840885402
E6_X1_H7,Rotation-in Entry,No Signal Exit,Pure Signal Hold,0.15686715817599906,0.8441263248062898,0.249365401079126,2.582053493265243,-0.06593981013199801,0.5882352941176471,34,5.176470588235294,0.08823529411764706,0.2415815734105684,0.4496171091960687
E6_X1_H8,Rotation-in Entry,No Signal Exit,Loose Signal Hold,0.15686715817599906,0.8441263248062898,0.249365401079126,2.582053493265243,-0.06593981013199801,0.5882352941176471,34,5.176470588235294,0.08823529411764706,0.2415815734105684,0.4496171091960687
E6_X1_H9,Rotation-in Entry,No Signal Exit,Trailing Structure Hold,0.10258701364495248,0.5070722274950847,0.22235069083854378,1.9577691128257415,-0.06593981013199801,0.5897435897435898,39,4.512820512820513,0.07692307692307693,0.055874497105014465,0.14274101792467997
E6_X2_H1,Rotation-in Entry,Lifecycle Exit,Fixed 1D,0.07265307397945864,0.3425454068264686,0.21788115397334518,1.4617050456461593,-0.08539283818719512,0.5695364238410596,151,0.9867549668874173,0.013245033112582781,0.0,0.0
E6_X2_H10,Rotation-in Entry,Lifecycle Exit,Stage Hold,0.1408094515941558,0.7389819120149936,0.22520878943550127,2.5725015244132714,-0.04896531581890562,0.6037735849056604,53,3.2830188679245285,0.05660377358490566,0.0,0.0
E6_X2_H2,Rotation-in Entry,Lifecycle Exit,Fixed 3D,0.17244168748190147,0.9506675430523979,0.23814391713443683,2.9283023889294344,-0.08694767412587778,0.5728155339805825,103,1.5631067961165048,0.019417475728155338,0.0,0.0
E6_X2_H3,Rotation-in Entry,Lifecycle Exit,Fixed 5D,0.1476047197224466,0.782903214084886,0.24360768789100531,2.4980634539290234,-0.08694767412587778,0.57,100,1.62,0.02,0.0,0.0
E6_X2_H4,Rotation-in Entry,Lifecycle Exit,Fixed 10D,0.1450494661048869,0.7662893246006373,0.244018624242234,2.4558051171639383,-0.08694767412587778,0.5656565656565656,99,1.6363636363636365,0.020202020202020204,0.0,0.0
E6_X2_H5,Rotation-in Entry,Lifecycle Exit,Event-driven Hold,0.17752068545622124,0.9864054103144844,0.24178146176841525,2.9633812248144604,-0.07088131518740348,0.6428571428571429,56,3.0714285714285716,0.05357142857142857,0.0,0.0
E6_X2_H6,Rotation-in Entry,Lifecycle Exit,Min-hold + Signal Exit,0.19978914400822667,1.149021189368181,0.2355975424476152,3.370066116657715,-0.053153414232249396,0.660377358490566,53,3.2641509433962264,0.05660377358490566,0.0,0.0
E6_X2_H7,Rotation-in Entry,Lifecycle Exit,Pure Signal Hold,0.16404243956620546,0.892644385152368,0.23458402692942842,2.840691879989424,-0.06583621991010935,0.6304347826086957,46,3.8043478260869565,0.06521739130434782,0.0,0.0
E6_X2_H8,Rotation-in Entry,Lifecycle Exit,Loose Signal Hold,0.15686715817599906,0.8441263248062898,0.249365401079126,2.582053493265243,-0.06593981013199801,0.5882352941176471,34,5.176470588235294,0.08823529411764706,0.2415815734105684,0.4496171091960687
E6_X2_H9,Rotation-in Entry,Lifecycle Exit,Trailing Structure Hold,0.13318585824580964,0.6906932290310421,0.23056170021971067,2.395683048756343,-0.06583621991010935,0.5869565217391305,46,3.8043478260869565,0.06521739130434782,0.0,0.0
E6_X3_H1,Rotation-in Entry,Coherence Breakdown,Fixed 1D,0.07265307397945864,0.3425454068264686,0.21788115397334518,1.4617050456461593,-0.08539283818719512,0.5695364238410596,151,0.9867549668874173,0.013245033112582781,0.0,0.0
E6_X3_H10,Rotation-in Entry,Coherence Breakdown,Stage Hold,0.09237338940334161,0.4493012625270931,0.21586678851031846,1.828373639109104,-0.06346093744564574,0.5833333333333334,60,2.8666666666666667,0.05,0.0,0.0
E6_X3_H2,Rotation-in Entry,Coherence Breakdown,Fixed 3D,0.08672821297789302,0.41810359112099027,0.22781109871308117,1.6483883176760692,-0.09548228186626184,0.5619047619047619,105,1.5238095238095237,0.01904761904761905,0.0,0.0
E6_X3_H3,Rotation-in Entry,Coherence Breakdown,Fixed 5D,0.07359555262760287,0.3475067700081491,0.22687485877179261,1.4289092473590042,-0.09548228186626184,0.5588235294117647,102,1.5784313725490196,0.0196078431372549,0.0,0.0
E6_X3_H4,Rotation-in Entry,Coherence Breakdown,Fixed 10D,0.07359555262760287,0.3475067700081491,0.22687485877179261,1.4289092473590042,-0.09548228186626184,0.5588235294117647,102,1.5784313725490196,0.0196078431372549,0.0,0.0
E6_X3_H5,Rotation-in Entry,Coherence Breakdown,Event-driven Hold,0.11780975063434096,0.5964126235450906,0.22066511129143368,2.2320230874852243,-0.06958203331809887,0.603448275862069,58,2.9655172413793105,0.05172413793103448,0.0,0.0
E6_X3_H6,Rotation-in Entry,Coherence Breakdown,Min-hold + Signal Exit,0.2066623807597121,1.2012037686437314,0.23288770759504943,3.509319324606062,-0.058870673798637196,0.6296296296296297,54,3.185185185185185,0.05555555555555555,0.0,0.0
E6_X3_H7,Rotation-in Entry,Coherence Breakdown,Pure Signal Hold,0.12278076496511181,0.6264430020527838,0.22287945002551046,2.2957958329149144,-0.05948761000327141,0.5555555555555556,45,3.888888888888889,0.06666666666666667,0.0,0.0
E6_X3_H8,Rotation-in Entry,Coherence Breakdown,Loose Signal Hold,0.1476791204649397,0.7833887340032988,0.24592219817061964,2.4783133021494557,-0.06593981013199801,0.6216216216216216,37,4.756756756756757,0.08108108108108109,0.055874497105014465,0.10914869822372752
E6_X3_H9,Rotation-in Entry,Coherence Breakdown,Trailing Structure Hold,0.12278076496511181,0.6264430020527838,0.22287945002551046,2.2957958329149144,-0.05948761000327141,0.5555555555555556,45,3.888888888888889,0.06666666666666667,0.0,0.0
E6_X4_H1,Rotation-in Entry,Breadth Breakdown,Fixed 1D,0.07265307397945864,0.3425454068264686,0.21788115397334518,1.4617050456461593,-0.08539283818719512,0.5695364238410596,151,0.9867549668874173,0.013245033112582781,0.0,0.0
E6_X4_H10,Rotation-in Entry,Breadth Breakdown,Stage Hold,0.15168862706954123,0.8097030920759702,0.2146341444017139,2.874182970340051,-0.060092971828195285,0.6491228070175439,57,3.0526315789473686,0.05263157894736842,0.0,0.0
E6_X4_H2,Rotation-in Entry,Breadth Breakdown,Fixed 3D,0.17513252067824836,0.9695397462889932,0.24041183430463745,2.943002773467757,-0.08207449138452705,0.5714285714285714,98,1.6326530612244898,0.02040816326530612,0.0,0.0
E6_X4_H3,Rotation-in Entry,Breadth Breakdown,Fixed 5D,0.15183582098680892,0.8106747205032412,0.22874803231095678,2.7127872478154087,-0.08066333228938127,0.5684210526315789,95,1.7052631578947368,0.021052631578947368,0.0,0.0
E6_X4_H4,Rotation-in Entry,Breadth Breakdown,Fixed 10D,0.16525251403242858,0.9009215936191104,0.23144870203248047,2.894459049109136,-0.08066333228938127,0.5714285714285714,91,1.7802197802197801,0.02197802197802198,0.0,0.0
E6_X4_H5,Rotation-in Entry,Breadth Breakdown,Event-driven Hold,0.22077240848321344,1.3113502474813457,0.25976920575570467,3.360623293646959,-0.07489330786340065,0.6326530612244898,49,3.5510204081632653,0.061224489795918366,0.05707257511433128,0.07661100585895712
E6_X4_H6,Rotation-in Entry,Breadth Breakdown,Min-hold + Signal Exit,0.23185907717534748,1.4008018537174785,0.2392197647619617,3.7871515838321836,-0.053153414232249396,0.6458333333333334,48,3.625,0.0625,0.05707257511433128,0.07443761823179733
E6_X4_H7,Rotation-in Entry,Breadth Breakdown,Pure Signal Hold,0.17267667574545964,0.9523101238335616,0.2539987944714313,2.7646131211557416,-0.09622554298447838,0.675,40,4.4,0.075,0.2415815734105684,0.40803897426324565
E6_X4_H8,Rotation-in Entry,Breadth Breakdown,Loose Signal Hold,0.15686715817599906,0.8441263248062898,0.249365401079126,2.582053493265243,-0.06593981013199801,0.5882352941176471,34,5.176470588235294,0.08823529411764706,0.2415815734105684,0.4496171091960687
E6_X4_H9,Rotation-in Entry,Breadth Breakdown,Trailing Structure Hold,0.10677359420079191,0.53125286389178,0.22709272874666248,1.9917789897197966,-0.09622554298447838,0.627906976744186,43,4.093023255813954,0.06976744186046512,0.055874497105014465,0.13485068567825345
E6_X5_H1,Rotation-in Entry,Relative Strength Exit,Fixed 1D,0.07265307397945864,0.3425454068264686,0.21788115397334518,1.4617050456461593,-0.08539283818719512,0.5695364238410596,151,0.9867549668874173,0.013245033112582781,0.0,0.0
E6_X5_H10,Rotation-in Entry,Relative Strength Exit,Stage Hold,0.16519979446533406,0.9005604051782325,0.2186186127902751,3.0503255033209467,-0.05881301300763775,0.6349206349206349,63,2.7301587301587302,0.047619047619047616,0.0,0.0
E6_X5_H2,Rotation-in Entry,Relative Strength Exit,Fixed 3D,0.15896320491048122,0.8582002832143951,0.23418332231265876,2.7658642627473338,-0.07969275578705359,0.5701754385964912,114,1.412280701754386,0.017543859649122806,0.0,0.0
E6_X5_H3,Rotation-in Entry,Relative Strength Exit,Fixed 5D,0.16537966454988817,0.9017929331159229,0.23596911215288247,2.8452229971125833,-0.07969275578705359,0.5636363636363636,110,1.4636363636363636,0.01818181818181818,0.0,0.0
E6_X5_H4,Rotation-in Entry,Relative Strength Exit,Fixed 10D,0.16537966454988817,0.9017929331159229,0.23596911215288247,2.8452229971125833,-0.07969275578705359,0.5636363636363636,110,1.4636363636363636,0.01818181818181818,0.0,0.0
E6_X5_H5,Rotation-in Entry,Relative Strength Exit,Event-driven Hold,0.21968361530009783,1.302704432157146,0.24528705304707946,3.5285031445386696,-0.0640500077776115,0.6333333333333333,60,2.8666666666666667,0.05,0.0,0.0
E6_X5_H6,Rotation-in Entry,Relative Strength Exit,Min-hold + Signal Exit,0.24992714627794665,1.5522060935431745,0.22534467549709475,4.278237347985307,-0.05315341423224951,0.6530612244897959,49,3.5510204081632653,0.061224489795918366,0.0,0.0
E6_X5_H7,Rotation-in Entry,Relative Strength Exit,Pure Signal Hold,0.20901660669253364,1.219297470793256,0.2327420939643111,3.5468111500828625,-0.06148083761712342,0.6041666666666666,48,3.6458333333333335,0.0625,0.0,0.0
E6_X5_H8,Rotation-in Entry,Relative Strength Exit,Loose Signal Hold,0.22606435264521996,1.3537249761440084,0.2580099347365941,3.452445750278485,-0.06593981013199801,0.6388888888888888,36,4.888888888888889,0.08333333333333333,0.2415815734105684,0.3331071146818814
E6_X5_H9,Rotation-in Entry,Relative Strength Exit,Trailing Structure Hold,0.13725112252530658,0.7163141046507433,0.22109805591509174,2.5563502873375623,-0.06148083761712342,0.6226415094339622,53,3.30188679245283,0.05660377358490566,0.0,0.0
E6_X6_H1,Rotation-in Entry,Rotation-out Exit,Fixed 1D,0.07265307397945864,0.3425454068264686,0.21788115397334518,1.4617050456461593,-0.08539283818719512,0.5695364238410596,151,0.9867549668874173,0.013245033112582781,0.0,0.0
E6_X6_H10,Rotation-in Entry,Rotation-out Exit,Stage Hold,0.12524065706047094,0.6414616693532595,0.219576502768926,2.3690485056601633,-0.067595899618621,0.6206896551724138,58,3.0,0.05172413793103448,0.0,0.0
E6_X6_H2,Rotation-in Entry,Rotation-out Exit,Fixed 3D,0.12096040279033926,0.6153965130937316,0.23312070100934132,2.1757848550527066,-0.09626370373671644,0.58,100,1.62,0.02,0.0,0.0
E6_X6_H3,Rotation-in Entry,Rotation-out Exit,Fixed 5D,0.10697967300546596,0.5324507075111564,0.2531728172295811,1.8141441893442778,-0.09957473932617789,0.5494505494505495,91,1.7912087912087913,0.03296703296703297,0.0,0.0
E6_X6_H4,Rotation-in Entry,Rotation-out Exit,Fixed 10D,0.11478445537063475,0.5783444877446309,0.25488647290341815,1.9195883043112985,-0.09957473932617789,0.5568181818181818,88,1.875,0.03409090909090909,0.0,0.0
E6_X6_H5,Rotation-in Entry,Rotation-out Exit,Event-driven Hold,0.22592911870887145,1.35263478967918,0.24833909726679365,3.5750735666008464,-0.058870673798637196,0.6382978723404256,47,3.723404255319149,0.06382978723404255,0.0,0.0
E6_X6_H6,Rotation-in Entry,Rotation-out Exit,Min-hold + Signal Exit,0.22592911870887145,1.35263478967918,0.24833909726679365,3.5750735666008464,-0.058870673798637196,0.6382978723404256,47,3.723404255319149,0.06382978723404255,0.0,0.0
E6_X6_H7,Rotation-in Entry,Rotation-out Exit,Pure Signal Hold,0.23018463847820603,1.3871255346609654,0.24586640523395956,3.6678383782498636,-0.07715361286958289,0.6666666666666666,39,4.512820512820513,0.07692307692307693,0.055874497105014465,0.0753602792423495
E6_X6_H8,Rotation-in Entry,Rotation-out Exit,Loose Signal Hold,0.15686715817599906,0.8441263248062898,0.249365401079126,2.582053493265243,-0.06593981013199801,0.5882352941176471,34,5.176470588235294,0.08823529411764706,0.2415815734105684,0.4496171091960687
E6_X6_H9,Rotation-in Entry,Rotation-out Exit,Trailing Structure Hold,0.13216992533346272,0.6843361885192643,0.23135307630270485,2.371709352472489,-0.07715361286958289,0.6363636363636364,44,4.0,0.06818181818181818,0.055874497105014465,0.11600615380993193
E6_X7_H1,Rotation-in Entry,Composite Structural Exit,Fixed 1D,0.07265307397945864,0.3425454068264686,0.21788115397334518,1.4617050456461593,-0.08539283818719512,0.5695364238410596,151,0.9867549668874173,0.013245033112582781,0.0,0.0
E6_X7_H10,Rotation-in Entry,Composite Structural Exit,Stage Hold,0.12617313059365576,0.6471823398539192,0.21407188825654558,2.440759136419679,-0.067595899618621,0.6166666666666667,60,2.8833333333333333,0.05,0.0,0.0
E6_X7_H2,Rotation-in Entry,Composite Structural Exit,Fixed 3D,0.10510016663670396,0.5215523756951961,0.22376253219069306,1.9892205301831656,-0.09417401255216185,0.5833333333333334,108,1.4722222222222223,0.018518518518518517,0.0,0.0
E6_X7_H3,Rotation-in Entry,Composite Structural Exit,Fixed 5D,0.09576467859998816,0.46829272739600447,0.22795945171596846,1.8001017457380923,-0.0974927041823419,0.5769230769230769,104,1.5384615384615385,0.019230769230769232,0.0,0.0
E6_X7_H4,Rotation-in Entry,Composite Structural Exit,Fixed 10D,0.10147606481681226,0.5007047949721706,0.22934837191687035,1.8859226150754607,-0.0974927041823419,0.5825242718446602,103,1.5631067961165048,0.019417475728155338,0.0,0.0
E6_X7_H5,Rotation-in Entry,Composite Structural Exit,Event-driven Hold,0.10575766446412804,0.525358143461055,0.22164298250671655,2.0175530047036534,-0.08684324903280716,0.6271186440677966,59,2.9491525423728815,0.05084745762711865,0.0,0.0
E6_X7_H6,Rotation-in Entry,Composite Structural Exit,Min-hold + Signal Exit,0.19027967887620933,1.0783844306017896,0.22481784674855843,3.371084301226507,-0.058870673798637196,0.6415094339622641,53,3.2641509433962264,0.05660377358490566,0.0,0.0
E6_X7_H7,Rotation-in Entry,Composite Structural Exit,Pure Signal Hold,0.12497354974095254,0.6398257742218574,0.21947774519284025,2.3656175108971147,-0.08450852402588183,0.6444444444444445,45,3.888888888888889,0.06666666666666667,0.055874497105014465,0.11977978727223858
E6_X7_H8,Rotation-in Entry,Composite Structural Exit,Loose Signal Hold,0.19899316019917346,1.1430394391959644,0.2525082569727219,3.1496066794965802,-0.06593981013199801,0.6578947368421053,38,4.631578947368421,0.07894736842105263,0.08763782431997047,0.1342128623870404
E6_X7_H9,Rotation-in Entry,Composite Structural Exit,Trailing Structure Hold,0.12497354974095254,0.6398257742218574,0.21947774519284025,2.3656175108971147,-0.08450852402588183,0.6444444444444445,45,3.888888888888889,0.06666666666666667,0.055874497105014465,0.11977978727223858
