lifecycle_id,cluster_name,dominant_sector,dominant_industry,first_date,last_date,active_days,peak_momentum_score,avg_momentum_score,return_2m,avg_relative_strength_10d,top_members
L085,TECH/COMPUTER :: AMPL-APLD-APPS,HEALTHCARE,BIOPHARMANONSYS,2026-05-22 00:00:00-04:00,2026-06-04 00:00:00-04:00,9,1.9581873534440033,1.2533215332044219,0.24182642149969832,0.11799655016788901,"AA, MRK, OKTA, OFLX, OEC, ODD"
L090,INDUSTRIAL/AERODEF :: A-ADPT-AIRO,HEALTHCARE,HCAREDIAGNOSTICS,2026-05-28 00:00:00-04:00,2026-06-05 00:00:00-04:00,7,1.9470197969962713,1.2514275689832808,0.05702505906153044,0.14757592662448588,"A, PAL, NTRA, NVCR, NYT, OCC"
L027,HEALTHCARE/MEDDEVICESGEN :: AAP-AAPL-AGPU,UNKNOWN,UNKNOWN,2026-04-22 00:00:00-04:00,2026-04-24 00:00:00-04:00,3,1.7308048691511015,1.0476676833583611,0.07755011399513097,0.07272149360583845,"AAP, NVEC, NXT, OFG, OMAB, ONIT"
L041,TECH/COMPUTER :: ABG-ADP-AGIO,UNKNOWN,UNKNOWN,2026-04-29 00:00:00-04:00,2026-05-12 00:00:00-04:00,10,1.724486722284066,0.8585344698676783,0.10460468884309686,0.06583459291303452,"AAOI, ABG, OPFI, ORN, PAG, PENG"
L069,NONCYCLICAL/TOBACCO :: ALH-ALHC-ALKS,UNKNOWN,UNKNOWN,2026-05-12 00:00:00-04:00,2026-05-26 00:00:00-04:00,10,1.701692572739433,1.1669593582864368,0.13065709244155704,0.08898287595718295,"AAOI, PNNT, RFIL, REPL, RELY, RCKY"
L071,TECH/SEMIMFR :: ADAG-ADI-AIRO,NONCYCLICAL,GENMERCH,2026-05-13 00:00:00-04:00,2026-05-14 00:00:00-04:00,2,1.62601623146024,1.2113073025191958,0.0496341274349543,0.08735060241347978,"ADAG, PSFE, OUST, PBH, PDD, PDFS"
L022,HEALTHCARE/HCARESUPPORT :: ABX-ADTN-ALLY,TECH,COMPUTER,2026-04-20 00:00:00-04:00,2026-04-21 00:00:00-04:00,2,1.5911345186703298,1.5855169826096631,0.04757650743412325,0.1263280003413021,"ABX, OUST, NP, NRXP, NTAP, NTGR"
L035,TECH/SEMIMFR :: AAOI-ACLS-ACMR,UNKNOWN,UNKNOWN,2026-04-24 00:00:00-04:00,2026-05-11 00:00:00-04:00,12,1.5805699379144285,0.5670221570799179,0.06989134958240614,0.02352085275277817,"AAOI, PII, PRIM, PRDO, POWL, POWI"
L015,INDUSTRIAL/MEDDEVICESGEN :: ABAT-ABCL-ACHR,UNKNOWN,UNKNOWN,2026-04-09 00:00:00-04:00,2026-06-05 00:00:00-04:00,41,1.5354925690050787,0.5393705879708515,0.2563937213821009,0.04204283646314618,"AA, ONIT, OPY, OPTX, OPRX, OPRT"
L056,INDUSTRIAL/AERODEF :: AAON-ACAD-ACIW,UNKNOWN,UNKNOWN,2026-05-07 00:00:00-04:00,2026-05-20 00:00:00-04:00,10,1.5241993361390394,0.9627656753928011,0.07232482350336711,0.0790748192101221,"AAON, NSIT, NTWK, NVAX, NWFL, NXRT"
L018,INDUSTRIAL/GENMERCH :: ACHV-AD-AEHR,INDUSTRIAL,AERODEF,2026-04-16 00:00:00-04:00,2026-04-16 00:00:00-04:00,1,1.5049203624538676,1.5049203624538676,0.056610499395422134,0.07388773419591738,"ACHV, PDD, RLMD, RKLB, RFIL, RDW"
L060,FINANCIAL/REIT :: AD-AFRM-AFYA,UNKNOWN,UNKNOWN,2026-05-08 00:00:00-04:00,2026-05-21 00:00:00-04:00,10,1.4936491509060636,0.7963996917946974,0.06445237188466034,0.058914050488296246,"AAMI, OWLT, NAMS, NHC, NHI, NSIT"
L050,NONCYCLICAL/FOODDRINKMFR :: ABEV-ABVX-ADM,HEALTHCARE,COMMEQUIP,2026-05-05 00:00:00-04:00,2026-05-18 00:00:00-04:00,10,1.4935886302943955,0.8424732326009774,0.07244294096425197,0.0835862694478886,"A, PACK, NOA, NOK, NPKI, NRXP"
L024,TECH/SEMIMFR :: ABCL-ACB-ADI,BIZSVCE,BIZSUPPORT,2026-04-21 00:00:00-04:00,2026-05-06 00:00:00-04:00,12,1.3891404609629385,0.7232635589007081,0.031592231952697634,0.04963925166741542,"ABCL, OTIS, PODD, PNTG, PNFP, PLD"
L078,CONSUMERSVCE/HOSPITALITY :: ABNB-APT-ATAI,CONSUMERSVCE,HOSPITALITY,2026-05-18 00:00:00-04:00,2026-05-19 00:00:00-04:00,2,1.3431040404874344,1.0371073113556906,0.041995934935482405,0.05301597545455432,"ABNB, SNDR, SAIA, RYAAY, RTO, RNW"
L054,FINANCIAL/BANKSINTL :: ACLS-AEG-AER,HEALTHCARE,BIOPHARMANONSYS,2026-05-06 00:00:00-04:00,2026-05-19 00:00:00-04:00,10,1.3269582019951955,0.5942602191978151,0.04753682446606879,0.044975241726168666,"AAL, NOMD, ONON, ONC, OI, OGC"
L008,INDUSTRIAL/MACHINE :: AAP-ABG-ABM,TECH,SEMIMFR,2026-04-09 00:00:00-04:00,2026-05-01 00:00:00-04:00,17,1.2742018236033499,0.49633710361050376,0.02859702799005089,0.043444217856807125,"AAOI, PAG, NX, NXDT, NXPI, NXST"
L046,TECH/PERSONALCAREPRODUCT :: AAPL-ACCO-AIG,TECH,COMMEQUIP,2026-05-01 00:00:00-04:00,2026-05-14 00:00:00-04:00,10,1.243974616590999,0.6667717344188447,0.08035041114702682,0.06045043799608697,"AAPL, ORCL, NVT, NWFL, NWL, NWPX"
L006,TECH/SEMIMFR :: AAOI-AAON-ACLS,TECH,SEMIMFR,2026-04-09 00:00:00-04:00,2026-04-20 00:00:00-04:00,8,1.2028137838098825,0.912503444580028,0.11021572774000485,0.09734875230804055,"AAOI, KRMD, ON, ONTO, OPTX, OPXS"
L073,FINANCIAL/INVESTSVCE :: ABNB-APO-AQST,CONSUMERSVCE,HOSPITALITY,2026-05-14 00:00:00-04:00,2026-06-02 00:00:00-04:00,13,1.129782211964938,0.2922613134533968,0.09509174469339111,0.007954706277252194,"ABNB, ONDS, OWL, OVBC, OTF, OSIS"
L093,TECH/COMMEQUIP :: ADEA-AES-AIRJ,CYCLICALS,SOFTW,2026-06-01 00:00:00-04:00,2026-06-05 00:00:00-04:00,5,0.9926519736734658,0.5124741210624579,0.03964173769228283,0.062211769019078045,"AAOI, PRCT, RCUS, RBLX, RAMP, RACE"
L007,FINANCIAL/REIT :: AAT-ADC-AHR,BIZSVCE,BIZSUPPORT,2026-04-09 00:00:00-04:00,2026-05-01 00:00:00-04:00,17,0.9756464711853204,0.1697206836130514,0.05229362846209584,-0.004082679467347217,"AAT, ORA, OSCR, OSUR, OSW, OTIS"
L043,INDUSTRIAL/MACHINE :: AAP-ABBV-ABR,UNKNOWN,UNKNOWN,2026-04-30 00:00:00-04:00,2026-05-13 00:00:00-04:00,10,0.9295236135810556,0.6127057204205076,0.08775599057534382,0.05388134880498929,"AAOI, NVCR, ORC, OCCI, OCC, NWPX"
L001,TECH/COMMEQUIP :: ADV-AGM-AIP,UNKNOWN,UNKNOWN,2026-04-09 00:00:00-04:00,2026-04-09 00:00:00-04:00,1,0.9293263114690675,0.9293263114690675,0.006798599270249717,0.08954286156837596,"ADV, NVCR, KC, KEEL, KOD, KRMN"
L074,TECH/SEMIMFR :: AAOI-ACA-AEHR,UNKNOWN,UNKNOWN,2026-05-14 00:00:00-04:00,2026-05-22 00:00:00-04:00,7,0.9229286667076166,0.5936969693778328,-0.01536068242056698,0.01187957488543919,"AAOI, NXST, ORMP, ORKA, ORA, ONTO"
L002,FINANCIAL/BANKSUSA :: ABCB-ABG-ACEL,UNKNOWN,UNKNOWN,2026-04-09 00:00:00-04:00,2026-05-07 00:00:00-04:00,21,0.9077022860743276,0.06981316901323134,0.022450820374000476,-0.0324913788751901,"ABCB, PAC, OPBK, OPCH, OPLN, OPXS"
L004,CONSUMERSVCE/HOSPITALITY :: APLE-CCS-CLDT,UNKNOWN,UNKNOWN,2026-04-09 00:00:00-04:00,2026-04-14 00:00:00-04:00,4,0.9035733434563538,0.5507187773138618,0.040562600282339954,0.0065619145251491085,"ACIC, MTN, NRIM, OBT, OZK, PAG"
L097,HEALTHCARE/HCARESUPPORT :: ASMB-BBNX-BRSL,UNKNOWN,UNKNOWN,2026-06-04 00:00:00-04:00,2026-06-05 00:00:00-04:00,2,0.771102178597936,0.5752806053518564,-0.02486244204678772,0.059327583169188826,"ACU, RNW, RCEL, QURE, QUBT, PTON"
L003,MATERIALS/ORE :: AEM-AG-AGI,UNKNOWN,UNKNOWN,2026-04-09 00:00:00-04:00,2026-05-06 00:00:00-04:00,20,0.7522715266143477,-0.007736868538414934,0.05471270628763694,-0.014825827423635122,"AA, OXM, PAAS, PAC, PAGS, PAYP"
L014,TECH/SOFTW :: ABNB-ACIW-ACN,HEALTHCARE,HCAREMISC,2026-04-09 00:00:00-04:00,2026-06-05 00:00:00-04:00,41,0.7436438254387906,0.041525148446152974,0.09213750689194376,-0.011903659100772448,"A, PLNT, PAYC, PAYO, PAYP, PAYS"
L005,HEALTHCARE/BIOPHARMAOTHER :: AAPL-AARD-ABBV,HEALTHCARE,HCAREMISC,2026-04-09 00:00:00-04:00,2026-06-05 00:00:00-04:00,41,0.7395442992087103,0.02633913166756059,-0.053143457568235915,-0.008100000804106744,"A, OLN, OSUR, ORMP, ORLA, ORKA"
L036,TECH/SEMIMFR :: ADMA-AGEN-AHCO,UNKNOWN,UNKNOWN,2026-04-24 00:00:00-04:00,2026-04-24 00:00:00-04:00,1,0.729387622411457,0.729387622411457,0.008299903277640333,0.08377341757487239,"ADMA, AGEN, JOYY, LAR, LEG, LPTH"
L059,UTIL/ENERGYUTIL :: AEE-AEP-AES,INDUSTRIAL,AERODEF,2026-05-07 00:00:00-04:00,2026-06-04 00:00:00-04:00,20,0.7176581642836354,0.00613414722646991,0.07685089703631942,-0.026170839599881434,"AAPL, NOC, PEP, PEN, PEG, PECO"
L012,ENERGY/OILGASINTEG :: ACDC-ADM-AESI,ENERGY,OILGASINTEG,2026-04-09 00:00:00-04:00,2026-06-05 00:00:00-04:00,41,0.7044119364799337,-0.2448633673252669,-0.02167357463812472,-0.03935179379345281,"AA, OVV, PED, PDS, PBT, PBR"
L013,HEALTHCARE/HCARESUPPORT :: ACNB-ACRE-ADAM,UNKNOWN,UNKNOWN,2026-04-09 00:00:00-04:00,2026-04-30 00:00:00-04:00,16,0.6778677412968859,0.13233950738285488,0.0013942914299682977,-0.013859506758839096,"ABR, NXST, ORIC, ORC, OPY, OPXS"
L079,INDUSTRIAL/TRAINTRUCK :: AEBI-ALNT-ARCB,UNKNOWN,UNKNOWN,2026-05-19 00:00:00-04:00,2026-05-29 00:00:00-04:00,8,0.6775506664340574,0.37259772738775054,0.06576941624462164,0.031247945626421993,"ACA, AEBI, RLGT, R, PSTL, PSMT"
L099,UTIL/ENERGYUTIL :: ACHC-AEE-AEP,UTIL,ENERGYUTIL,2026-06-04 00:00:00-04:00,2026-06-05 00:00:00-04:00,2,0.6070909846962551,0.22367150684735684,0.003922476972408861,0.02335180045986366,"ACHC, QMCO, PRA, PPL, POR, PNW"
L062,MATERIALS/ORE :: AEG-AEM-AER,TECH,SEMIMFR,2026-05-08 00:00:00-04:00,2026-05-12 00:00:00-04:00,3,0.5952671118643811,0.3867214610602514,0.04588909512598409,0.0341787043165828,"AAL, QCOM, OGC, OR, ORLA, PAAS"
L019,CONSUMERSVCE/HOSPITALITY :: ABG-ALV-APLE,UNKNOWN,UNKNOWN,2026-04-16 00:00:00-04:00,2026-04-21 00:00:00-04:00,4,0.5849090387780641,0.3818826997020401,0.024785443890366503,0.029124186096743228,"ABG, PK, LI, LW, LWAY, MAC"
L051,FINANCIAL/BANKSINTL :: ACHV-AIT-AMN,FINANCIAL,BANKSINTL,2026-05-05 00:00:00-04:00,2026-05-05 00:00:00-04:00,1,0.5776771185285445,0.5776771185285445,0.017837388077895314,0.03996811532572764,"ACHV, MUFG, PKBK, PFE, OPRA, OMCL"
L084,CYCLICALS/BANKSINTL :: ABCL-ACM-AENT,UNKNOWN,UNKNOWN,2026-05-21 00:00:00-04:00,2026-05-28 00:00:00-04:00,5,0.5429388280966159,-0.06739778674563235,0.022790783571381604,-0.01600768005310827,"ABCL, PLSE, PLGO, PKX, PJT, PIPR"
L101,MATERIALS/ORE :: ABAT-ACHR-ACMR,UNKNOWN,UNKNOWN,2026-06-05 00:00:00-04:00,2026-06-05 00:00:00-04:00,1,0.5216396989593577,0.5216396989593577,-0.10259875633602174,0.012159308271229338,"ABAT, PRCH, OKLO, OPTX, OSS, OUST"
L068,NONCYCLICAL/INSURANCE :: ACGL-ACI-ADT,BIZSVCE,BIZSUPPORT,2026-05-11 00:00:00-04:00,2026-06-05 00:00:00-04:00,19,0.49772673475286106,-0.07903787956088631,-0.018424990841934673,-0.03296564901701881,"A, PEP, OSG, OSW, OTIS, PAHC"
L087,HEALTHCARE/HCARESUPPORT :: ACRE-ADAM-AGNC,UNKNOWN,UNKNOWN,2026-05-26 00:00:00-04:00,2026-05-26 00:00:00-04:00,1,0.4857802040686626,0.4857802040686626,-0.0035673806352429617,0.021122666885335033,"ACRE, MOH, PMT, PINE, PFGC, PBI"
L091,FINANCIAL/BANKSINTL :: ABEV-ADTN-AEC,HEALTHCARE,BIOPHARMANONSYS,2026-05-28 00:00:00-04:00,2026-05-29 00:00:00-04:00,2,0.437495346638488,0.3541369886359813,-0.025911141947338526,0.021216573650804815,"ABEV, ONC, MYFW, NMAX, NNI, NSC"
L010,FINANCIAL/INVESTSVCE :: A-AAL-AAMI,HEALTHCARE,HCAREMISC,2026-04-09 00:00:00-04:00,2026-06-05 00:00:00-04:00,41,0.41817048232635806,-0.045912018522250575,-0.028168339239598276,-0.017412083662851015,"A, OXM, OWL, OVLY, OUT, OTLY"
L048,UNKNOWN/UNKNOWN :: ABCB-ACNB-ACT,UNKNOWN,UNKNOWN,2026-05-01 00:00:00-04:00,2026-06-05 00:00:00-04:00,25,0.41343081400545634,-0.113742553638378,0.014619947452918825,-0.020369196125711402,"AAL, OM, NWBI, NXDT, OBK, OBT"
L075,HEALTHCARE/BIOPHARMASYS :: AA-ABEO-ABUS,NONCYCLICAL,TOBACCO,2026-05-14 00:00:00-04:00,2026-05-19 00:00:00-04:00,4,0.40208918523818116,0.25718511394623444,-0.07950908998222694,-0.013560832061532876,"AA, OWLS, PRAX, PM, PENG, PDFS"
L028,CONSUMERSVCE/MEDIAPUB :: ARE-BDN-BXP,TECH,SEMIEQUIPSVCE,2026-04-22 00:00:00-04:00,2026-04-22 00:00:00-04:00,1,0.40077364548772176,0.40077364548772176,-0.001756050823224391,0.05137450118627449,"ARE, JMIA, UMC, SLG, RXRX, PRGO"
L038,UNKNOWN/UNKNOWN :: ARE-BAX-BDN,UNKNOWN,UNKNOWN,2026-04-27 00:00:00-04:00,2026-04-27 00:00:00-04:00,1,0.39872021439491107,0.39872021439491107,0.005188444984951122,0.01626334909611913,"ARE, GME, SLG, RARE, PRGO, PPIH"
L083,CONSUMERSVCE/HOSPITALITY :: AAUC-ACHC-ANIK,UNKNOWN,UNKNOWN,2026-05-21 00:00:00-04:00,2026-06-04 00:00:00-04:00,10,0.38087880631329524,-0.19187088476012315,-0.025470811398178243,-0.05103725447113357,"AAUC, PSNL, PSKY, PSFE, PRDO, PPIH"
L039,FINANCIAL/INVESTSVCE :: ABNB-ACET-ADAG,CONSUMERSVCE,HOSPITALITY,2026-04-27 00:00:00-04:00,2026-04-27 00:00:00-04:00,1,0.37670226575811244,0.37670226575811244,-0.00040677557698476444,0.043670528908031185,"ABNB, PRCT, OPRX, ORCL, OWL, PAGS"
L095,INDUSTRIAL/MACHINE :: ACIC-ACRE-ADAM,HEALTHCARE,BIOPHARMAOTHER,2026-06-02 00:00:00-04:00,2026-06-05 00:00:00-04:00,4,0.3250858367972004,0.1193762454344281,-0.0028770568324506885,0.03492956336209582,"ACIC, REGN, NECB, NLY, NRG, NSC"
L089,NONCYCLICAL/BIOPHARMAOTHER :: ABBV-ACEL-ACI,HEALTHCARE,BIOPHARMAOTHER,2026-05-27 00:00:00-04:00,2026-05-28 00:00:00-04:00,2,0.31802565235530145,0.15179542614623126,0.017027431709576327,0.017528850379976167,"ABBV, ACEL, PEP, PENN, PCRX, PAYS"
L088,INDUSTRIAL/MACHINE :: AAMI-ABEV-ACA,UNKNOWN,UNKNOWN,2026-05-27 00:00:00-04:00,2026-05-27 00:00:00-04:00,1,0.302942289251613,0.302942289251613,0.006081387524910343,0.018683460059843796,"AAMI, MTRN, MTUS, MTW, NBTX, NDSN"
L037,INDUSTRIAL/CHEMSPECIAL :: ACHV-AEHR-ALB,UNKNOWN,UNKNOWN,2026-04-24 00:00:00-04:00,2026-04-24 00:00:00-04:00,1,0.28174661540477225,0.28174661540477225,0.0006734477165934409,0.031194659774010557,"ACHV, REXR, R, PVH, PTON, PSO"
L082,FINANCIAL/REIT :: AAT-ADC-AHR,TECH,SOFTW,2026-05-21 00:00:00-04:00,2026-06-05 00:00:00-04:00,11,0.27567451495257556,-0.012752747316870816,0.019884621160955903,-0.010056414233118345,"AAT, NTES, OPCH, OLP, OHI, OFIX"
L009,UNKNOWN/UNKNOWN :: ASC-BWLP-CMBT,UNKNOWN,UNKNOWN,2026-04-09 00:00:00-04:00,2026-05-06 00:00:00-04:00,20,0.27015390125870103,-0.07791030592782923,0.11782900274606257,-0.02654506704692332,"AEO, PAM, SHIP, SHC, SFL, SBLK"
L025,FINANCIAL/INVESTSVCE :: A-ABEO-ACVA,CYCLICALS,APPARELPRODUCTS,2026-04-21 00:00:00-04:00,2026-04-22 00:00:00-04:00,2,0.25745221892653025,0.21626098873667055,-0.005846918727118874,0.02612441553652162,"A, MYGN, NEO, NKE, NMRK, NSIT"
L032,HEALTHCARE/HCAREMISC :: A-ACU-ADPT,HEALTHCARE,HCAREDIAGNOSTICS,2026-04-23 00:00:00-04:00,2026-05-06 00:00:00-04:00,10,0.24086758410804315,-0.2670523397890888,-0.03193615163467554,-0.06589106536243544,"A, PAX, NTRA, NVST, OBT, OII"
L052,FINANCIAL/FINSPECIAL :: ADEA-ADTN-ADUS,UNKNOWN,UNKNOWN,2026-05-05 00:00:00-04:00,2026-05-18 00:00:00-04:00,10,0.23958336085921295,-0.32415399829653224,-0.07591377870557274,-0.1028821659929852,"AAON, PLMR, NUTX, NVCR, NWSA, NYT"
L055,HEALTHCARE/HCARESUPPORT :: ACEL-ACIC-ADPT,UNKNOWN,UNKNOWN,2026-05-06 00:00:00-04:00,2026-05-19 00:00:00-04:00,10,0.23454567202313126,-0.1950992142646605,-0.0878099940609914,-0.09576583803427732,"AA, PINS, OKUR, OLED, OLN, OM"
L081,HEALTHCARE/BIOPHARMAOTHER :: ABBV-ABEO-ABUS,HEALTHCARE,BIOPHARMANONSYS,2026-05-19 00:00:00-04:00,2026-06-05 00:00:00-04:00,13,0.21452109217225956,-0.12960474336112415,-0.020429933708093713,-0.029887727430435194,"ABBV, NMAX, OMAB, OMER, ONC, OOMA"
L061,HEALTHCARE/HCAREMISC :: A-ABR-ABSI,HEALTHCARE,HCAREMISC,2026-05-08 00:00:00-04:00,2026-05-21 00:00:00-04:00,10,0.19385446817572666,-0.29409786484808664,-0.09491887909883963,-0.11513128831599709,"A, OPFI, OPBK, OMDA, OM, OFRM"
L047,HEALTHCARE/MEDDEVICESGEN :: ABT-ACA-ACAD,HEALTHCARE,BIOPHARMAOTHER,2026-05-01 00:00:00-04:00,2026-05-14 00:00:00-04:00,10,0.18764495007772986,-0.15328734330638552,-0.05165211983383037,-0.06753572433358354,"ABBV, INGN, NBIS, NCMI, NERV, NIO"
L044,FINANCIAL/HCARESUPPORT :: ACHC-ACT-AFG,UNKNOWN,UNKNOWN,2026-04-30 00:00:00-04:00,2026-05-13 00:00:00-04:00,10,0.1782267840756403,-0.2969765229029374,-0.05068690706035552,-0.07850084795739706,"ACHC, ACT, MTG, MVBF, NCMI, NCSM"
L030,INDUSTRIAL/MACHINE :: AAON-ACA-AGCO,UNKNOWN,UNKNOWN,2026-04-22 00:00:00-04:00,2026-04-28 00:00:00-04:00,5,0.16613613334891442,-0.0732446841619278,-0.00269998970710001,-0.027525995360298185,"AAOI, OCCI, OC, NXRT, NX, NWPX"
L026,UNKNOWN/UNKNOWN :: ARCC-BBDC-BCSF,UNKNOWN,UNKNOWN,2026-04-21 00:00:00-04:00,2026-05-05 00:00:00-04:00,11,0.15202466165722794,-0.1119277233670382,0.0006780089390985278,-0.02663811827207095,"AAMI, ODD, NMFC, NPCE, NUAI, NUTX"
L092,FINANCIAL/INVESTSVCE :: AAMI-AMG-AMP,UNKNOWN,UNKNOWN,2026-05-28 00:00:00-04:00,2026-06-05 00:00:00-04:00,7,0.14465134413536318,-0.12974000526003482,-0.01829897942726455,-0.01970726835614478,"AAMI, PAYP, PAC, OWL, OTF, OPY"
L040,TECH/SEMIMFR :: ABEV-ABG-ALGN,NONCYCLICAL,FOODDRINKMFR,2026-04-28 00:00:00-04:00,2026-04-28 00:00:00-04:00,1,0.14393116422413496,0.14393116422413496,-0.054252628295986226,-0.07138678636835892,"ABEV, SFD, ITRI, LI, NOV, NVDA"
L064,UNKNOWN/UNKNOWN :: BBAR-BMA-CEPU,UNKNOWN,UNKNOWN,2026-05-08 00:00:00-04:00,2026-05-11 00:00:00-04:00,2,0.11053915200997305,-0.09563547350884241,-0.0006895287685549093,-0.04153220492570511,"BBAR, BMA, CEPU, CRESY, EDN, GGAL"
L096,INDUSTRIAL/BANKSINTL :: AAON-ABEV-ACA,UNKNOWN,UNKNOWN,2026-06-02 00:00:00-04:00,2026-06-03 00:00:00-04:00,2,0.10057687932768182,0.06106416691392243,0.016452943405226343,0.017442439558381803,"AAMI, NMR, OPBK, OMAB, OLN, OFLX"
L053,FINANCIAL/INVESTSVCE :: ABR-AIOT-APO,BIZSVCE,GENMERCH,2026-05-05 00:00:00-04:00,2026-05-05 00:00:00-04:00,1,0.09621368369181713,0.09621368369181713,0.011701016905992026,-0.03141430897887458,"ABR, RYAAY, MCO, MELI, NAVN, OWL"
L070,FINANCIAL/BANKSINTL :: ABCL-ACM-AEBI,UNKNOWN,UNKNOWN,2026-05-12 00:00:00-04:00,2026-05-22 00:00:00-04:00,9,0.08616020702932695,-0.17158479802741183,-0.05665447200512455,-0.06763582961446686,"AAMI, OMF, PAX, PAC, OWL, ORKA"
L057,FINANCIAL/INSURANCE :: AARD-ACNT-ACRE,NONCYCLICAL,FOODDRINKMFR,2026-05-07 00:00:00-04:00,2026-05-20 00:00:00-04:00,10,0.05597430998703132,-0.30881618124027066,-0.1013824995821517,-0.10650680601572679,"AARD, ABEV, PRVA, POWI, PNNT, PLTK"
L058,UNKNOWN/UNKNOWN :: ARCC-BBDC-BCSF,UNKNOWN,UNKNOWN,2026-05-07 00:00:00-04:00,2026-05-07 00:00:00-04:00,1,0.05029311013101822,0.05029311013101822,-0.016824023566723842,-0.0023246697082186865,"ARCC, MAIN, TRVI, TRIN, TOUR, TCPC"
L031,FINANCIAL/REIT :: AAT-ACGL-ACHV,BIZSVCE,BIZSUPPORT,2026-04-22 00:00:00-04:00,2026-05-07 00:00:00-04:00,12,0.048041894883964514,-0.18834180293773842,-0.0015444016135353483,-0.03227277389699705,"AAT, OUT, OTLY, OTIS, ORI, OPRA"
L080,ENERGY/MIDSTREAMENERGY :: ADAM-AGNC-APAM,UNKNOWN,UNKNOWN,2026-05-19 00:00:00-04:00,2026-05-20 00:00:00-04:00,2,0.047064747782616684,-0.011356298595539306,0.007662321251837664,-0.03746749188093159,"ADAM, MITT, NXRT, NLY, NEWT, NAVI"
L017,FINANCIAL/INSURANCE :: ACGL-ACIC-ACT,BIZSVCE,BIZSUPPORT,2026-04-15 00:00:00-04:00,2026-04-28 00:00:00-04:00,10,0.020740124999039003,-0.22278469003398493,-0.014610768361358524,-0.04737449449369151,"ABT, NI, PAYP, OZK, OTTR, OTIS"
L021,FINANCIAL/BANKSINTL :: ABR-ACRE-ADAM,UNKNOWN,UNKNOWN,2026-04-17 00:00:00-04:00,2026-04-17 00:00:00-04:00,1,-0.006691414416663308,-0.006691414416663308,0.017872113493696114,-0.01160945387079014,"ABR, JMSB, LADR, LC, LI, MFA"
L072,FINANCIAL/ENERGYUTIL :: ACU-ADUS-AEP,FINANCIAL,BANKSINTL,2026-05-13 00:00:00-04:00,2026-05-27 00:00:00-04:00,10,-0.015591236255240337,-0.2522271066901163,-0.030990573217502704,-0.07961535593285014,"ACU, NU, OPRX, OFLX, ODYS, ODTX"
L098,UNKNOWN/UNKNOWN :: ACNB-ACNT-AFCG,UNKNOWN,UNKNOWN,2026-06-04 00:00:00-04:00,2026-06-05 00:00:00-04:00,2,-0.03499539468803829,-0.13839252201564928,0.022999873039059985,-0.008622959814199131,"ACNB, PFIS, NBTX, NGNE, NRC, NVCT"
L011,FINANCIAL/INSURANCE :: ABT-ACGL-ACIC,UNKNOWN,UNKNOWN,2026-04-09 00:00:00-04:00,2026-04-10 00:00:00-04:00,2,-0.048258432517134124,-0.1127977482892305,-0.008756067108245117,-0.019936624325571348,"AAUC, NPK, OGS, OGE, NXST, NWN"
L066,FINANCIAL/REIT :: AAT-ADC-AIT,FINANCIAL,REIT,2026-05-11 00:00:00-04:00,2026-05-11 00:00:00-04:00,1,-0.04999144154924652,-0.04999144154924652,-0.005224528111643908,0.006530862105643895,"AAT, ADC, REG, PSA, PLD, PKX"
L065,FINANCIAL/REIT :: AAT-ADC-AKR,TECH,SOFTW,2026-05-08 00:00:00-04:00,2026-05-19 00:00:00-04:00,8,-0.08773401305105037,-0.27435118941360837,-0.022823518751592223,-0.05105076070745931,"AAT, OI, NHI, NNN, NSA, NTES"
L094,INDUSTRIAL/DELIVERY :: ABR-ACAD-ACRE,UNKNOWN,UNKNOWN,2026-06-01 00:00:00-04:00,2026-06-02 00:00:00-04:00,2,-0.09241571526362814,-0.15065585409840493,-0.0033681595034729074,-0.016462967847246966,"ABR, IVR, ONEW, OMF, OI, ODC"
L029,HEALTHCARE/HCAREMISC :: A-ABEO-ABSI,HEALTHCARE,HCAREMISC,2026-04-22 00:00:00-04:00,2026-04-22 00:00:00-04:00,1,-0.12222514914630582,-0.12222514914630582,0.002496273272071487,-0.009139823756316022,"A, NBTX, RGEN, QGEN, PSNL, PENG"
L067,FINANCIAL/INVESTSVCE :: ALLY-ALOT-AMP,FINANCIAL,BANKSUSA,2026-05-11 00:00:00-04:00,2026-05-12 00:00:00-04:00,2,-0.15094387239865328,-0.16012183307371153,-0.010991520134168164,-0.037662012590509164,"ALLY, NSC, PRU, PRI, PNC, PFG"
L063,TECH/SOFTW :: ATII-AVNS-BBCQ,UNKNOWN,UNKNOWN,2026-05-08 00:00:00-04:00,2026-05-08 00:00:00-04:00,1,-0.15516000224213097,-0.15516000224213097,0.0002813237443155847,-0.02542769176903629,"ATII, KW, WSR, VACI, TXNM, TBRG"
L042,FINANCIAL/BANKSINTL :: AAL-AAMI-AAT,UNKNOWN,UNKNOWN,2026-04-29 00:00:00-04:00,2026-05-06 00:00:00-04:00,6,-0.17496762806891997,-0.2749132380523976,-0.01369459951993332,-0.06428278282724036,"AAL, OFIX, ORIC, OPTX, OPRT, OPCH"
L020,HEALTHCARE/MEDDEVICESGEN :: A-ABX-ADPT,HEALTHCARE,HCAREMISC,2026-04-16 00:00:00-04:00,2026-04-16 00:00:00-04:00,1,-0.2058397129903669,-0.2058397129903669,-0.010499245184777328,-0.014083155756333489,"A, RGEN, SIBN, SHC, SGRY, SF"
L100,CONSUMERSVCE/HOSPITALITY :: LLYVK-LYV-MSGE,CONSUMERSVCE,HOSPITALITY,2026-06-04 00:00:00-04:00,2026-06-04 00:00:00-04:00,1,-0.25863330386029526,-0.25863330386029526,-0.010562010536754873,-0.015994629590627835,"LLYVK, LYV, MSGE, MSGS"
L076,FINANCIAL/INVESTSVCE :: ABNB-ALLY-AMG,CONSUMERSVCE,HOSPITALITY,2026-05-15 00:00:00-04:00,2026-05-18 00:00:00-04:00,2,-0.27829209077991224,-0.2955463922522368,-0.007043841414862969,-0.04114088295594753,"ABNB, LYTS, RF, PWP, PRU, PRI"
L077,FINANCIAL/REALESTATESVCE :: ADAM-AGNC-APAM,UNKNOWN,UNKNOWN,2026-05-15 00:00:00-04:00,2026-05-15 00:00:00-04:00,1,-0.32301233243878846,-0.32301233243878846,-0.021211849019132437,-0.061370685117563176,"ADAM, IVR, RWT, RITM, ORC, NLY"
L016,FINANCIAL/INSURANCE :: ACGL-ACIC-ACT,UTIL,ENERGYUTIL,2026-04-10 00:00:00-04:00,2026-04-15 00:00:00-04:00,4,-0.33824295935521553,-0.4473119674260906,-0.008309939602670763,-0.05358551733152933,"AAUC, OPY, PEG, PCRX, PCG, PAYP"
L033,FINANCIAL/BANKSINTL :: BBAR-BMA-CEPU,UNKNOWN,UNKNOWN,2026-04-23 00:00:00-04:00,2026-04-28 00:00:00-04:00,4,-0.38570797636163867,-0.6728963159102467,-0.026420675140104724,-0.09247242755887652,"BBAR, BMA, WPP, TEO, SUPV, ROIV"
L023,UTIL/ENERGYUTIL :: ACI-AEE-AEP,UTIL,ENERGYUTIL,2026-04-20 00:00:00-04:00,2026-04-20 00:00:00-04:00,1,-0.3954687977209789,-0.3954687977209789,-0.0015320166470274036,-0.0746020554506053,"ACI, NWN, PEP, PEG, PCG, OTTR"
L086,CONSUMERSVCE/HOSPITALITY :: ACRE-ADAM-AGNC,UNKNOWN,UNKNOWN,2026-05-22 00:00:00-04:00,2026-05-22 00:00:00-04:00,1,-0.3978758008133004,-0.3978758008133004,-0.004932617524311336,-0.044249291438363904,"ACRE, PMT, PFLT, PEB, OUT, OTF"
L045,FINANCIAL/BANKSINTL :: BBAR-BMA-CEPU,UNKNOWN,UNKNOWN,2026-04-30 00:00:00-04:00,2026-04-30 00:00:00-04:00,1,-0.47066063206711345,-0.47066063206711345,-0.004491412521079844,-0.07773890617399676,"BBAR, BMA, CEPU, CRESY, EDN, EFOR"
L049,NONCYCLICAL/GENMERCH :: ADC-ALOY-AMSF,FINANCIAL,GENMERCH,2026-05-04 00:00:00-04:00,2026-05-04 00:00:00-04:00,1,-0.5346997547927923,-0.5346997547927923,-0.01027155824215115,-0.07114904986105787,"ADC, ONB, SCVL, QFIN, PRU, PDD"
L034,UNKNOWN/UNKNOWN :: BCRX-GLXY-IMUX,UNKNOWN,UNKNOWN,2026-04-23 00:00:00-04:00,2026-04-23 00:00:00-04:00,1,-0.6378247572226377,-0.6378247572226377,-0.014078813342847062,-0.08196578762624881,"BCRX, GLXY, IMUX, KVHI, TSBK"
