snapshot_cache_id,snapshot_id,run_id,timestamp,cache_type,payload_json,payload_version,created_at
547aeca0920840bf8a1e31374f312e66,pilot_2026_01_02_limit2_auto_tz_2026-01-02_1435,pilot_2026_01_02_limit2_auto_tz,2026-01-02 22:35:00,snapshot_summary,"{""snapshot_id"": ""pilot_2026_01_02_limit2_auto_tz_2026-01-02_1435"", ""run_id"": ""pilot_2026_01_02_limit2_auto_tz"", ""timestamp"": ""2026-01-02T14:35:00+00:00"", ""themes"": []}",v1,2026-06-15 19:18:27.997678
1d6f1edec5c34c2898644c88bac8af31,pilot_2026_01_02_limit2_auto_tz_2026-01-02_1440,pilot_2026_01_02_limit2_auto_tz,2026-01-02 22:40:00,snapshot_summary,"{""snapshot_id"": ""pilot_2026_01_02_limit2_auto_tz_2026-01-02_1440"", ""run_id"": ""pilot_2026_01_02_limit2_auto_tz"", ""timestamp"": ""2026-01-02T14:40:00+00:00"", ""themes"": []}",v1,2026-06-15 19:18:28.056036
4209c1ec1a094014bab31e996791acaf,pilot_2026_01_02_limit2_auto_tz_2026-01-02_1445,pilot_2026_01_02_limit2_auto_tz,2026-01-02 22:45:00,snapshot_summary,"{""snapshot_id"": ""pilot_2026_01_02_limit2_auto_tz_2026-01-02_1445"", ""run_id"": ""pilot_2026_01_02_limit2_auto_tz"", ""timestamp"": ""2026-01-02T14:45:00+00:00"", ""themes"": []}",v1,2026-06-15 19:18:28.113103
bd1a2d0033884f40a4354dbab41101f8,pilot_2026_01_02_limit2_auto_tz_2026-01-02_1450,pilot_2026_01_02_limit2_auto_tz,2026-01-02 22:50:00,snapshot_summary,"{""snapshot_id"": ""pilot_2026_01_02_limit2_auto_tz_2026-01-02_1450"", ""run_id"": ""pilot_2026_01_02_limit2_auto_tz"", ""timestamp"": ""2026-01-02T14:50:00+00:00"", ""themes"": []}",v1,2026-06-15 19:18:28.171374
261ac386ecf04d2b80c75e07b5307894,pilot_2026_01_02_limit2_auto_tz_2026-01-02_1455,pilot_2026_01_02_limit2_auto_tz,2026-01-02 22:55:00,snapshot_summary,"{""snapshot_id"": ""pilot_2026_01_02_limit2_auto_tz_2026-01-02_1455"", ""run_id"": ""pilot_2026_01_02_limit2_auto_tz"", ""timestamp"": ""2026-01-02T14:55:00+00:00"", ""themes"": []}",v1,2026-06-15 19:18:28.227955
e2fbb76dc2a14fbc91564aaef07b6e66,pilot_2026_01_02_limit2_auto_tz_2026-01-02_1500,pilot_2026_01_02_limit2_auto_tz,2026-01-02 23:00:00,snapshot_summary,"{""snapshot_id"": ""pilot_2026_01_02_limit2_auto_tz_2026-01-02_1500"", ""run_id"": ""pilot_2026_01_02_limit2_auto_tz"", ""timestamp"": ""2026-01-02T15:00:00+00:00"", ""themes"": []}",v1,2026-06-15 19:18:28.284316
c2489dbd7d674f3e9ceb03e7d8823008,pilot_2026_01_02_limit2_auto_tz_2026-01-02_1505,pilot_2026_01_02_limit2_auto_tz,2026-01-02 23:05:00,snapshot_summary,"{""snapshot_id"": ""pilot_2026_01_02_limit2_auto_tz_2026-01-02_1505"", ""run_id"": ""pilot_2026_01_02_limit2_auto_tz"", ""timestamp"": ""2026-01-02T15:05:00+00:00"", ""themes"": [{""theme_instance_id"": ""pilot_2026_01_02_limit2_auto_tz_2026-01-02_1505_theme_001"", ""theme_path_id"": ""pilot_2026_01_02_limit2_auto_tz_path_001"", ""members"": [""A"", ""AA""], ""source_layers"": [""dtw_return_similarity_graph"", ""dtw_trade_flow_similarity_graph""], ""consensus_score"": 0.4, ""theme_quality_score"": 0.4, ""label_short"": ""Theme: A, AA"", ""event_type"": ""birth""}]}",v1,2026-06-15 19:18:28.359823
6eb6b32c5bc842b7a108efaef2d92f83,pilot_2026_01_02_limit2_auto_tz_2026-01-02_1510,pilot_2026_01_02_limit2_auto_tz,2026-01-02 23:10:00,snapshot_summary,"{""snapshot_id"": ""pilot_2026_01_02_limit2_auto_tz_2026-01-02_1510"", ""run_id"": ""pilot_2026_01_02_limit2_auto_tz"", ""timestamp"": ""2026-01-02T15:10:00+00:00"", ""themes"": [{""theme_instance_id"": ""pilot_2026_01_02_limit2_auto_tz_2026-01-02_1510_theme_001"", ""theme_path_id"": ""pilot_2026_01_02_limit2_auto_tz_path_001"", ""members"": [""A"", ""AA""], ""source_layers"": [""dtw_return_similarity_graph"", ""dtw_trade_flow_similarity_graph""], ""consensus_score"": 0.4, ""theme_quality_score"": 0.4, ""label_short"": ""Theme: A, AA"", ""event_type"": ""continuation""}]}",v1,2026-06-15 19:18:28.412847
93dab8dce8774f9ea9969a353c1af9fa,pilot_2026_01_02_limit2_auto_tz_2026-01-02_1515,pilot_2026_01_02_limit2_auto_tz,2026-01-02 23:15:00,snapshot_summary,"{""snapshot_id"": ""pilot_2026_01_02_limit2_auto_tz_2026-01-02_1515"", ""run_id"": ""pilot_2026_01_02_limit2_auto_tz"", ""timestamp"": ""2026-01-02T15:15:00+00:00"", ""themes"": [{""theme_instance_id"": ""pilot_2026_01_02_limit2_auto_tz_2026-01-02_1515_theme_001"", ""theme_path_id"": ""pilot_2026_01_02_limit2_auto_tz_path_001"", ""members"": [""A"", ""AA""], ""source_layers"": [""dtw_return_similarity_graph"", ""dtw_trade_flow_similarity_graph""], ""consensus_score"": 0.4, ""theme_quality_score"": 0.4, ""label_short"": ""Theme: A, AA"", ""event_type"": ""continuation""}]}",v1,2026-06-15 19:18:28.463436
57abf8b102bc45da9ce673f108d0a57f,pilot_2026_01_02_limit2_auto_tz_2026-01-02_1520,pilot_2026_01_02_limit2_auto_tz,2026-01-02 23:20:00,snapshot_summary,"{""snapshot_id"": ""pilot_2026_01_02_limit2_auto_tz_2026-01-02_1520"", ""run_id"": ""pilot_2026_01_02_limit2_auto_tz"", ""timestamp"": ""2026-01-02T15:20:00+00:00"", ""themes"": [{""theme_instance_id"": ""pilot_2026_01_02_limit2_auto_tz_2026-01-02_1520_theme_001"", ""theme_path_id"": ""pilot_2026_01_02_limit2_auto_tz_path_001"", ""members"": [""A"", ""AA""], ""source_layers"": [""dtw_return_similarity_graph"", ""dtw_trade_flow_similarity_graph""], ""consensus_score"": 0.4, ""theme_quality_score"": 0.4, ""label_short"": ""Theme: A, AA"", ""event_type"": ""continuation""}]}",v1,2026-06-15 19:18:28.519727
a9725cce7c52459ba8ab12085f0d3bbb,pilot_2026_01_02_limit2_auto_tz_2026-01-02_1525,pilot_2026_01_02_limit2_auto_tz,2026-01-02 23:25:00,snapshot_summary,"{""snapshot_id"": ""pilot_2026_01_02_limit2_auto_tz_2026-01-02_1525"", ""run_id"": ""pilot_2026_01_02_limit2_auto_tz"", ""timestamp"": ""2026-01-02T15:25:00+00:00"", ""themes"": [{""theme_instance_id"": ""pilot_2026_01_02_limit2_auto_tz_2026-01-02_1525_theme_001"", ""theme_path_id"": ""pilot_2026_01_02_limit2_auto_tz_path_001"", ""members"": [""A"", ""AA""], ""source_layers"": [""dtw_return_similarity_graph"", ""dtw_trade_flow_similarity_graph""], ""consensus_score"": 0.4, ""theme_quality_score"": 0.4, ""label_short"": ""Theme: A, AA"", ""event_type"": ""continuation""}]}",v1,2026-06-15 19:18:28.605433
14741f5db983463c834c1662919d2ecb,pilot_2026_01_02_limit2_auto_tz_2026-01-02_1530,pilot_2026_01_02_limit2_auto_tz,2026-01-02 23:30:00,snapshot_summary,"{""snapshot_id"": ""pilot_2026_01_02_limit2_auto_tz_2026-01-02_1530"", ""run_id"": ""pilot_2026_01_02_limit2_auto_tz"", ""timestamp"": ""2026-01-02T15:30:00+00:00"", ""themes"": [{""theme_instance_id"": ""pilot_2026_01_02_limit2_auto_tz_2026-01-02_1530_theme_001"", ""theme_path_id"": ""pilot_2026_01_02_limit2_auto_tz_path_001"", ""members"": [""A"", ""AA""], ""source_layers"": [""dtw_return_similarity_graph"", ""dtw_trade_flow_similarity_graph""], ""consensus_score"": 0.4, ""theme_quality_score"": 0.4, ""label_short"": ""Theme: A, AA"", ""event_type"": ""continuation""}]}",v1,2026-06-15 19:18:28.680525
b6a3fc2c3e954aac9d5cc6f25e4bcc15,pilot_2026_01_02_limit2_auto_tz_2026-01-02_1535,pilot_2026_01_02_limit2_auto_tz,2026-01-02 23:35:00,snapshot_summary,"{""snapshot_id"": ""pilot_2026_01_02_limit2_auto_tz_2026-01-02_1535"", ""run_id"": ""pilot_2026_01_02_limit2_auto_tz"", ""timestamp"": ""2026-01-02T15:35:00+00:00"", ""themes"": [{""theme_instance_id"": ""pilot_2026_01_02_limit2_auto_tz_2026-01-02_1535_theme_001"", ""theme_path_id"": ""pilot_2026_01_02_limit2_auto_tz_path_001"", ""members"": [""A"", ""AA""], ""source_layers"": [""dtw_return_similarity_graph"", ""dtw_trade_flow_similarity_graph""], ""consensus_score"": 0.4, ""theme_quality_score"": 0.4, ""label_short"": ""Theme: A, AA"", ""event_type"": ""continuation""}]}",v1,2026-06-15 19:18:28.762925
17f8a754bb9b4f6b9f2f7ad9561df512,pilot_2026_01_02_limit2_auto_tz_2026-01-02_1540,pilot_2026_01_02_limit2_auto_tz,2026-01-02 23:40:00,snapshot_summary,"{""snapshot_id"": ""pilot_2026_01_02_limit2_auto_tz_2026-01-02_1540"", ""run_id"": ""pilot_2026_01_02_limit2_auto_tz"", ""timestamp"": ""2026-01-02T15:40:00+00:00"", ""themes"": [{""theme_instance_id"": ""pilot_2026_01_02_limit2_auto_tz_2026-01-02_1540_theme_001"", ""theme_path_id"": ""pilot_2026_01_02_limit2_auto_tz_path_001"", ""members"": [""A"", ""AA""], ""source_layers"": [""dtw_return_similarity_graph"", ""dtw_trade_flow_similarity_graph""], ""consensus_score"": 0.4, ""theme_quality_score"": 0.4, ""label_short"": ""Theme: A, AA"", ""event_type"": ""continuation""}]}",v1,2026-06-15 19:18:28.852543
e61bf351cda542cfaee2a50d1f5ea7e2,pilot_2026_01_02_limit2_auto_tz_2026-01-02_1545,pilot_2026_01_02_limit2_auto_tz,2026-01-02 23:45:00,snapshot_summary,"{""snapshot_id"": ""pilot_2026_01_02_limit2_auto_tz_2026-01-02_1545"", ""run_id"": ""pilot_2026_01_02_limit2_auto_tz"", ""timestamp"": ""2026-01-02T15:45:00+00:00"", ""themes"": [{""theme_instance_id"": ""pilot_2026_01_02_limit2_auto_tz_2026-01-02_1545_theme_001"", ""theme_path_id"": ""pilot_2026_01_02_limit2_auto_tz_path_001"", ""members"": [""A"", ""AA""], ""source_layers"": [""dtw_return_similarity_graph"", ""dtw_trade_flow_similarity_graph""], ""consensus_score"": 0.4, ""theme_quality_score"": 0.4, ""label_short"": ""Theme: A, AA"", ""event_type"": ""continuation""}]}",v1,2026-06-15 19:18:28.925944
1368c9f9984e482dab204fc22038dc3f,pilot_2026_01_02_limit2_auto_tz_2026-01-02_1550,pilot_2026_01_02_limit2_auto_tz,2026-01-02 23:50:00,snapshot_summary,"{""snapshot_id"": ""pilot_2026_01_02_limit2_auto_tz_2026-01-02_1550"", ""run_id"": ""pilot_2026_01_02_limit2_auto_tz"", ""timestamp"": ""2026-01-02T15:50:00+00:00"", ""themes"": [{""theme_instance_id"": ""pilot_2026_01_02_limit2_auto_tz_2026-01-02_1550_theme_001"", ""theme_path_id"": ""pilot_2026_01_02_limit2_auto_tz_path_001"", ""members"": [""A"", ""AA""], ""source_layers"": [""dtw_return_similarity_graph"", ""dtw_trade_flow_similarity_graph""], ""consensus_score"": 0.4, ""theme_quality_score"": 0.4, ""label_short"": ""Theme: A, AA"", ""event_type"": ""continuation""}]}",v1,2026-06-15 19:18:28.983259
14ad8687afc04f8cbffd88e602ccad91,pilot_2026_01_02_limit2_auto_tz_2026-01-02_1555,pilot_2026_01_02_limit2_auto_tz,2026-01-02 23:55:00,snapshot_summary,"{""snapshot_id"": ""pilot_2026_01_02_limit2_auto_tz_2026-01-02_1555"", ""run_id"": ""pilot_2026_01_02_limit2_auto_tz"", ""timestamp"": ""2026-01-02T15:55:00+00:00"", ""themes"": []}",v1,2026-06-15 19:18:29.018257
9297b8a81f414bd987e62e94f22613d4,pilot_2026_01_02_limit2_auto_tz_2026-01-02_1600,pilot_2026_01_02_limit2_auto_tz,2026-01-03 00:00:00,snapshot_summary,"{""snapshot_id"": ""pilot_2026_01_02_limit2_auto_tz_2026-01-02_1600"", ""run_id"": ""pilot_2026_01_02_limit2_auto_tz"", ""timestamp"": ""2026-01-02T16:00:00+00:00"", ""themes"": []}",v1,2026-06-15 19:18:29.056707
db95cec8e82e4dedbd0695c58c035607,pilot_2026_01_02_limit2_auto_tz_2026-01-02_1605,pilot_2026_01_02_limit2_auto_tz,2026-01-03 00:05:00,snapshot_summary,"{""snapshot_id"": ""pilot_2026_01_02_limit2_auto_tz_2026-01-02_1605"", ""run_id"": ""pilot_2026_01_02_limit2_auto_tz"", ""timestamp"": ""2026-01-02T16:05:00+00:00"", ""themes"": []}",v1,2026-06-15 19:18:29.088760
583829d501be4b909a71a9d21415b80e,pilot_2026_01_02_limit2_auto_tz_2026-01-02_1610,pilot_2026_01_02_limit2_auto_tz,2026-01-03 00:10:00,snapshot_summary,"{""snapshot_id"": ""pilot_2026_01_02_limit2_auto_tz_2026-01-02_1610"", ""run_id"": ""pilot_2026_01_02_limit2_auto_tz"", ""timestamp"": ""2026-01-02T16:10:00+00:00"", ""themes"": []}",v1,2026-06-15 19:18:29.122133
c079aaec62814f67a4c946009950e6b1,pilot_2026_01_02_limit2_auto_tz_2026-01-02_1615,pilot_2026_01_02_limit2_auto_tz,2026-01-03 00:15:00,snapshot_summary,"{""snapshot_id"": ""pilot_2026_01_02_limit2_auto_tz_2026-01-02_1615"", ""run_id"": ""pilot_2026_01_02_limit2_auto_tz"", ""timestamp"": ""2026-01-02T16:15:00+00:00"", ""themes"": [{""theme_instance_id"": ""pilot_2026_01_02_limit2_auto_tz_2026-01-02_1615_theme_001"", ""theme_path_id"": ""pilot_2026_01_02_limit2_auto_tz_path_001"", ""members"": [""A"", ""AA""], ""source_layers"": [""dtw_return_similarity_graph"", ""dtw_trade_flow_similarity_graph""], ""consensus_score"": 0.4, ""theme_quality_score"": 0.4, ""label_short"": ""Theme: A, AA"", ""event_type"": ""birth""}]}",v1,2026-06-15 19:18:29.178883
8a36e6c789c3406383ee58ca46f89011,pilot_2026_01_02_limit2_auto_tz_2026-01-02_1620,pilot_2026_01_02_limit2_auto_tz,2026-01-03 00:20:00,snapshot_summary,"{""snapshot_id"": ""pilot_2026_01_02_limit2_auto_tz_2026-01-02_1620"", ""run_id"": ""pilot_2026_01_02_limit2_auto_tz"", ""timestamp"": ""2026-01-02T16:20:00+00:00"", ""themes"": [{""theme_instance_id"": ""pilot_2026_01_02_limit2_auto_tz_2026-01-02_1620_theme_001"", ""theme_path_id"": ""pilot_2026_01_02_limit2_auto_tz_path_001"", ""members"": [""A"", ""AA""], ""source_layers"": [""dtw_return_similarity_graph"", ""dtw_trade_flow_similarity_graph""], ""consensus_score"": 0.4, ""theme_quality_score"": 0.4, ""label_short"": ""Theme: A, AA"", ""event_type"": ""continuation""}]}",v1,2026-06-15 19:18:29.238021
5664eba9d47c4992a007bfb13d5ece53,pilot_2026_01_02_limit2_auto_tz_2026-01-02_1625,pilot_2026_01_02_limit2_auto_tz,2026-01-03 00:25:00,snapshot_summary,"{""snapshot_id"": ""pilot_2026_01_02_limit2_auto_tz_2026-01-02_1625"", ""run_id"": ""pilot_2026_01_02_limit2_auto_tz"", ""timestamp"": ""2026-01-02T16:25:00+00:00"", ""themes"": [{""theme_instance_id"": ""pilot_2026_01_02_limit2_auto_tz_2026-01-02_1625_theme_001"", ""theme_path_id"": ""pilot_2026_01_02_limit2_auto_tz_path_001"", ""members"": [""A"", ""AA""], ""source_layers"": [""dtw_return_similarity_graph"", ""dtw_trade_flow_similarity_graph""], ""consensus_score"": 0.4, ""theme_quality_score"": 0.4, ""label_short"": ""Theme: A, AA"", ""event_type"": ""continuation""}]}",v1,2026-06-15 19:18:29.313061
9899c51a02134447b4480636e38fc372,pilot_2026_01_02_limit2_auto_tz_2026-01-02_1630,pilot_2026_01_02_limit2_auto_tz,2026-01-03 00:30:00,snapshot_summary,"{""snapshot_id"": ""pilot_2026_01_02_limit2_auto_tz_2026-01-02_1630"", ""run_id"": ""pilot_2026_01_02_limit2_auto_tz"", ""timestamp"": ""2026-01-02T16:30:00+00:00"", ""themes"": [{""theme_instance_id"": ""pilot_2026_01_02_limit2_auto_tz_2026-01-02_1630_theme_001"", ""theme_path_id"": ""pilot_2026_01_02_limit2_auto_tz_path_001"", ""members"": [""A"", ""AA""], ""source_layers"": [""dtw_return_similarity_graph"", ""dtw_trade_flow_similarity_graph""], ""consensus_score"": 0.4, ""theme_quality_score"": 0.4, ""label_short"": ""Theme: A, AA"", ""event_type"": ""continuation""}]}",v1,2026-06-15 19:18:29.426595
4f1a265fc5af4f50b6c7aaa217c69a95,pilot_2026_01_02_limit2_auto_tz_2026-01-02_1635,pilot_2026_01_02_limit2_auto_tz,2026-01-03 00:35:00,snapshot_summary,"{""snapshot_id"": ""pilot_2026_01_02_limit2_auto_tz_2026-01-02_1635"", ""run_id"": ""pilot_2026_01_02_limit2_auto_tz"", ""timestamp"": ""2026-01-02T16:35:00+00:00"", ""themes"": [{""theme_instance_id"": ""pilot_2026_01_02_limit2_auto_tz_2026-01-02_1635_theme_001"", ""theme_path_id"": ""pilot_2026_01_02_limit2_auto_tz_path_001"", ""members"": [""A"", ""AA""], ""source_layers"": [""dtw_return_similarity_graph"", ""dtw_trade_flow_similarity_graph""], ""consensus_score"": 0.4, ""theme_quality_score"": 0.4, ""label_short"": ""Theme: A, AA"", ""event_type"": ""continuation""}]}",v1,2026-06-15 19:18:29.527863
76d89bbc0b1847f9a320d08a6f2ea53b,pilot_2026_01_02_limit2_auto_tz_2026-01-02_1640,pilot_2026_01_02_limit2_auto_tz,2026-01-03 00:40:00,snapshot_summary,"{""snapshot_id"": ""pilot_2026_01_02_limit2_auto_tz_2026-01-02_1640"", ""run_id"": ""pilot_2026_01_02_limit2_auto_tz"", ""timestamp"": ""2026-01-02T16:40:00+00:00"", ""themes"": [{""theme_instance_id"": ""pilot_2026_01_02_limit2_auto_tz_2026-01-02_1640_theme_001"", ""theme_path_id"": ""pilot_2026_01_02_limit2_auto_tz_path_001"", ""members"": [""A"", ""AA""], ""source_layers"": [""dtw_return_similarity_graph"", ""dtw_trade_flow_similarity_graph""], ""consensus_score"": 0.4, ""theme_quality_score"": 0.4, ""label_short"": ""Theme: A, AA"", ""event_type"": ""continuation""}]}",v1,2026-06-15 19:18:29.618713
4acaf2b167cf4d068cbdcfebd27bba44,pilot_2026_01_02_limit2_auto_tz_2026-01-02_1645,pilot_2026_01_02_limit2_auto_tz,2026-01-03 00:45:00,snapshot_summary,"{""snapshot_id"": ""pilot_2026_01_02_limit2_auto_tz_2026-01-02_1645"", ""run_id"": ""pilot_2026_01_02_limit2_auto_tz"", ""timestamp"": ""2026-01-02T16:45:00+00:00"", ""themes"": []}",v1,2026-06-15 19:18:29.674543
98f25b2d02d14e14b014da29225f70c6,pilot_2026_01_02_limit2_auto_tz_2026-01-02_1650,pilot_2026_01_02_limit2_auto_tz,2026-01-03 00:50:00,snapshot_summary,"{""snapshot_id"": ""pilot_2026_01_02_limit2_auto_tz_2026-01-02_1650"", ""run_id"": ""pilot_2026_01_02_limit2_auto_tz"", ""timestamp"": ""2026-01-02T16:50:00+00:00"", ""themes"": [{""theme_instance_id"": ""pilot_2026_01_02_limit2_auto_tz_2026-01-02_1650_theme_001"", ""theme_path_id"": ""pilot_2026_01_02_limit2_auto_tz_path_001"", ""members"": [""A"", ""AA""], ""source_layers"": [""dtw_return_similarity_graph"", ""dtw_trade_flow_similarity_graph""], ""consensus_score"": 0.4, ""theme_quality_score"": 0.4, ""label_short"": ""Theme: A, AA"", ""event_type"": ""birth""}]}",v1,2026-06-15 19:18:29.769749
1050c68f3cd14c528b25cced45638fbc,pilot_2026_01_02_limit2_auto_tz_2026-01-02_1655,pilot_2026_01_02_limit2_auto_tz,2026-01-03 00:55:00,snapshot_summary,"{""snapshot_id"": ""pilot_2026_01_02_limit2_auto_tz_2026-01-02_1655"", ""run_id"": ""pilot_2026_01_02_limit2_auto_tz"", ""timestamp"": ""2026-01-02T16:55:00+00:00"", ""themes"": [{""theme_instance_id"": ""pilot_2026_01_02_limit2_auto_tz_2026-01-02_1655_theme_001"", ""theme_path_id"": ""pilot_2026_01_02_limit2_auto_tz_path_001"", ""members"": [""A"", ""AA""], ""source_layers"": [""dtw_return_similarity_graph"", ""dtw_trade_flow_similarity_graph""], ""consensus_score"": 0.4, ""theme_quality_score"": 0.4, ""label_short"": ""Theme: A, AA"", ""event_type"": ""continuation""}]}",v1,2026-06-15 19:18:29.859931
abbe525a2e7240c5ba2bb35186a5972b,pilot_2026_01_02_limit2_auto_tz_2026-01-02_1700,pilot_2026_01_02_limit2_auto_tz,2026-01-03 01:00:00,snapshot_summary,"{""snapshot_id"": ""pilot_2026_01_02_limit2_auto_tz_2026-01-02_1700"", ""run_id"": ""pilot_2026_01_02_limit2_auto_tz"", ""timestamp"": ""2026-01-02T17:00:00+00:00"", ""themes"": [{""theme_instance_id"": ""pilot_2026_01_02_limit2_auto_tz_2026-01-02_1700_theme_001"", ""theme_path_id"": ""pilot_2026_01_02_limit2_auto_tz_path_001"", ""members"": [""A"", ""AA""], ""source_layers"": [""dtw_return_similarity_graph"", ""dtw_trade_flow_similarity_graph""], ""consensus_score"": 0.4, ""theme_quality_score"": 0.4, ""label_short"": ""Theme: A, AA"", ""event_type"": ""continuation""}]}",v1,2026-06-15 19:18:29.935925
6e9f6a871515461aa6f772fc6820bbc9,pilot_2026_01_02_limit2_auto_tz_2026-01-02_1705,pilot_2026_01_02_limit2_auto_tz,2026-01-03 01:05:00,snapshot_summary,"{""snapshot_id"": ""pilot_2026_01_02_limit2_auto_tz_2026-01-02_1705"", ""run_id"": ""pilot_2026_01_02_limit2_auto_tz"", ""timestamp"": ""2026-01-02T17:05:00+00:00"", ""themes"": [{""theme_instance_id"": ""pilot_2026_01_02_limit2_auto_tz_2026-01-02_1705_theme_001"", ""theme_path_id"": ""pilot_2026_01_02_limit2_auto_tz_path_001"", ""members"": [""A"", ""AA""], ""source_layers"": [""dtw_return_similarity_graph"", ""dtw_trade_flow_similarity_graph""], ""consensus_score"": 0.4, ""theme_quality_score"": 0.4, ""label_short"": ""Theme: A, AA"", ""event_type"": ""continuation""}]}",v1,2026-06-15 19:18:30.007746
ec44ddb493eb4942a0a50a72692ae6f4,pilot_2026_01_02_limit2_auto_tz_2026-01-02_1710,pilot_2026_01_02_limit2_auto_tz,2026-01-03 01:10:00,snapshot_summary,"{""snapshot_id"": ""pilot_2026_01_02_limit2_auto_tz_2026-01-02_1710"", ""run_id"": ""pilot_2026_01_02_limit2_auto_tz"", ""timestamp"": ""2026-01-02T17:10:00+00:00"", ""themes"": [{""theme_instance_id"": ""pilot_2026_01_02_limit2_auto_tz_2026-01-02_1710_theme_001"", ""theme_path_id"": ""pilot_2026_01_02_limit2_auto_tz_path_001"", ""members"": [""A"", ""AA""], ""source_layers"": [""dtw_return_similarity_graph"", ""dtw_trade_flow_similarity_graph""], ""consensus_score"": 0.4, ""theme_quality_score"": 0.4, ""label_short"": ""Theme: A, AA"", ""event_type"": ""continuation""}]}",v1,2026-06-15 19:18:30.075926
eb7bfd52b7d54490a2810251c8d9486e,pilot_2026_01_02_limit2_auto_tz_2026-01-02_1715,pilot_2026_01_02_limit2_auto_tz,2026-01-03 01:15:00,snapshot_summary,"{""snapshot_id"": ""pilot_2026_01_02_limit2_auto_tz_2026-01-02_1715"", ""run_id"": ""pilot_2026_01_02_limit2_auto_tz"", ""timestamp"": ""2026-01-02T17:15:00+00:00"", ""themes"": [{""theme_instance_id"": ""pilot_2026_01_02_limit2_auto_tz_2026-01-02_1715_theme_001"", ""theme_path_id"": ""pilot_2026_01_02_limit2_auto_tz_path_001"", ""members"": [""A"", ""AA""], ""source_layers"": [""dtw_return_similarity_graph"", ""dtw_trade_flow_similarity_graph""], ""consensus_score"": 0.4, ""theme_quality_score"": 0.4, ""label_short"": ""Theme: A, AA"", ""event_type"": ""continuation""}]}",v1,2026-06-15 19:18:30.142472
895bbd0792064daeb896cbd73cf3099c,pilot_2026_01_02_limit2_auto_tz_2026-01-02_1720,pilot_2026_01_02_limit2_auto_tz,2026-01-03 01:20:00,snapshot_summary,"{""snapshot_id"": ""pilot_2026_01_02_limit2_auto_tz_2026-01-02_1720"", ""run_id"": ""pilot_2026_01_02_limit2_auto_tz"", ""timestamp"": ""2026-01-02T17:20:00+00:00"", ""themes"": [{""theme_instance_id"": ""pilot_2026_01_02_limit2_auto_tz_2026-01-02_1720_theme_001"", ""theme_path_id"": ""pilot_2026_01_02_limit2_auto_tz_path_001"", ""members"": [""A"", ""AA""], ""source_layers"": [""dtw_return_similarity_graph"", ""dtw_trade_flow_similarity_graph""], ""consensus_score"": 0.4, ""theme_quality_score"": 0.4, ""label_short"": ""Theme: A, AA"", ""event_type"": ""continuation""}]}",v1,2026-06-15 19:18:30.214372
b5326ed036f643e3b70a3fe227d76b41,pilot_2026_01_02_limit2_auto_tz_2026-01-02_1725,pilot_2026_01_02_limit2_auto_tz,2026-01-03 01:25:00,snapshot_summary,"{""snapshot_id"": ""pilot_2026_01_02_limit2_auto_tz_2026-01-02_1725"", ""run_id"": ""pilot_2026_01_02_limit2_auto_tz"", ""timestamp"": ""2026-01-02T17:25:00+00:00"", ""themes"": [{""theme_instance_id"": ""pilot_2026_01_02_limit2_auto_tz_2026-01-02_1725_theme_001"", ""theme_path_id"": ""pilot_2026_01_02_limit2_auto_tz_path_001"", ""members"": [""A"", ""AA""], ""source_layers"": [""dtw_return_similarity_graph"", ""dtw_trade_flow_similarity_graph""], ""consensus_score"": 0.4, ""theme_quality_score"": 0.4, ""label_short"": ""Theme: A, AA"", ""event_type"": ""continuation""}]}",v1,2026-06-15 19:18:30.270227
aa0a714df1e0411081e8c7ff448e52c5,pilot_2026_01_02_limit2_auto_tz_2026-01-02_1730,pilot_2026_01_02_limit2_auto_tz,2026-01-03 01:30:00,snapshot_summary,"{""snapshot_id"": ""pilot_2026_01_02_limit2_auto_tz_2026-01-02_1730"", ""run_id"": ""pilot_2026_01_02_limit2_auto_tz"", ""timestamp"": ""2026-01-02T17:30:00+00:00"", ""themes"": [{""theme_instance_id"": ""pilot_2026_01_02_limit2_auto_tz_2026-01-02_1730_theme_001"", ""theme_path_id"": ""pilot_2026_01_02_limit2_auto_tz_path_001"", ""members"": [""A"", ""AA""], ""source_layers"": [""dtw_return_similarity_graph"", ""dtw_trade_flow_similarity_graph""], ""consensus_score"": 0.4, ""theme_quality_score"": 0.4, ""label_short"": ""Theme: A, AA"", ""event_type"": ""continuation""}]}",v1,2026-06-15 19:18:30.347270
f7a0f3ddf89442fcbe320bcf3f32eaf0,pilot_2026_01_02_limit2_auto_tz_2026-01-02_1735,pilot_2026_01_02_limit2_auto_tz,2026-01-03 01:35:00,snapshot_summary,"{""snapshot_id"": ""pilot_2026_01_02_limit2_auto_tz_2026-01-02_1735"", ""run_id"": ""pilot_2026_01_02_limit2_auto_tz"", ""timestamp"": ""2026-01-02T17:35:00+00:00"", ""themes"": [{""theme_instance_id"": ""pilot_2026_01_02_limit2_auto_tz_2026-01-02_1735_theme_001"", ""theme_path_id"": ""pilot_2026_01_02_limit2_auto_tz_path_001"", ""members"": [""A"", ""AA""], ""source_layers"": [""dtw_return_similarity_graph"", ""dtw_trade_flow_similarity_graph""], ""consensus_score"": 0.4, ""theme_quality_score"": 0.4, ""label_short"": ""Theme: A, AA"", ""event_type"": ""continuation""}]}",v1,2026-06-15 19:18:30.457431
59746aa7fefc4f5b907c4703183f9b39,pilot_2026_01_02_limit2_auto_tz_2026-01-02_1740,pilot_2026_01_02_limit2_auto_tz,2026-01-03 01:40:00,snapshot_summary,"{""snapshot_id"": ""pilot_2026_01_02_limit2_auto_tz_2026-01-02_1740"", ""run_id"": ""pilot_2026_01_02_limit2_auto_tz"", ""timestamp"": ""2026-01-02T17:40:00+00:00"", ""themes"": [{""theme_instance_id"": ""pilot_2026_01_02_limit2_auto_tz_2026-01-02_1740_theme_001"", ""theme_path_id"": ""pilot_2026_01_02_limit2_auto_tz_path_001"", ""members"": [""A"", ""AA""], ""source_layers"": [""dtw_return_similarity_graph"", ""dtw_trade_flow_similarity_graph""], ""consensus_score"": 0.4, ""theme_quality_score"": 0.4, ""label_short"": ""Theme: A, AA"", ""event_type"": ""continuation""}]}",v1,2026-06-15 19:18:30.555653
0bdabd9fb7634ce781b1efb4cd28d5ae,pilot_2026_01_02_limit2_auto_tz_2026-01-02_1745,pilot_2026_01_02_limit2_auto_tz,2026-01-03 01:45:00,snapshot_summary,"{""snapshot_id"": ""pilot_2026_01_02_limit2_auto_tz_2026-01-02_1745"", ""run_id"": ""pilot_2026_01_02_limit2_auto_tz"", ""timestamp"": ""2026-01-02T17:45:00+00:00"", ""themes"": [{""theme_instance_id"": ""pilot_2026_01_02_limit2_auto_tz_2026-01-02_1745_theme_001"", ""theme_path_id"": ""pilot_2026_01_02_limit2_auto_tz_path_001"", ""members"": [""A"", ""AA""], ""source_layers"": [""dtw_return_similarity_graph"", ""dtw_trade_flow_similarity_graph""], ""consensus_score"": 0.4, ""theme_quality_score"": 0.4, ""label_short"": ""Theme: A, AA"", ""event_type"": ""continuation""}]}",v1,2026-06-15 19:18:30.646068
8c5190c0f90b44b5a0460a470597b0df,pilot_2026_01_02_limit2_auto_tz_2026-01-02_1750,pilot_2026_01_02_limit2_auto_tz,2026-01-03 01:50:00,snapshot_summary,"{""snapshot_id"": ""pilot_2026_01_02_limit2_auto_tz_2026-01-02_1750"", ""run_id"": ""pilot_2026_01_02_limit2_auto_tz"", ""timestamp"": ""2026-01-02T17:50:00+00:00"", ""themes"": [{""theme_instance_id"": ""pilot_2026_01_02_limit2_auto_tz_2026-01-02_1750_theme_001"", ""theme_path_id"": ""pilot_2026_01_02_limit2_auto_tz_path_001"", ""members"": [""A"", ""AA""], ""source_layers"": [""dtw_return_similarity_graph"", ""dtw_trade_flow_similarity_graph""], ""consensus_score"": 0.4, ""theme_quality_score"": 0.4, ""label_short"": ""Theme: A, AA"", ""event_type"": ""continuation""}]}",v1,2026-06-15 19:18:30.726026
345f7497afbe468bbc5fd0f9c607a843,pilot_2026_01_02_limit2_auto_tz_2026-01-02_1755,pilot_2026_01_02_limit2_auto_tz,2026-01-03 01:55:00,snapshot_summary,"{""snapshot_id"": ""pilot_2026_01_02_limit2_auto_tz_2026-01-02_1755"", ""run_id"": ""pilot_2026_01_02_limit2_auto_tz"", ""timestamp"": ""2026-01-02T17:55:00+00:00"", ""themes"": [{""theme_instance_id"": ""pilot_2026_01_02_limit2_auto_tz_2026-01-02_1755_theme_001"", ""theme_path_id"": ""pilot_2026_01_02_limit2_auto_tz_path_001"", ""members"": [""A"", ""AA""], ""source_layers"": [""dtw_return_similarity_graph"", ""dtw_trade_flow_similarity_graph""], ""consensus_score"": 0.4, ""theme_quality_score"": 0.4, ""label_short"": ""Theme: A, AA"", ""event_type"": ""continuation""}]}",v1,2026-06-15 19:18:30.814364
4945f1ee207040eaa37ebb505fe802c5,pilot_2026_01_02_limit2_auto_tz_2026-01-02_1800,pilot_2026_01_02_limit2_auto_tz,2026-01-03 02:00:00,snapshot_summary,"{""snapshot_id"": ""pilot_2026_01_02_limit2_auto_tz_2026-01-02_1800"", ""run_id"": ""pilot_2026_01_02_limit2_auto_tz"", ""timestamp"": ""2026-01-02T18:00:00+00:00"", ""themes"": [{""theme_instance_id"": ""pilot_2026_01_02_limit2_auto_tz_2026-01-02_1800_theme_001"", ""theme_path_id"": ""pilot_2026_01_02_limit2_auto_tz_path_001"", ""members"": [""A"", ""AA""], ""source_layers"": [""dtw_return_similarity_graph"", ""dtw_trade_flow_similarity_graph""], ""consensus_score"": 0.4, ""theme_quality_score"": 0.4, ""label_short"": ""Theme: A, AA"", ""event_type"": ""continuation""}]}",v1,2026-06-15 19:18:30.895674
07c43ebe3dac4613956c4621c5ee88d0,pilot_2026_01_02_limit2_auto_tz_2026-01-02_1805,pilot_2026_01_02_limit2_auto_tz,2026-01-03 02:05:00,snapshot_summary,"{""snapshot_id"": ""pilot_2026_01_02_limit2_auto_tz_2026-01-02_1805"", ""run_id"": ""pilot_2026_01_02_limit2_auto_tz"", ""timestamp"": ""2026-01-02T18:05:00+00:00"", ""themes"": [{""theme_instance_id"": ""pilot_2026_01_02_limit2_auto_tz_2026-01-02_1805_theme_001"", ""theme_path_id"": ""pilot_2026_01_02_limit2_auto_tz_path_001"", ""members"": [""A"", ""AA""], ""source_layers"": [""dtw_return_similarity_graph"", ""dtw_trade_flow_similarity_graph""], ""consensus_score"": 0.4, ""theme_quality_score"": 0.4, ""label_short"": ""Theme: A, AA"", ""event_type"": ""continuation""}]}",v1,2026-06-15 19:18:30.978481
26e2d612666e494d9b6754a4d490ae46,pilot_2026_01_02_limit2_auto_tz_2026-01-02_1810,pilot_2026_01_02_limit2_auto_tz,2026-01-03 02:10:00,snapshot_summary,"{""snapshot_id"": ""pilot_2026_01_02_limit2_auto_tz_2026-01-02_1810"", ""run_id"": ""pilot_2026_01_02_limit2_auto_tz"", ""timestamp"": ""2026-01-02T18:10:00+00:00"", ""themes"": [{""theme_instance_id"": ""pilot_2026_01_02_limit2_auto_tz_2026-01-02_1810_theme_001"", ""theme_path_id"": ""pilot_2026_01_02_limit2_auto_tz_path_001"", ""members"": [""A"", ""AA""], ""source_layers"": [""dtw_return_similarity_graph"", ""dtw_trade_flow_similarity_graph""], ""consensus_score"": 0.4, ""theme_quality_score"": 0.4, ""label_short"": ""Theme: A, AA"", ""event_type"": ""continuation""}]}",v1,2026-06-15 19:18:31.046966
7a032783930c442384631b3a76393903,pilot_2026_01_02_limit2_auto_tz_2026-01-02_1815,pilot_2026_01_02_limit2_auto_tz,2026-01-03 02:15:00,snapshot_summary,"{""snapshot_id"": ""pilot_2026_01_02_limit2_auto_tz_2026-01-02_1815"", ""run_id"": ""pilot_2026_01_02_limit2_auto_tz"", ""timestamp"": ""2026-01-02T18:15:00+00:00"", ""themes"": [{""theme_instance_id"": ""pilot_2026_01_02_limit2_auto_tz_2026-01-02_1815_theme_001"", ""theme_path_id"": ""pilot_2026_01_02_limit2_auto_tz_path_001"", ""members"": [""A"", ""AA""], ""source_layers"": [""dtw_return_similarity_graph"", ""dtw_trade_flow_similarity_graph""], ""consensus_score"": 0.4, ""theme_quality_score"": 0.4, ""label_short"": ""Theme: A, AA"", ""event_type"": ""continuation""}]}",v1,2026-06-15 19:18:31.099107
424ea610d45144e6bca6e86698fad8ef,pilot_2026_01_02_limit2_auto_tz_2026-01-02_1820,pilot_2026_01_02_limit2_auto_tz,2026-01-03 02:20:00,snapshot_summary,"{""snapshot_id"": ""pilot_2026_01_02_limit2_auto_tz_2026-01-02_1820"", ""run_id"": ""pilot_2026_01_02_limit2_auto_tz"", ""timestamp"": ""2026-01-02T18:20:00+00:00"", ""themes"": [{""theme_instance_id"": ""pilot_2026_01_02_limit2_auto_tz_2026-01-02_1820_theme_001"", ""theme_path_id"": ""pilot_2026_01_02_limit2_auto_tz_path_001"", ""members"": [""A"", ""AA""], ""source_layers"": [""dtw_return_similarity_graph"", ""dtw_trade_flow_similarity_graph""], ""consensus_score"": 0.4, ""theme_quality_score"": 0.4, ""label_short"": ""Theme: A, AA"", ""event_type"": ""continuation""}]}",v1,2026-06-15 19:18:31.154341
3e45d6561e9e4ff8a2cbca78c01b02e5,pilot_2026_01_02_limit2_auto_tz_2026-01-02_1825,pilot_2026_01_02_limit2_auto_tz,2026-01-03 02:25:00,snapshot_summary,"{""snapshot_id"": ""pilot_2026_01_02_limit2_auto_tz_2026-01-02_1825"", ""run_id"": ""pilot_2026_01_02_limit2_auto_tz"", ""timestamp"": ""2026-01-02T18:25:00+00:00"", ""themes"": [{""theme_instance_id"": ""pilot_2026_01_02_limit2_auto_tz_2026-01-02_1825_theme_001"", ""theme_path_id"": ""pilot_2026_01_02_limit2_auto_tz_path_001"", ""members"": [""A"", ""AA""], ""source_layers"": [""dtw_return_similarity_graph"", ""dtw_trade_flow_similarity_graph""], ""consensus_score"": 0.4, ""theme_quality_score"": 0.4, ""label_short"": ""Theme: A, AA"", ""event_type"": ""continuation""}]}",v1,2026-06-15 19:18:31.204421
a72057fc1344462c8f95c845397772ca,pilot_2026_01_02_limit2_auto_tz_2026-01-02_1830,pilot_2026_01_02_limit2_auto_tz,2026-01-03 02:30:00,snapshot_summary,"{""snapshot_id"": ""pilot_2026_01_02_limit2_auto_tz_2026-01-02_1830"", ""run_id"": ""pilot_2026_01_02_limit2_auto_tz"", ""timestamp"": ""2026-01-02T18:30:00+00:00"", ""themes"": [{""theme_instance_id"": ""pilot_2026_01_02_limit2_auto_tz_2026-01-02_1830_theme_001"", ""theme_path_id"": ""pilot_2026_01_02_limit2_auto_tz_path_001"", ""members"": [""A"", ""AA""], ""source_layers"": [""dtw_return_similarity_graph"", ""dtw_trade_flow_similarity_graph""], ""consensus_score"": 0.4, ""theme_quality_score"": 0.4, ""label_short"": ""Theme: A, AA"", ""event_type"": ""continuation""}]}",v1,2026-06-15 19:18:31.253278
510359ef391546149c0f21b0d4dc75eb,pilot_2026_01_02_limit2_auto_tz_2026-01-02_1835,pilot_2026_01_02_limit2_auto_tz,2026-01-03 02:35:00,snapshot_summary,"{""snapshot_id"": ""pilot_2026_01_02_limit2_auto_tz_2026-01-02_1835"", ""run_id"": ""pilot_2026_01_02_limit2_auto_tz"", ""timestamp"": ""2026-01-02T18:35:00+00:00"", ""themes"": [{""theme_instance_id"": ""pilot_2026_01_02_limit2_auto_tz_2026-01-02_1835_theme_001"", ""theme_path_id"": ""pilot_2026_01_02_limit2_auto_tz_path_001"", ""members"": [""A"", ""AA""], ""source_layers"": [""dtw_return_similarity_graph"", ""dtw_trade_flow_similarity_graph""], ""consensus_score"": 0.4, ""theme_quality_score"": 0.4, ""label_short"": ""Theme: A, AA"", ""event_type"": ""continuation""}]}",v1,2026-06-15 19:18:31.322621
0992c7a2dece49539e530b2b0a32d05e,pilot_2026_01_02_limit2_auto_tz_2026-01-02_1840,pilot_2026_01_02_limit2_auto_tz,2026-01-03 02:40:00,snapshot_summary,"{""snapshot_id"": ""pilot_2026_01_02_limit2_auto_tz_2026-01-02_1840"", ""run_id"": ""pilot_2026_01_02_limit2_auto_tz"", ""timestamp"": ""2026-01-02T18:40:00+00:00"", ""themes"": [{""theme_instance_id"": ""pilot_2026_01_02_limit2_auto_tz_2026-01-02_1840_theme_001"", ""theme_path_id"": ""pilot_2026_01_02_limit2_auto_tz_path_001"", ""members"": [""A"", ""AA""], ""source_layers"": [""dtw_return_similarity_graph"", ""dtw_trade_flow_similarity_graph""], ""consensus_score"": 0.4, ""theme_quality_score"": 0.4, ""label_short"": ""Theme: A, AA"", ""event_type"": ""continuation""}]}",v1,2026-06-15 19:18:31.397658
41c1f3052c3541dba3ba2525a84c2528,pilot_2026_01_02_limit2_auto_tz_2026-01-02_1845,pilot_2026_01_02_limit2_auto_tz,2026-01-03 02:45:00,snapshot_summary,"{""snapshot_id"": ""pilot_2026_01_02_limit2_auto_tz_2026-01-02_1845"", ""run_id"": ""pilot_2026_01_02_limit2_auto_tz"", ""timestamp"": ""2026-01-02T18:45:00+00:00"", ""themes"": [{""theme_instance_id"": ""pilot_2026_01_02_limit2_auto_tz_2026-01-02_1845_theme_001"", ""theme_path_id"": ""pilot_2026_01_02_limit2_auto_tz_path_001"", ""members"": [""A"", ""AA""], ""source_layers"": [""dtw_return_similarity_graph"", ""dtw_trade_flow_similarity_graph""], ""consensus_score"": 0.4, ""theme_quality_score"": 0.4, ""label_short"": ""Theme: A, AA"", ""event_type"": ""continuation""}]}",v1,2026-06-15 19:18:31.468883
c4107ebbf3a446b4a8860b8044b9e565,pilot_2026_01_02_limit2_auto_tz_2026-01-02_1850,pilot_2026_01_02_limit2_auto_tz,2026-01-03 02:50:00,snapshot_summary,"{""snapshot_id"": ""pilot_2026_01_02_limit2_auto_tz_2026-01-02_1850"", ""run_id"": ""pilot_2026_01_02_limit2_auto_tz"", ""timestamp"": ""2026-01-02T18:50:00+00:00"", ""themes"": [{""theme_instance_id"": ""pilot_2026_01_02_limit2_auto_tz_2026-01-02_1850_theme_001"", ""theme_path_id"": ""pilot_2026_01_02_limit2_auto_tz_path_001"", ""members"": [""A"", ""AA""], ""source_layers"": [""dtw_return_similarity_graph"", ""dtw_trade_flow_similarity_graph""], ""consensus_score"": 0.4, ""theme_quality_score"": 0.4, ""label_short"": ""Theme: A, AA"", ""event_type"": ""continuation""}]}",v1,2026-06-15 19:18:31.531626
f0a64b84741c470abf1ebd283a023649,pilot_2026_01_02_limit2_auto_tz_2026-01-02_1855,pilot_2026_01_02_limit2_auto_tz,2026-01-03 02:55:00,snapshot_summary,"{""snapshot_id"": ""pilot_2026_01_02_limit2_auto_tz_2026-01-02_1855"", ""run_id"": ""pilot_2026_01_02_limit2_auto_tz"", ""timestamp"": ""2026-01-02T18:55:00+00:00"", ""themes"": [{""theme_instance_id"": ""pilot_2026_01_02_limit2_auto_tz_2026-01-02_1855_theme_001"", ""theme_path_id"": ""pilot_2026_01_02_limit2_auto_tz_path_001"", ""members"": [""A"", ""AA""], ""source_layers"": [""dtw_return_similarity_graph"", ""dtw_trade_flow_similarity_graph""], ""consensus_score"": 0.4, ""theme_quality_score"": 0.4, ""label_short"": ""Theme: A, AA"", ""event_type"": ""continuation""}]}",v1,2026-06-15 19:18:31.598762
3754f4e172cc4e5595d493d269547edf,pilot_2026_01_02_limit2_auto_tz_2026-01-02_1900,pilot_2026_01_02_limit2_auto_tz,2026-01-03 03:00:00,snapshot_summary,"{""snapshot_id"": ""pilot_2026_01_02_limit2_auto_tz_2026-01-02_1900"", ""run_id"": ""pilot_2026_01_02_limit2_auto_tz"", ""timestamp"": ""2026-01-02T19:00:00+00:00"", ""themes"": [{""theme_instance_id"": ""pilot_2026_01_02_limit2_auto_tz_2026-01-02_1900_theme_001"", ""theme_path_id"": ""pilot_2026_01_02_limit2_auto_tz_path_001"", ""members"": [""A"", ""AA""], ""source_layers"": [""dtw_return_similarity_graph"", ""dtw_trade_flow_similarity_graph""], ""consensus_score"": 0.4, ""theme_quality_score"": 0.4, ""label_short"": ""Theme: A, AA"", ""event_type"": ""continuation""}]}",v1,2026-06-15 19:18:31.683927
43801062f7da439b96a110d3c2a50ed3,pilot_2026_01_02_limit2_auto_tz_2026-01-02_1905,pilot_2026_01_02_limit2_auto_tz,2026-01-03 03:05:00,snapshot_summary,"{""snapshot_id"": ""pilot_2026_01_02_limit2_auto_tz_2026-01-02_1905"", ""run_id"": ""pilot_2026_01_02_limit2_auto_tz"", ""timestamp"": ""2026-01-02T19:05:00+00:00"", ""themes"": [{""theme_instance_id"": ""pilot_2026_01_02_limit2_auto_tz_2026-01-02_1905_theme_001"", ""theme_path_id"": ""pilot_2026_01_02_limit2_auto_tz_path_001"", ""members"": [""A"", ""AA""], ""source_layers"": [""dtw_return_similarity_graph"", ""dtw_trade_flow_similarity_graph""], ""consensus_score"": 0.4, ""theme_quality_score"": 0.4, ""label_short"": ""Theme: A, AA"", ""event_type"": ""continuation""}]}",v1,2026-06-15 19:18:31.777872
f608145e1d2b483e8f99ce8cdc3c0fce,pilot_2026_01_02_limit2_auto_tz_2026-01-02_1910,pilot_2026_01_02_limit2_auto_tz,2026-01-03 03:10:00,snapshot_summary,"{""snapshot_id"": ""pilot_2026_01_02_limit2_auto_tz_2026-01-02_1910"", ""run_id"": ""pilot_2026_01_02_limit2_auto_tz"", ""timestamp"": ""2026-01-02T19:10:00+00:00"", ""themes"": [{""theme_instance_id"": ""pilot_2026_01_02_limit2_auto_tz_2026-01-02_1910_theme_001"", ""theme_path_id"": ""pilot_2026_01_02_limit2_auto_tz_path_001"", ""members"": [""A"", ""AA""], ""source_layers"": [""dtw_return_similarity_graph"", ""dtw_trade_flow_similarity_graph""], ""consensus_score"": 0.4, ""theme_quality_score"": 0.4, ""label_short"": ""Theme: A, AA"", ""event_type"": ""continuation""}]}",v1,2026-06-15 19:18:31.870668
632dfed2f8214466b57f086d9faf5cb3,pilot_2026_01_02_limit2_auto_tz_2026-01-02_1915,pilot_2026_01_02_limit2_auto_tz,2026-01-03 03:15:00,snapshot_summary,"{""snapshot_id"": ""pilot_2026_01_02_limit2_auto_tz_2026-01-02_1915"", ""run_id"": ""pilot_2026_01_02_limit2_auto_tz"", ""timestamp"": ""2026-01-02T19:15:00+00:00"", ""themes"": [{""theme_instance_id"": ""pilot_2026_01_02_limit2_auto_tz_2026-01-02_1915_theme_001"", ""theme_path_id"": ""pilot_2026_01_02_limit2_auto_tz_path_001"", ""members"": [""A"", ""AA""], ""source_layers"": [""dtw_return_similarity_graph"", ""dtw_trade_flow_similarity_graph""], ""consensus_score"": 0.4, ""theme_quality_score"": 0.4, ""label_short"": ""Theme: A, AA"", ""event_type"": ""continuation""}]}",v1,2026-06-15 19:18:31.971813
cf0b47c2ded14caaa1d01220a8160cec,pilot_2026_01_02_limit2_auto_tz_2026-01-02_1920,pilot_2026_01_02_limit2_auto_tz,2026-01-03 03:20:00,snapshot_summary,"{""snapshot_id"": ""pilot_2026_01_02_limit2_auto_tz_2026-01-02_1920"", ""run_id"": ""pilot_2026_01_02_limit2_auto_tz"", ""timestamp"": ""2026-01-02T19:20:00+00:00"", ""themes"": [{""theme_instance_id"": ""pilot_2026_01_02_limit2_auto_tz_2026-01-02_1920_theme_001"", ""theme_path_id"": ""pilot_2026_01_02_limit2_auto_tz_path_001"", ""members"": [""A"", ""AA""], ""source_layers"": [""dtw_return_similarity_graph"", ""dtw_trade_flow_similarity_graph""], ""consensus_score"": 0.4, ""theme_quality_score"": 0.4, ""label_short"": ""Theme: A, AA"", ""event_type"": ""continuation""}]}",v1,2026-06-15 19:18:32.071268
154af0791e4a4da3b0ba88fbc8efab0c,pilot_2026_01_02_limit2_auto_tz_2026-01-02_1925,pilot_2026_01_02_limit2_auto_tz,2026-01-03 03:25:00,snapshot_summary,"{""snapshot_id"": ""pilot_2026_01_02_limit2_auto_tz_2026-01-02_1925"", ""run_id"": ""pilot_2026_01_02_limit2_auto_tz"", ""timestamp"": ""2026-01-02T19:25:00+00:00"", ""themes"": [{""theme_instance_id"": ""pilot_2026_01_02_limit2_auto_tz_2026-01-02_1925_theme_001"", ""theme_path_id"": ""pilot_2026_01_02_limit2_auto_tz_path_001"", ""members"": [""A"", ""AA""], ""source_layers"": [""dtw_return_similarity_graph"", ""dtw_trade_flow_similarity_graph""], ""consensus_score"": 0.4, ""theme_quality_score"": 0.4, ""label_short"": ""Theme: A, AA"", ""event_type"": ""continuation""}]}",v1,2026-06-15 19:18:32.163867
4fb5a0dd5c7547698058b7139b546ce8,pilot_2026_01_02_limit2_auto_tz_2026-01-02_1930,pilot_2026_01_02_limit2_auto_tz,2026-01-03 03:30:00,snapshot_summary,"{""snapshot_id"": ""pilot_2026_01_02_limit2_auto_tz_2026-01-02_1930"", ""run_id"": ""pilot_2026_01_02_limit2_auto_tz"", ""timestamp"": ""2026-01-02T19:30:00+00:00"", ""themes"": [{""theme_instance_id"": ""pilot_2026_01_02_limit2_auto_tz_2026-01-02_1930_theme_001"", ""theme_path_id"": ""pilot_2026_01_02_limit2_auto_tz_path_001"", ""members"": [""A"", ""AA""], ""source_layers"": [""dtw_return_similarity_graph"", ""dtw_trade_flow_similarity_graph""], ""consensus_score"": 0.4, ""theme_quality_score"": 0.4, ""label_short"": ""Theme: A, AA"", ""event_type"": ""continuation""}]}",v1,2026-06-15 19:18:32.254064
3574066c9cf542dda61afb608ddd2f9f,pilot_2026_01_02_limit2_auto_tz_2026-01-02_1935,pilot_2026_01_02_limit2_auto_tz,2026-01-03 03:35:00,snapshot_summary,"{""snapshot_id"": ""pilot_2026_01_02_limit2_auto_tz_2026-01-02_1935"", ""run_id"": ""pilot_2026_01_02_limit2_auto_tz"", ""timestamp"": ""2026-01-02T19:35:00+00:00"", ""themes"": [{""theme_instance_id"": ""pilot_2026_01_02_limit2_auto_tz_2026-01-02_1935_theme_001"", ""theme_path_id"": ""pilot_2026_01_02_limit2_auto_tz_path_001"", ""members"": [""A"", ""AA""], ""source_layers"": [""dtw_return_similarity_graph"", ""dtw_trade_flow_similarity_graph""], ""consensus_score"": 0.4, ""theme_quality_score"": 0.4, ""label_short"": ""Theme: A, AA"", ""event_type"": ""continuation""}]}",v1,2026-06-15 19:18:32.352780
4f7b330e9ccd44efb1a31a0f88641683,pilot_2026_01_02_limit2_auto_tz_2026-01-02_1940,pilot_2026_01_02_limit2_auto_tz,2026-01-03 03:40:00,snapshot_summary,"{""snapshot_id"": ""pilot_2026_01_02_limit2_auto_tz_2026-01-02_1940"", ""run_id"": ""pilot_2026_01_02_limit2_auto_tz"", ""timestamp"": ""2026-01-02T19:40:00+00:00"", ""themes"": [{""theme_instance_id"": ""pilot_2026_01_02_limit2_auto_tz_2026-01-02_1940_theme_001"", ""theme_path_id"": ""pilot_2026_01_02_limit2_auto_tz_path_001"", ""members"": [""A"", ""AA""], ""source_layers"": [""dtw_return_similarity_graph"", ""dtw_trade_flow_similarity_graph""], ""consensus_score"": 0.4, ""theme_quality_score"": 0.4, ""label_short"": ""Theme: A, AA"", ""event_type"": ""continuation""}]}",v1,2026-06-15 19:18:32.433169
0f8fc707c4ff48b9b6f110f53684ae3f,pilot_2026_01_02_limit2_auto_tz_2026-01-02_1945,pilot_2026_01_02_limit2_auto_tz,2026-01-03 03:45:00,snapshot_summary,"{""snapshot_id"": ""pilot_2026_01_02_limit2_auto_tz_2026-01-02_1945"", ""run_id"": ""pilot_2026_01_02_limit2_auto_tz"", ""timestamp"": ""2026-01-02T19:45:00+00:00"", ""themes"": [{""theme_instance_id"": ""pilot_2026_01_02_limit2_auto_tz_2026-01-02_1945_theme_001"", ""theme_path_id"": ""pilot_2026_01_02_limit2_auto_tz_path_001"", ""members"": [""A"", ""AA""], ""source_layers"": [""dtw_return_similarity_graph"", ""dtw_trade_flow_similarity_graph""], ""consensus_score"": 0.4, ""theme_quality_score"": 0.4, ""label_short"": ""Theme: A, AA"", ""event_type"": ""continuation""}]}",v1,2026-06-15 19:18:32.495949
e745baac078c4fb0828deb889005f01f,pilot_2026_01_02_limit2_auto_tz_2026-01-02_1950,pilot_2026_01_02_limit2_auto_tz,2026-01-03 03:50:00,snapshot_summary,"{""snapshot_id"": ""pilot_2026_01_02_limit2_auto_tz_2026-01-02_1950"", ""run_id"": ""pilot_2026_01_02_limit2_auto_tz"", ""timestamp"": ""2026-01-02T19:50:00+00:00"", ""themes"": [{""theme_instance_id"": ""pilot_2026_01_02_limit2_auto_tz_2026-01-02_1950_theme_001"", ""theme_path_id"": ""pilot_2026_01_02_limit2_auto_tz_path_001"", ""members"": [""A"", ""AA""], ""source_layers"": [""dtw_return_similarity_graph"", ""dtw_trade_flow_similarity_graph""], ""consensus_score"": 0.4, ""theme_quality_score"": 0.4, ""label_short"": ""Theme: A, AA"", ""event_type"": ""continuation""}]}",v1,2026-06-15 19:18:32.561256
02de1782a0a54b95afbf159591a278dc,pilot_2026_01_02_limit2_auto_tz_2026-01-02_1955,pilot_2026_01_02_limit2_auto_tz,2026-01-03 03:55:00,snapshot_summary,"{""snapshot_id"": ""pilot_2026_01_02_limit2_auto_tz_2026-01-02_1955"", ""run_id"": ""pilot_2026_01_02_limit2_auto_tz"", ""timestamp"": ""2026-01-02T19:55:00+00:00"", ""themes"": [{""theme_instance_id"": ""pilot_2026_01_02_limit2_auto_tz_2026-01-02_1955_theme_001"", ""theme_path_id"": ""pilot_2026_01_02_limit2_auto_tz_path_001"", ""members"": [""A"", ""AA""], ""source_layers"": [""dtw_return_similarity_graph"", ""dtw_trade_flow_similarity_graph""], ""consensus_score"": 0.4, ""theme_quality_score"": 0.4, ""label_short"": ""Theme: A, AA"", ""event_type"": ""continuation""}]}",v1,2026-06-15 19:18:32.639373
336a1fd2ea324848b4ed705efa2c7fd0,pilot_2026_01_02_limit2_auto_tz_2026-01-02_2000,pilot_2026_01_02_limit2_auto_tz,2026-01-03 04:00:00,snapshot_summary,"{""snapshot_id"": ""pilot_2026_01_02_limit2_auto_tz_2026-01-02_2000"", ""run_id"": ""pilot_2026_01_02_limit2_auto_tz"", ""timestamp"": ""2026-01-02T20:00:00+00:00"", ""themes"": [{""theme_instance_id"": ""pilot_2026_01_02_limit2_auto_tz_2026-01-02_2000_theme_001"", ""theme_path_id"": ""pilot_2026_01_02_limit2_auto_tz_path_001"", ""members"": [""A"", ""AA""], ""source_layers"": [""dtw_return_similarity_graph"", ""dtw_trade_flow_similarity_graph""], ""consensus_score"": 0.4, ""theme_quality_score"": 0.4, ""label_short"": ""Theme: A, AA"", ""event_type"": ""continuation""}]}",v1,2026-06-15 19:18:32.705653
00bfefdcd28a4c409212d73df38414fe,pilot_2026_01_02_limit2_auto_tz_2026-01-02_2005,pilot_2026_01_02_limit2_auto_tz,2026-01-03 04:05:00,snapshot_summary,"{""snapshot_id"": ""pilot_2026_01_02_limit2_auto_tz_2026-01-02_2005"", ""run_id"": ""pilot_2026_01_02_limit2_auto_tz"", ""timestamp"": ""2026-01-02T20:05:00+00:00"", ""themes"": [{""theme_instance_id"": ""pilot_2026_01_02_limit2_auto_tz_2026-01-02_2005_theme_001"", ""theme_path_id"": ""pilot_2026_01_02_limit2_auto_tz_path_001"", ""members"": [""A"", ""AA""], ""source_layers"": [""dtw_return_similarity_graph"", ""dtw_trade_flow_similarity_graph""], ""consensus_score"": 0.4, ""theme_quality_score"": 0.4, ""label_short"": ""Theme: A, AA"", ""event_type"": ""continuation""}]}",v1,2026-06-15 19:18:32.762759
d24fd05122c540229c2aa3ae508fa724,pilot_2026_01_02_limit2_auto_tz_2026-01-02_2010,pilot_2026_01_02_limit2_auto_tz,2026-01-03 04:10:00,snapshot_summary,"{""snapshot_id"": ""pilot_2026_01_02_limit2_auto_tz_2026-01-02_2010"", ""run_id"": ""pilot_2026_01_02_limit2_auto_tz"", ""timestamp"": ""2026-01-02T20:10:00+00:00"", ""themes"": [{""theme_instance_id"": ""pilot_2026_01_02_limit2_auto_tz_2026-01-02_2010_theme_001"", ""theme_path_id"": ""pilot_2026_01_02_limit2_auto_tz_path_001"", ""members"": [""A"", ""AA""], ""source_layers"": [""dtw_return_similarity_graph"", ""dtw_trade_flow_similarity_graph""], ""consensus_score"": 0.4, ""theme_quality_score"": 0.4, ""label_short"": ""Theme: A, AA"", ""event_type"": ""continuation""}]}",v1,2026-06-15 19:18:32.817841
0477be6ab9414557b69e14ed4496ce7f,pilot_2026_01_02_limit2_auto_tz_2026-01-02_2015,pilot_2026_01_02_limit2_auto_tz,2026-01-03 04:15:00,snapshot_summary,"{""snapshot_id"": ""pilot_2026_01_02_limit2_auto_tz_2026-01-02_2015"", ""run_id"": ""pilot_2026_01_02_limit2_auto_tz"", ""timestamp"": ""2026-01-02T20:15:00+00:00"", ""themes"": [{""theme_instance_id"": ""pilot_2026_01_02_limit2_auto_tz_2026-01-02_2015_theme_001"", ""theme_path_id"": ""pilot_2026_01_02_limit2_auto_tz_path_001"", ""members"": [""A"", ""AA""], ""source_layers"": [""dtw_return_similarity_graph"", ""dtw_trade_flow_similarity_graph""], ""consensus_score"": 0.4, ""theme_quality_score"": 0.4, ""label_short"": ""Theme: A, AA"", ""event_type"": ""continuation""}]}",v1,2026-06-15 19:18:32.892055
b5d9bb7bbf564bcaa629049ddbc27216,pilot_2026_01_02_limit2_auto_tz_2026-01-02_2020,pilot_2026_01_02_limit2_auto_tz,2026-01-03 04:20:00,snapshot_summary,"{""snapshot_id"": ""pilot_2026_01_02_limit2_auto_tz_2026-01-02_2020"", ""run_id"": ""pilot_2026_01_02_limit2_auto_tz"", ""timestamp"": ""2026-01-02T20:20:00+00:00"", ""themes"": [{""theme_instance_id"": ""pilot_2026_01_02_limit2_auto_tz_2026-01-02_2020_theme_001"", ""theme_path_id"": ""pilot_2026_01_02_limit2_auto_tz_path_001"", ""members"": [""A"", ""AA""], ""source_layers"": [""dtw_return_similarity_graph"", ""dtw_trade_flow_similarity_graph""], ""consensus_score"": 0.4, ""theme_quality_score"": 0.4, ""label_short"": ""Theme: A, AA"", ""event_type"": ""continuation""}]}",v1,2026-06-15 19:18:32.978041
71813c47a4d74c5c83a5406a25a251bb,pilot_2026_01_02_limit2_auto_tz_2026-01-02_2025,pilot_2026_01_02_limit2_auto_tz,2026-01-03 04:25:00,snapshot_summary,"{""snapshot_id"": ""pilot_2026_01_02_limit2_auto_tz_2026-01-02_2025"", ""run_id"": ""pilot_2026_01_02_limit2_auto_tz"", ""timestamp"": ""2026-01-02T20:25:00+00:00"", ""themes"": [{""theme_instance_id"": ""pilot_2026_01_02_limit2_auto_tz_2026-01-02_2025_theme_001"", ""theme_path_id"": ""pilot_2026_01_02_limit2_auto_tz_path_001"", ""members"": [""A"", ""AA""], ""source_layers"": [""dtw_return_similarity_graph"", ""dtw_trade_flow_similarity_graph""], ""consensus_score"": 0.4, ""theme_quality_score"": 0.4, ""label_short"": ""Theme: A, AA"", ""event_type"": ""continuation""}]}",v1,2026-06-15 19:18:33.076347
c14b0e82399241e5a9c015235c571c59,pilot_2026_01_02_limit2_auto_tz_2026-01-02_2030,pilot_2026_01_02_limit2_auto_tz,2026-01-03 04:30:00,snapshot_summary,"{""snapshot_id"": ""pilot_2026_01_02_limit2_auto_tz_2026-01-02_2030"", ""run_id"": ""pilot_2026_01_02_limit2_auto_tz"", ""timestamp"": ""2026-01-02T20:30:00+00:00"", ""themes"": [{""theme_instance_id"": ""pilot_2026_01_02_limit2_auto_tz_2026-01-02_2030_theme_001"", ""theme_path_id"": ""pilot_2026_01_02_limit2_auto_tz_path_001"", ""members"": [""A"", ""AA""], ""source_layers"": [""dtw_return_similarity_graph"", ""dtw_trade_flow_similarity_graph""], ""consensus_score"": 0.4, ""theme_quality_score"": 0.4, ""label_short"": ""Theme: A, AA"", ""event_type"": ""continuation""}]}",v1,2026-06-15 19:18:33.171354
7de40ace332c47aa9d00c547c948be55,pilot_2026_01_02_limit2_auto_tz_2026-01-02_2035,pilot_2026_01_02_limit2_auto_tz,2026-01-03 04:35:00,snapshot_summary,"{""snapshot_id"": ""pilot_2026_01_02_limit2_auto_tz_2026-01-02_2035"", ""run_id"": ""pilot_2026_01_02_limit2_auto_tz"", ""timestamp"": ""2026-01-02T20:35:00+00:00"", ""themes"": [{""theme_instance_id"": ""pilot_2026_01_02_limit2_auto_tz_2026-01-02_2035_theme_001"", ""theme_path_id"": ""pilot_2026_01_02_limit2_auto_tz_path_001"", ""members"": [""A"", ""AA""], ""source_layers"": [""dtw_return_similarity_graph"", ""dtw_trade_flow_similarity_graph""], ""consensus_score"": 0.4, ""theme_quality_score"": 0.4, ""label_short"": ""Theme: A, AA"", ""event_type"": ""continuation""}]}",v1,2026-06-15 19:18:33.262240
545cd5f06e034bc1be9c7be8fa6b5ce6,pilot_2026_01_02_limit2_auto_tz_2026-01-02_2040,pilot_2026_01_02_limit2_auto_tz,2026-01-03 04:40:00,snapshot_summary,"{""snapshot_id"": ""pilot_2026_01_02_limit2_auto_tz_2026-01-02_2040"", ""run_id"": ""pilot_2026_01_02_limit2_auto_tz"", ""timestamp"": ""2026-01-02T20:40:00+00:00"", ""themes"": [{""theme_instance_id"": ""pilot_2026_01_02_limit2_auto_tz_2026-01-02_2040_theme_001"", ""theme_path_id"": ""pilot_2026_01_02_limit2_auto_tz_path_001"", ""members"": [""A"", ""AA""], ""source_layers"": [""dtw_return_similarity_graph"", ""dtw_trade_flow_similarity_graph""], ""consensus_score"": 0.4, ""theme_quality_score"": 0.4, ""label_short"": ""Theme: A, AA"", ""event_type"": ""continuation""}]}",v1,2026-06-15 19:18:33.353919
7162c4dc15ee4baa8af146ddfba626ea,pilot_2026_01_02_limit2_auto_tz_2026-01-02_2045,pilot_2026_01_02_limit2_auto_tz,2026-01-03 04:45:00,snapshot_summary,"{""snapshot_id"": ""pilot_2026_01_02_limit2_auto_tz_2026-01-02_2045"", ""run_id"": ""pilot_2026_01_02_limit2_auto_tz"", ""timestamp"": ""2026-01-02T20:45:00+00:00"", ""themes"": []}",v1,2026-06-15 19:18:33.412794
555ff25222d64e18a8d84f3e2332b5ef,pilot_2026_01_02_limit2_auto_tz_2026-01-02_2050,pilot_2026_01_02_limit2_auto_tz,2026-01-03 04:50:00,snapshot_summary,"{""snapshot_id"": ""pilot_2026_01_02_limit2_auto_tz_2026-01-02_2050"", ""run_id"": ""pilot_2026_01_02_limit2_auto_tz"", ""timestamp"": ""2026-01-02T20:50:00+00:00"", ""themes"": []}",v1,2026-06-15 19:18:33.467120
8acc70f2b3e846069ec7129684c946f3,pilot_2026_01_02_limit2_auto_tz_2026-01-02_2055,pilot_2026_01_02_limit2_auto_tz,2026-01-03 04:55:00,snapshot_summary,"{""snapshot_id"": ""pilot_2026_01_02_limit2_auto_tz_2026-01-02_2055"", ""run_id"": ""pilot_2026_01_02_limit2_auto_tz"", ""timestamp"": ""2026-01-02T20:55:00+00:00"", ""themes"": []}",v1,2026-06-15 19:18:33.523162
64e0ac1c9a584ec185f43ea980170af7,pilot_2026_01_02_limit2_auto_tz_2026-01-02_2100,pilot_2026_01_02_limit2_auto_tz,2026-01-03 05:00:00,snapshot_summary,"{""snapshot_id"": ""pilot_2026_01_02_limit2_auto_tz_2026-01-02_2100"", ""run_id"": ""pilot_2026_01_02_limit2_auto_tz"", ""timestamp"": ""2026-01-02T21:00:00+00:00"", ""themes"": []}",v1,2026-06-15 19:18:33.582354
