run_id,snapshot_id,trade_date,graph_layer,edge_count,node_count,avg_weight,median_weight,p90_weight,threshold,top_k_per_symbol,effective_lookback_minutes
pilot_2026_01_02_limit2_auto_tz,pilot_2026_01_02_limit2_auto_tz_2026-01-02_1435,2026-01-02,dtw_return_similarity_graph,0,0,0.0,0.0,0.0,,,
pilot_2026_01_02_limit2_auto_tz,pilot_2026_01_02_limit2_auto_tz_2026-01-02_1435,2026-01-02,dtw_trade_flow_similarity_graph,0,0,0.0,0.0,0.0,,,
pilot_2026_01_02_limit2_auto_tz,pilot_2026_01_02_limit2_auto_tz_2026-01-02_1435,2026-01-02,flow_alignment_graph,0,0,0.0,0.0,0.0,,,
pilot_2026_01_02_limit2_auto_tz,pilot_2026_01_02_limit2_auto_tz_2026-01-02_1435,2026-01-02,large_trade_alignment_graph,0,0,0.0,0.0,0.0,,,
pilot_2026_01_02_limit2_auto_tz,pilot_2026_01_02_limit2_auto_tz_2026-01-02_1435,2026-01-02,return_corr_graph,0,0,0.0,0.0,0.0,,,
pilot_2026_01_02_limit2_auto_tz,pilot_2026_01_02_limit2_auto_tz_2026-01-02_1435,2026-01-02,volume_expansion_graph,0,0,0.0,0.0,0.0,,,
pilot_2026_01_02_limit2_auto_tz,pilot_2026_01_02_limit2_auto_tz_2026-01-02_1440,2026-01-02,dtw_return_similarity_graph,0,0,0.0,0.0,0.0,,,
pilot_2026_01_02_limit2_auto_tz,pilot_2026_01_02_limit2_auto_tz_2026-01-02_1440,2026-01-02,dtw_trade_flow_similarity_graph,0,0,0.0,0.0,0.0,,,
pilot_2026_01_02_limit2_auto_tz,pilot_2026_01_02_limit2_auto_tz_2026-01-02_1440,2026-01-02,flow_alignment_graph,0,0,0.0,0.0,0.0,,,
pilot_2026_01_02_limit2_auto_tz,pilot_2026_01_02_limit2_auto_tz_2026-01-02_1440,2026-01-02,large_trade_alignment_graph,0,0,0.0,0.0,0.0,,,
pilot_2026_01_02_limit2_auto_tz,pilot_2026_01_02_limit2_auto_tz_2026-01-02_1440,2026-01-02,return_corr_graph,0,0,0.0,0.0,0.0,,,
pilot_2026_01_02_limit2_auto_tz,pilot_2026_01_02_limit2_auto_tz_2026-01-02_1440,2026-01-02,volume_expansion_graph,0,0,0.0,0.0,0.0,,,
pilot_2026_01_02_limit2_auto_tz,pilot_2026_01_02_limit2_auto_tz_2026-01-02_1445,2026-01-02,dtw_return_similarity_graph,0,0,0.0,0.0,0.0,,,
pilot_2026_01_02_limit2_auto_tz,pilot_2026_01_02_limit2_auto_tz_2026-01-02_1445,2026-01-02,dtw_trade_flow_similarity_graph,0,0,0.0,0.0,0.0,,,
pilot_2026_01_02_limit2_auto_tz,pilot_2026_01_02_limit2_auto_tz_2026-01-02_1445,2026-01-02,flow_alignment_graph,0,0,0.0,0.0,0.0,,,
pilot_2026_01_02_limit2_auto_tz,pilot_2026_01_02_limit2_auto_tz_2026-01-02_1445,2026-01-02,large_trade_alignment_graph,0,0,0.0,0.0,0.0,,,
pilot_2026_01_02_limit2_auto_tz,pilot_2026_01_02_limit2_auto_tz_2026-01-02_1445,2026-01-02,return_corr_graph,0,0,0.0,0.0,0.0,,,
pilot_2026_01_02_limit2_auto_tz,pilot_2026_01_02_limit2_auto_tz_2026-01-02_1445,2026-01-02,volume_expansion_graph,0,0,0.0,0.0,0.0,,,
pilot_2026_01_02_limit2_auto_tz,pilot_2026_01_02_limit2_auto_tz_2026-01-02_1450,2026-01-02,dtw_return_similarity_graph,0,0,0.0,0.0,0.0,,,
pilot_2026_01_02_limit2_auto_tz,pilot_2026_01_02_limit2_auto_tz_2026-01-02_1450,2026-01-02,dtw_trade_flow_similarity_graph,0,0,0.0,0.0,0.0,,,
pilot_2026_01_02_limit2_auto_tz,pilot_2026_01_02_limit2_auto_tz_2026-01-02_1450,2026-01-02,flow_alignment_graph,0,0,0.0,0.0,0.0,,,
pilot_2026_01_02_limit2_auto_tz,pilot_2026_01_02_limit2_auto_tz_2026-01-02_1450,2026-01-02,large_trade_alignment_graph,0,0,0.0,0.0,0.0,,,
pilot_2026_01_02_limit2_auto_tz,pilot_2026_01_02_limit2_auto_tz_2026-01-02_1450,2026-01-02,return_corr_graph,0,0,0.0,0.0,0.0,,,
pilot_2026_01_02_limit2_auto_tz,pilot_2026_01_02_limit2_auto_tz_2026-01-02_1450,2026-01-02,volume_expansion_graph,0,0,0.0,0.0,0.0,,,
pilot_2026_01_02_limit2_auto_tz,pilot_2026_01_02_limit2_auto_tz_2026-01-02_1455,2026-01-02,dtw_return_similarity_graph,0,0,0.0,0.0,0.0,,,
pilot_2026_01_02_limit2_auto_tz,pilot_2026_01_02_limit2_auto_tz_2026-01-02_1455,2026-01-02,dtw_trade_flow_similarity_graph,0,0,0.0,0.0,0.0,,,
pilot_2026_01_02_limit2_auto_tz,pilot_2026_01_02_limit2_auto_tz_2026-01-02_1455,2026-01-02,flow_alignment_graph,0,0,0.0,0.0,0.0,,,
pilot_2026_01_02_limit2_auto_tz,pilot_2026_01_02_limit2_auto_tz_2026-01-02_1455,2026-01-02,large_trade_alignment_graph,0,0,0.0,0.0,0.0,,,
pilot_2026_01_02_limit2_auto_tz,pilot_2026_01_02_limit2_auto_tz_2026-01-02_1455,2026-01-02,return_corr_graph,0,0,0.0,0.0,0.0,,,
pilot_2026_01_02_limit2_auto_tz,pilot_2026_01_02_limit2_auto_tz_2026-01-02_1455,2026-01-02,volume_expansion_graph,0,0,0.0,0.0,0.0,,,
pilot_2026_01_02_limit2_auto_tz,pilot_2026_01_02_limit2_auto_tz_2026-01-02_1500,2026-01-02,dtw_return_similarity_graph,0,0,0.0,0.0,0.0,,,
pilot_2026_01_02_limit2_auto_tz,pilot_2026_01_02_limit2_auto_tz_2026-01-02_1500,2026-01-02,dtw_trade_flow_similarity_graph,0,0,0.0,0.0,0.0,,,
pilot_2026_01_02_limit2_auto_tz,pilot_2026_01_02_limit2_auto_tz_2026-01-02_1500,2026-01-02,flow_alignment_graph,0,0,0.0,0.0,0.0,,,
pilot_2026_01_02_limit2_auto_tz,pilot_2026_01_02_limit2_auto_tz_2026-01-02_1500,2026-01-02,large_trade_alignment_graph,0,0,0.0,0.0,0.0,,,
pilot_2026_01_02_limit2_auto_tz,pilot_2026_01_02_limit2_auto_tz_2026-01-02_1500,2026-01-02,return_corr_graph,0,0,0.0,0.0,0.0,,,
pilot_2026_01_02_limit2_auto_tz,pilot_2026_01_02_limit2_auto_tz_2026-01-02_1500,2026-01-02,volume_expansion_graph,0,0,0.0,0.0,0.0,,,
pilot_2026_01_02_limit2_auto_tz,pilot_2026_01_02_limit2_auto_tz_2026-01-02_1505,2026-01-02,dtw_return_similarity_graph,1,2,,,,,,30
pilot_2026_01_02_limit2_auto_tz,pilot_2026_01_02_limit2_auto_tz_2026-01-02_1505,2026-01-02,dtw_trade_flow_similarity_graph,1,2,,,,,,30
pilot_2026_01_02_limit2_auto_tz,pilot_2026_01_02_limit2_auto_tz_2026-01-02_1505,2026-01-02,flow_alignment_graph,0,0,0.0,0.0,0.0,,,
pilot_2026_01_02_limit2_auto_tz,pilot_2026_01_02_limit2_auto_tz_2026-01-02_1505,2026-01-02,large_trade_alignment_graph,0,0,0.0,0.0,0.0,,,
pilot_2026_01_02_limit2_auto_tz,pilot_2026_01_02_limit2_auto_tz_2026-01-02_1505,2026-01-02,return_corr_graph,0,0,0.0,0.0,0.0,,,
pilot_2026_01_02_limit2_auto_tz,pilot_2026_01_02_limit2_auto_tz_2026-01-02_1505,2026-01-02,volume_expansion_graph,0,0,0.0,0.0,0.0,,,
pilot_2026_01_02_limit2_auto_tz,pilot_2026_01_02_limit2_auto_tz_2026-01-02_1510,2026-01-02,dtw_return_similarity_graph,1,2,,,,,,30
pilot_2026_01_02_limit2_auto_tz,pilot_2026_01_02_limit2_auto_tz_2026-01-02_1510,2026-01-02,dtw_trade_flow_similarity_graph,1,2,,,,,,30
pilot_2026_01_02_limit2_auto_tz,pilot_2026_01_02_limit2_auto_tz_2026-01-02_1510,2026-01-02,flow_alignment_graph,0,0,0.0,0.0,0.0,,,
pilot_2026_01_02_limit2_auto_tz,pilot_2026_01_02_limit2_auto_tz_2026-01-02_1510,2026-01-02,large_trade_alignment_graph,0,0,0.0,0.0,0.0,,,
pilot_2026_01_02_limit2_auto_tz,pilot_2026_01_02_limit2_auto_tz_2026-01-02_1510,2026-01-02,return_corr_graph,0,0,0.0,0.0,0.0,,,
pilot_2026_01_02_limit2_auto_tz,pilot_2026_01_02_limit2_auto_tz_2026-01-02_1510,2026-01-02,volume_expansion_graph,0,0,0.0,0.0,0.0,,,
pilot_2026_01_02_limit2_auto_tz,pilot_2026_01_02_limit2_auto_tz_2026-01-02_1515,2026-01-02,dtw_return_similarity_graph,1,2,,,,,,30
pilot_2026_01_02_limit2_auto_tz,pilot_2026_01_02_limit2_auto_tz_2026-01-02_1515,2026-01-02,dtw_trade_flow_similarity_graph,1,2,,,,,,30
pilot_2026_01_02_limit2_auto_tz,pilot_2026_01_02_limit2_auto_tz_2026-01-02_1515,2026-01-02,flow_alignment_graph,0,0,0.0,0.0,0.0,,,
pilot_2026_01_02_limit2_auto_tz,pilot_2026_01_02_limit2_auto_tz_2026-01-02_1515,2026-01-02,large_trade_alignment_graph,0,0,0.0,0.0,0.0,,,
pilot_2026_01_02_limit2_auto_tz,pilot_2026_01_02_limit2_auto_tz_2026-01-02_1515,2026-01-02,return_corr_graph,0,0,0.0,0.0,0.0,,,
pilot_2026_01_02_limit2_auto_tz,pilot_2026_01_02_limit2_auto_tz_2026-01-02_1515,2026-01-02,volume_expansion_graph,0,0,0.0,0.0,0.0,,,
pilot_2026_01_02_limit2_auto_tz,pilot_2026_01_02_limit2_auto_tz_2026-01-02_1520,2026-01-02,dtw_return_similarity_graph,1,2,,,,,,30
pilot_2026_01_02_limit2_auto_tz,pilot_2026_01_02_limit2_auto_tz_2026-01-02_1520,2026-01-02,dtw_trade_flow_similarity_graph,1,2,,,,,,30
pilot_2026_01_02_limit2_auto_tz,pilot_2026_01_02_limit2_auto_tz_2026-01-02_1520,2026-01-02,flow_alignment_graph,0,0,0.0,0.0,0.0,,,
pilot_2026_01_02_limit2_auto_tz,pilot_2026_01_02_limit2_auto_tz_2026-01-02_1520,2026-01-02,large_trade_alignment_graph,0,0,0.0,0.0,0.0,,,
pilot_2026_01_02_limit2_auto_tz,pilot_2026_01_02_limit2_auto_tz_2026-01-02_1520,2026-01-02,return_corr_graph,0,0,0.0,0.0,0.0,,,
pilot_2026_01_02_limit2_auto_tz,pilot_2026_01_02_limit2_auto_tz_2026-01-02_1520,2026-01-02,volume_expansion_graph,0,0,0.0,0.0,0.0,,,
pilot_2026_01_02_limit2_auto_tz,pilot_2026_01_02_limit2_auto_tz_2026-01-02_1525,2026-01-02,dtw_return_similarity_graph,1,2,,,,,,30
pilot_2026_01_02_limit2_auto_tz,pilot_2026_01_02_limit2_auto_tz_2026-01-02_1525,2026-01-02,dtw_trade_flow_similarity_graph,1,2,,,,,,30
pilot_2026_01_02_limit2_auto_tz,pilot_2026_01_02_limit2_auto_tz_2026-01-02_1525,2026-01-02,flow_alignment_graph,0,0,0.0,0.0,0.0,,,
pilot_2026_01_02_limit2_auto_tz,pilot_2026_01_02_limit2_auto_tz_2026-01-02_1525,2026-01-02,large_trade_alignment_graph,0,0,0.0,0.0,0.0,,,
pilot_2026_01_02_limit2_auto_tz,pilot_2026_01_02_limit2_auto_tz_2026-01-02_1525,2026-01-02,return_corr_graph,0,0,0.0,0.0,0.0,,,
pilot_2026_01_02_limit2_auto_tz,pilot_2026_01_02_limit2_auto_tz_2026-01-02_1525,2026-01-02,volume_expansion_graph,0,0,0.0,0.0,0.0,,,
pilot_2026_01_02_limit2_auto_tz,pilot_2026_01_02_limit2_auto_tz_2026-01-02_1530,2026-01-02,dtw_return_similarity_graph,1,2,,,,,,30
pilot_2026_01_02_limit2_auto_tz,pilot_2026_01_02_limit2_auto_tz_2026-01-02_1530,2026-01-02,dtw_trade_flow_similarity_graph,1,2,,,,,,30
pilot_2026_01_02_limit2_auto_tz,pilot_2026_01_02_limit2_auto_tz_2026-01-02_1530,2026-01-02,flow_alignment_graph,0,0,0.0,0.0,0.0,,,
pilot_2026_01_02_limit2_auto_tz,pilot_2026_01_02_limit2_auto_tz_2026-01-02_1530,2026-01-02,large_trade_alignment_graph,0,0,0.0,0.0,0.0,,,
pilot_2026_01_02_limit2_auto_tz,pilot_2026_01_02_limit2_auto_tz_2026-01-02_1530,2026-01-02,return_corr_graph,0,0,0.0,0.0,0.0,,,
pilot_2026_01_02_limit2_auto_tz,pilot_2026_01_02_limit2_auto_tz_2026-01-02_1530,2026-01-02,volume_expansion_graph,0,0,0.0,0.0,0.0,,,
pilot_2026_01_02_limit2_auto_tz,pilot_2026_01_02_limit2_auto_tz_2026-01-02_1535,2026-01-02,dtw_return_similarity_graph,1,2,,,,,,30
pilot_2026_01_02_limit2_auto_tz,pilot_2026_01_02_limit2_auto_tz_2026-01-02_1535,2026-01-02,dtw_trade_flow_similarity_graph,1,2,,,,,,30
pilot_2026_01_02_limit2_auto_tz,pilot_2026_01_02_limit2_auto_tz_2026-01-02_1535,2026-01-02,flow_alignment_graph,0,0,0.0,0.0,0.0,,,
pilot_2026_01_02_limit2_auto_tz,pilot_2026_01_02_limit2_auto_tz_2026-01-02_1535,2026-01-02,large_trade_alignment_graph,0,0,0.0,0.0,0.0,,,
pilot_2026_01_02_limit2_auto_tz,pilot_2026_01_02_limit2_auto_tz_2026-01-02_1535,2026-01-02,return_corr_graph,0,0,0.0,0.0,0.0,,,
pilot_2026_01_02_limit2_auto_tz,pilot_2026_01_02_limit2_auto_tz_2026-01-02_1535,2026-01-02,volume_expansion_graph,0,0,0.0,0.0,0.0,,,
pilot_2026_01_02_limit2_auto_tz,pilot_2026_01_02_limit2_auto_tz_2026-01-02_1540,2026-01-02,dtw_return_similarity_graph,1,2,,,,,,30
pilot_2026_01_02_limit2_auto_tz,pilot_2026_01_02_limit2_auto_tz_2026-01-02_1540,2026-01-02,dtw_trade_flow_similarity_graph,1,2,,,,,,30
pilot_2026_01_02_limit2_auto_tz,pilot_2026_01_02_limit2_auto_tz_2026-01-02_1540,2026-01-02,flow_alignment_graph,0,0,0.0,0.0,0.0,,,
pilot_2026_01_02_limit2_auto_tz,pilot_2026_01_02_limit2_auto_tz_2026-01-02_1540,2026-01-02,large_trade_alignment_graph,0,0,0.0,0.0,0.0,,,
pilot_2026_01_02_limit2_auto_tz,pilot_2026_01_02_limit2_auto_tz_2026-01-02_1540,2026-01-02,return_corr_graph,0,0,0.0,0.0,0.0,,,
pilot_2026_01_02_limit2_auto_tz,pilot_2026_01_02_limit2_auto_tz_2026-01-02_1540,2026-01-02,volume_expansion_graph,0,0,0.0,0.0,0.0,,,
pilot_2026_01_02_limit2_auto_tz,pilot_2026_01_02_limit2_auto_tz_2026-01-02_1545,2026-01-02,dtw_return_similarity_graph,1,2,,,,,,30
pilot_2026_01_02_limit2_auto_tz,pilot_2026_01_02_limit2_auto_tz_2026-01-02_1545,2026-01-02,dtw_trade_flow_similarity_graph,1,2,,,,,,30
pilot_2026_01_02_limit2_auto_tz,pilot_2026_01_02_limit2_auto_tz_2026-01-02_1545,2026-01-02,flow_alignment_graph,0,0,0.0,0.0,0.0,,,
pilot_2026_01_02_limit2_auto_tz,pilot_2026_01_02_limit2_auto_tz_2026-01-02_1545,2026-01-02,large_trade_alignment_graph,0,0,0.0,0.0,0.0,,,
pilot_2026_01_02_limit2_auto_tz,pilot_2026_01_02_limit2_auto_tz_2026-01-02_1545,2026-01-02,return_corr_graph,0,0,0.0,0.0,0.0,,,
pilot_2026_01_02_limit2_auto_tz,pilot_2026_01_02_limit2_auto_tz_2026-01-02_1545,2026-01-02,volume_expansion_graph,0,0,0.0,0.0,0.0,,,
pilot_2026_01_02_limit2_auto_tz,pilot_2026_01_02_limit2_auto_tz_2026-01-02_1550,2026-01-02,dtw_return_similarity_graph,1,2,,,,,,30
pilot_2026_01_02_limit2_auto_tz,pilot_2026_01_02_limit2_auto_tz_2026-01-02_1550,2026-01-02,dtw_trade_flow_similarity_graph,1,2,,,,,,30
pilot_2026_01_02_limit2_auto_tz,pilot_2026_01_02_limit2_auto_tz_2026-01-02_1550,2026-01-02,flow_alignment_graph,0,0,0.0,0.0,0.0,,,
pilot_2026_01_02_limit2_auto_tz,pilot_2026_01_02_limit2_auto_tz_2026-01-02_1550,2026-01-02,large_trade_alignment_graph,0,0,0.0,0.0,0.0,,,
pilot_2026_01_02_limit2_auto_tz,pilot_2026_01_02_limit2_auto_tz_2026-01-02_1550,2026-01-02,return_corr_graph,0,0,0.0,0.0,0.0,,,
pilot_2026_01_02_limit2_auto_tz,pilot_2026_01_02_limit2_auto_tz_2026-01-02_1550,2026-01-02,volume_expansion_graph,0,0,0.0,0.0,0.0,,,
pilot_2026_01_02_limit2_auto_tz,pilot_2026_01_02_limit2_auto_tz_2026-01-02_1555,2026-01-02,dtw_return_similarity_graph,0,0,0.0,0.0,0.0,,,
pilot_2026_01_02_limit2_auto_tz,pilot_2026_01_02_limit2_auto_tz_2026-01-02_1555,2026-01-02,dtw_trade_flow_similarity_graph,0,0,0.0,0.0,0.0,,,
pilot_2026_01_02_limit2_auto_tz,pilot_2026_01_02_limit2_auto_tz_2026-01-02_1555,2026-01-02,flow_alignment_graph,0,0,0.0,0.0,0.0,,,
pilot_2026_01_02_limit2_auto_tz,pilot_2026_01_02_limit2_auto_tz_2026-01-02_1555,2026-01-02,large_trade_alignment_graph,0,0,0.0,0.0,0.0,,,
pilot_2026_01_02_limit2_auto_tz,pilot_2026_01_02_limit2_auto_tz_2026-01-02_1555,2026-01-02,return_corr_graph,0,0,0.0,0.0,0.0,,,
pilot_2026_01_02_limit2_auto_tz,pilot_2026_01_02_limit2_auto_tz_2026-01-02_1555,2026-01-02,volume_expansion_graph,0,0,0.0,0.0,0.0,,,
pilot_2026_01_02_limit2_auto_tz,pilot_2026_01_02_limit2_auto_tz_2026-01-02_1600,2026-01-02,dtw_return_similarity_graph,0,0,0.0,0.0,0.0,,,
pilot_2026_01_02_limit2_auto_tz,pilot_2026_01_02_limit2_auto_tz_2026-01-02_1600,2026-01-02,dtw_trade_flow_similarity_graph,0,0,0.0,0.0,0.0,,,
pilot_2026_01_02_limit2_auto_tz,pilot_2026_01_02_limit2_auto_tz_2026-01-02_1600,2026-01-02,flow_alignment_graph,0,0,0.0,0.0,0.0,,,
pilot_2026_01_02_limit2_auto_tz,pilot_2026_01_02_limit2_auto_tz_2026-01-02_1600,2026-01-02,large_trade_alignment_graph,0,0,0.0,0.0,0.0,,,
pilot_2026_01_02_limit2_auto_tz,pilot_2026_01_02_limit2_auto_tz_2026-01-02_1600,2026-01-02,return_corr_graph,0,0,0.0,0.0,0.0,,,
pilot_2026_01_02_limit2_auto_tz,pilot_2026_01_02_limit2_auto_tz_2026-01-02_1600,2026-01-02,volume_expansion_graph,0,0,0.0,0.0,0.0,,,
pilot_2026_01_02_limit2_auto_tz,pilot_2026_01_02_limit2_auto_tz_2026-01-02_1605,2026-01-02,dtw_return_similarity_graph,0,0,0.0,0.0,0.0,,,
pilot_2026_01_02_limit2_auto_tz,pilot_2026_01_02_limit2_auto_tz_2026-01-02_1605,2026-01-02,dtw_trade_flow_similarity_graph,0,0,0.0,0.0,0.0,,,
pilot_2026_01_02_limit2_auto_tz,pilot_2026_01_02_limit2_auto_tz_2026-01-02_1605,2026-01-02,flow_alignment_graph,0,0,0.0,0.0,0.0,,,
pilot_2026_01_02_limit2_auto_tz,pilot_2026_01_02_limit2_auto_tz_2026-01-02_1605,2026-01-02,large_trade_alignment_graph,0,0,0.0,0.0,0.0,,,
pilot_2026_01_02_limit2_auto_tz,pilot_2026_01_02_limit2_auto_tz_2026-01-02_1605,2026-01-02,return_corr_graph,0,0,0.0,0.0,0.0,,,
pilot_2026_01_02_limit2_auto_tz,pilot_2026_01_02_limit2_auto_tz_2026-01-02_1605,2026-01-02,volume_expansion_graph,0,0,0.0,0.0,0.0,,,
pilot_2026_01_02_limit2_auto_tz,pilot_2026_01_02_limit2_auto_tz_2026-01-02_1610,2026-01-02,dtw_return_similarity_graph,0,0,0.0,0.0,0.0,,,
pilot_2026_01_02_limit2_auto_tz,pilot_2026_01_02_limit2_auto_tz_2026-01-02_1610,2026-01-02,dtw_trade_flow_similarity_graph,0,0,0.0,0.0,0.0,,,
pilot_2026_01_02_limit2_auto_tz,pilot_2026_01_02_limit2_auto_tz_2026-01-02_1610,2026-01-02,flow_alignment_graph,0,0,0.0,0.0,0.0,,,
pilot_2026_01_02_limit2_auto_tz,pilot_2026_01_02_limit2_auto_tz_2026-01-02_1610,2026-01-02,large_trade_alignment_graph,0,0,0.0,0.0,0.0,,,
pilot_2026_01_02_limit2_auto_tz,pilot_2026_01_02_limit2_auto_tz_2026-01-02_1610,2026-01-02,return_corr_graph,0,0,0.0,0.0,0.0,,,
pilot_2026_01_02_limit2_auto_tz,pilot_2026_01_02_limit2_auto_tz_2026-01-02_1610,2026-01-02,volume_expansion_graph,0,0,0.0,0.0,0.0,,,
pilot_2026_01_02_limit2_auto_tz,pilot_2026_01_02_limit2_auto_tz_2026-01-02_1615,2026-01-02,dtw_return_similarity_graph,1,2,,,,,,30
pilot_2026_01_02_limit2_auto_tz,pilot_2026_01_02_limit2_auto_tz_2026-01-02_1615,2026-01-02,dtw_trade_flow_similarity_graph,1,2,,,,,,30
pilot_2026_01_02_limit2_auto_tz,pilot_2026_01_02_limit2_auto_tz_2026-01-02_1615,2026-01-02,flow_alignment_graph,0,0,0.0,0.0,0.0,,,
pilot_2026_01_02_limit2_auto_tz,pilot_2026_01_02_limit2_auto_tz_2026-01-02_1615,2026-01-02,large_trade_alignment_graph,0,0,0.0,0.0,0.0,,,
pilot_2026_01_02_limit2_auto_tz,pilot_2026_01_02_limit2_auto_tz_2026-01-02_1615,2026-01-02,return_corr_graph,0,0,0.0,0.0,0.0,,,
pilot_2026_01_02_limit2_auto_tz,pilot_2026_01_02_limit2_auto_tz_2026-01-02_1615,2026-01-02,volume_expansion_graph,0,0,0.0,0.0,0.0,,,
pilot_2026_01_02_limit2_auto_tz,pilot_2026_01_02_limit2_auto_tz_2026-01-02_1620,2026-01-02,dtw_return_similarity_graph,1,2,,,,,,30
pilot_2026_01_02_limit2_auto_tz,pilot_2026_01_02_limit2_auto_tz_2026-01-02_1620,2026-01-02,dtw_trade_flow_similarity_graph,1,2,,,,,,30
pilot_2026_01_02_limit2_auto_tz,pilot_2026_01_02_limit2_auto_tz_2026-01-02_1620,2026-01-02,flow_alignment_graph,0,0,0.0,0.0,0.0,,,
pilot_2026_01_02_limit2_auto_tz,pilot_2026_01_02_limit2_auto_tz_2026-01-02_1620,2026-01-02,large_trade_alignment_graph,0,0,0.0,0.0,0.0,,,
pilot_2026_01_02_limit2_auto_tz,pilot_2026_01_02_limit2_auto_tz_2026-01-02_1620,2026-01-02,return_corr_graph,0,0,0.0,0.0,0.0,,,
pilot_2026_01_02_limit2_auto_tz,pilot_2026_01_02_limit2_auto_tz_2026-01-02_1620,2026-01-02,volume_expansion_graph,0,0,0.0,0.0,0.0,,,
pilot_2026_01_02_limit2_auto_tz,pilot_2026_01_02_limit2_auto_tz_2026-01-02_1625,2026-01-02,dtw_return_similarity_graph,1,2,,,,,,30
pilot_2026_01_02_limit2_auto_tz,pilot_2026_01_02_limit2_auto_tz_2026-01-02_1625,2026-01-02,dtw_trade_flow_similarity_graph,1,2,,,,,,30
pilot_2026_01_02_limit2_auto_tz,pilot_2026_01_02_limit2_auto_tz_2026-01-02_1625,2026-01-02,flow_alignment_graph,0,0,0.0,0.0,0.0,,,
pilot_2026_01_02_limit2_auto_tz,pilot_2026_01_02_limit2_auto_tz_2026-01-02_1625,2026-01-02,large_trade_alignment_graph,0,0,0.0,0.0,0.0,,,
pilot_2026_01_02_limit2_auto_tz,pilot_2026_01_02_limit2_auto_tz_2026-01-02_1625,2026-01-02,return_corr_graph,0,0,0.0,0.0,0.0,,,
pilot_2026_01_02_limit2_auto_tz,pilot_2026_01_02_limit2_auto_tz_2026-01-02_1625,2026-01-02,volume_expansion_graph,0,0,0.0,0.0,0.0,,,
pilot_2026_01_02_limit2_auto_tz,pilot_2026_01_02_limit2_auto_tz_2026-01-02_1630,2026-01-02,dtw_return_similarity_graph,1,2,,,,,,30
pilot_2026_01_02_limit2_auto_tz,pilot_2026_01_02_limit2_auto_tz_2026-01-02_1630,2026-01-02,dtw_trade_flow_similarity_graph,1,2,,,,,,30
pilot_2026_01_02_limit2_auto_tz,pilot_2026_01_02_limit2_auto_tz_2026-01-02_1630,2026-01-02,flow_alignment_graph,0,0,0.0,0.0,0.0,,,
pilot_2026_01_02_limit2_auto_tz,pilot_2026_01_02_limit2_auto_tz_2026-01-02_1630,2026-01-02,large_trade_alignment_graph,0,0,0.0,0.0,0.0,,,
pilot_2026_01_02_limit2_auto_tz,pilot_2026_01_02_limit2_auto_tz_2026-01-02_1630,2026-01-02,return_corr_graph,0,0,0.0,0.0,0.0,,,
pilot_2026_01_02_limit2_auto_tz,pilot_2026_01_02_limit2_auto_tz_2026-01-02_1630,2026-01-02,volume_expansion_graph,0,0,0.0,0.0,0.0,,,
pilot_2026_01_02_limit2_auto_tz,pilot_2026_01_02_limit2_auto_tz_2026-01-02_1635,2026-01-02,dtw_return_similarity_graph,1,2,,,,,,30
pilot_2026_01_02_limit2_auto_tz,pilot_2026_01_02_limit2_auto_tz_2026-01-02_1635,2026-01-02,dtw_trade_flow_similarity_graph,1,2,,,,,,30
pilot_2026_01_02_limit2_auto_tz,pilot_2026_01_02_limit2_auto_tz_2026-01-02_1635,2026-01-02,flow_alignment_graph,0,0,0.0,0.0,0.0,,,
pilot_2026_01_02_limit2_auto_tz,pilot_2026_01_02_limit2_auto_tz_2026-01-02_1635,2026-01-02,large_trade_alignment_graph,0,0,0.0,0.0,0.0,,,
pilot_2026_01_02_limit2_auto_tz,pilot_2026_01_02_limit2_auto_tz_2026-01-02_1635,2026-01-02,return_corr_graph,0,0,0.0,0.0,0.0,,,
pilot_2026_01_02_limit2_auto_tz,pilot_2026_01_02_limit2_auto_tz_2026-01-02_1635,2026-01-02,volume_expansion_graph,0,0,0.0,0.0,0.0,,,
pilot_2026_01_02_limit2_auto_tz,pilot_2026_01_02_limit2_auto_tz_2026-01-02_1640,2026-01-02,dtw_return_similarity_graph,1,2,,,,,,30
pilot_2026_01_02_limit2_auto_tz,pilot_2026_01_02_limit2_auto_tz_2026-01-02_1640,2026-01-02,dtw_trade_flow_similarity_graph,1,2,,,,,,30
pilot_2026_01_02_limit2_auto_tz,pilot_2026_01_02_limit2_auto_tz_2026-01-02_1640,2026-01-02,flow_alignment_graph,0,0,0.0,0.0,0.0,,,
pilot_2026_01_02_limit2_auto_tz,pilot_2026_01_02_limit2_auto_tz_2026-01-02_1640,2026-01-02,large_trade_alignment_graph,0,0,0.0,0.0,0.0,,,
pilot_2026_01_02_limit2_auto_tz,pilot_2026_01_02_limit2_auto_tz_2026-01-02_1640,2026-01-02,return_corr_graph,0,0,0.0,0.0,0.0,,,
pilot_2026_01_02_limit2_auto_tz,pilot_2026_01_02_limit2_auto_tz_2026-01-02_1640,2026-01-02,volume_expansion_graph,0,0,0.0,0.0,0.0,,,
pilot_2026_01_02_limit2_auto_tz,pilot_2026_01_02_limit2_auto_tz_2026-01-02_1645,2026-01-02,dtw_return_similarity_graph,0,0,0.0,0.0,0.0,,,
pilot_2026_01_02_limit2_auto_tz,pilot_2026_01_02_limit2_auto_tz_2026-01-02_1645,2026-01-02,dtw_trade_flow_similarity_graph,0,0,0.0,0.0,0.0,,,
pilot_2026_01_02_limit2_auto_tz,pilot_2026_01_02_limit2_auto_tz_2026-01-02_1645,2026-01-02,flow_alignment_graph,0,0,0.0,0.0,0.0,,,
pilot_2026_01_02_limit2_auto_tz,pilot_2026_01_02_limit2_auto_tz_2026-01-02_1645,2026-01-02,large_trade_alignment_graph,0,0,0.0,0.0,0.0,,,
pilot_2026_01_02_limit2_auto_tz,pilot_2026_01_02_limit2_auto_tz_2026-01-02_1645,2026-01-02,return_corr_graph,0,0,0.0,0.0,0.0,,,
pilot_2026_01_02_limit2_auto_tz,pilot_2026_01_02_limit2_auto_tz_2026-01-02_1645,2026-01-02,volume_expansion_graph,0,0,0.0,0.0,0.0,,,
pilot_2026_01_02_limit2_auto_tz,pilot_2026_01_02_limit2_auto_tz_2026-01-02_1650,2026-01-02,dtw_return_similarity_graph,1,2,,,,,,30
pilot_2026_01_02_limit2_auto_tz,pilot_2026_01_02_limit2_auto_tz_2026-01-02_1650,2026-01-02,dtw_trade_flow_similarity_graph,1,2,,,,,,30
pilot_2026_01_02_limit2_auto_tz,pilot_2026_01_02_limit2_auto_tz_2026-01-02_1650,2026-01-02,flow_alignment_graph,0,0,0.0,0.0,0.0,,,
pilot_2026_01_02_limit2_auto_tz,pilot_2026_01_02_limit2_auto_tz_2026-01-02_1650,2026-01-02,large_trade_alignment_graph,0,0,0.0,0.0,0.0,,,
pilot_2026_01_02_limit2_auto_tz,pilot_2026_01_02_limit2_auto_tz_2026-01-02_1650,2026-01-02,return_corr_graph,0,0,0.0,0.0,0.0,,,
pilot_2026_01_02_limit2_auto_tz,pilot_2026_01_02_limit2_auto_tz_2026-01-02_1650,2026-01-02,volume_expansion_graph,0,0,0.0,0.0,0.0,,,
pilot_2026_01_02_limit2_auto_tz,pilot_2026_01_02_limit2_auto_tz_2026-01-02_1655,2026-01-02,dtw_return_similarity_graph,1,2,,,,,,30
pilot_2026_01_02_limit2_auto_tz,pilot_2026_01_02_limit2_auto_tz_2026-01-02_1655,2026-01-02,dtw_trade_flow_similarity_graph,1,2,,,,,,30
pilot_2026_01_02_limit2_auto_tz,pilot_2026_01_02_limit2_auto_tz_2026-01-02_1655,2026-01-02,flow_alignment_graph,0,0,0.0,0.0,0.0,,,
pilot_2026_01_02_limit2_auto_tz,pilot_2026_01_02_limit2_auto_tz_2026-01-02_1655,2026-01-02,large_trade_alignment_graph,0,0,0.0,0.0,0.0,,,
pilot_2026_01_02_limit2_auto_tz,pilot_2026_01_02_limit2_auto_tz_2026-01-02_1655,2026-01-02,return_corr_graph,0,0,0.0,0.0,0.0,,,
pilot_2026_01_02_limit2_auto_tz,pilot_2026_01_02_limit2_auto_tz_2026-01-02_1655,2026-01-02,volume_expansion_graph,0,0,0.0,0.0,0.0,,,
pilot_2026_01_02_limit2_auto_tz,pilot_2026_01_02_limit2_auto_tz_2026-01-02_1700,2026-01-02,dtw_return_similarity_graph,1,2,,,,,,30
pilot_2026_01_02_limit2_auto_tz,pilot_2026_01_02_limit2_auto_tz_2026-01-02_1700,2026-01-02,dtw_trade_flow_similarity_graph,1,2,,,,,,30
pilot_2026_01_02_limit2_auto_tz,pilot_2026_01_02_limit2_auto_tz_2026-01-02_1700,2026-01-02,flow_alignment_graph,0,0,0.0,0.0,0.0,,,
pilot_2026_01_02_limit2_auto_tz,pilot_2026_01_02_limit2_auto_tz_2026-01-02_1700,2026-01-02,large_trade_alignment_graph,0,0,0.0,0.0,0.0,,,
pilot_2026_01_02_limit2_auto_tz,pilot_2026_01_02_limit2_auto_tz_2026-01-02_1700,2026-01-02,return_corr_graph,0,0,0.0,0.0,0.0,,,
pilot_2026_01_02_limit2_auto_tz,pilot_2026_01_02_limit2_auto_tz_2026-01-02_1700,2026-01-02,volume_expansion_graph,0,0,0.0,0.0,0.0,,,
pilot_2026_01_02_limit2_auto_tz,pilot_2026_01_02_limit2_auto_tz_2026-01-02_1705,2026-01-02,dtw_return_similarity_graph,1,2,,,,,,30
pilot_2026_01_02_limit2_auto_tz,pilot_2026_01_02_limit2_auto_tz_2026-01-02_1705,2026-01-02,dtw_trade_flow_similarity_graph,1,2,,,,,,30
pilot_2026_01_02_limit2_auto_tz,pilot_2026_01_02_limit2_auto_tz_2026-01-02_1705,2026-01-02,flow_alignment_graph,0,0,0.0,0.0,0.0,,,
pilot_2026_01_02_limit2_auto_tz,pilot_2026_01_02_limit2_auto_tz_2026-01-02_1705,2026-01-02,large_trade_alignment_graph,0,0,0.0,0.0,0.0,,,
pilot_2026_01_02_limit2_auto_tz,pilot_2026_01_02_limit2_auto_tz_2026-01-02_1705,2026-01-02,return_corr_graph,0,0,0.0,0.0,0.0,,,
pilot_2026_01_02_limit2_auto_tz,pilot_2026_01_02_limit2_auto_tz_2026-01-02_1705,2026-01-02,volume_expansion_graph,0,0,0.0,0.0,0.0,,,
pilot_2026_01_02_limit2_auto_tz,pilot_2026_01_02_limit2_auto_tz_2026-01-02_1710,2026-01-02,dtw_return_similarity_graph,1,2,,,,,,30
pilot_2026_01_02_limit2_auto_tz,pilot_2026_01_02_limit2_auto_tz_2026-01-02_1710,2026-01-02,dtw_trade_flow_similarity_graph,1,2,,,,,,30
pilot_2026_01_02_limit2_auto_tz,pilot_2026_01_02_limit2_auto_tz_2026-01-02_1710,2026-01-02,flow_alignment_graph,0,0,0.0,0.0,0.0,,,
pilot_2026_01_02_limit2_auto_tz,pilot_2026_01_02_limit2_auto_tz_2026-01-02_1710,2026-01-02,large_trade_alignment_graph,0,0,0.0,0.0,0.0,,,
pilot_2026_01_02_limit2_auto_tz,pilot_2026_01_02_limit2_auto_tz_2026-01-02_1710,2026-01-02,return_corr_graph,0,0,0.0,0.0,0.0,,,
pilot_2026_01_02_limit2_auto_tz,pilot_2026_01_02_limit2_auto_tz_2026-01-02_1710,2026-01-02,volume_expansion_graph,0,0,0.0,0.0,0.0,,,
pilot_2026_01_02_limit2_auto_tz,pilot_2026_01_02_limit2_auto_tz_2026-01-02_1715,2026-01-02,dtw_return_similarity_graph,1,2,,,,,,30
pilot_2026_01_02_limit2_auto_tz,pilot_2026_01_02_limit2_auto_tz_2026-01-02_1715,2026-01-02,dtw_trade_flow_similarity_graph,1,2,,,,,,30
pilot_2026_01_02_limit2_auto_tz,pilot_2026_01_02_limit2_auto_tz_2026-01-02_1715,2026-01-02,flow_alignment_graph,0,0,0.0,0.0,0.0,,,
pilot_2026_01_02_limit2_auto_tz,pilot_2026_01_02_limit2_auto_tz_2026-01-02_1715,2026-01-02,large_trade_alignment_graph,0,0,0.0,0.0,0.0,,,
pilot_2026_01_02_limit2_auto_tz,pilot_2026_01_02_limit2_auto_tz_2026-01-02_1715,2026-01-02,return_corr_graph,0,0,0.0,0.0,0.0,,,
pilot_2026_01_02_limit2_auto_tz,pilot_2026_01_02_limit2_auto_tz_2026-01-02_1715,2026-01-02,volume_expansion_graph,0,0,0.0,0.0,0.0,,,
pilot_2026_01_02_limit2_auto_tz,pilot_2026_01_02_limit2_auto_tz_2026-01-02_1720,2026-01-02,dtw_return_similarity_graph,1,2,,,,,,30
pilot_2026_01_02_limit2_auto_tz,pilot_2026_01_02_limit2_auto_tz_2026-01-02_1720,2026-01-02,dtw_trade_flow_similarity_graph,1,2,,,,,,30
pilot_2026_01_02_limit2_auto_tz,pilot_2026_01_02_limit2_auto_tz_2026-01-02_1720,2026-01-02,flow_alignment_graph,0,0,0.0,0.0,0.0,,,
pilot_2026_01_02_limit2_auto_tz,pilot_2026_01_02_limit2_auto_tz_2026-01-02_1720,2026-01-02,large_trade_alignment_graph,0,0,0.0,0.0,0.0,,,
pilot_2026_01_02_limit2_auto_tz,pilot_2026_01_02_limit2_auto_tz_2026-01-02_1720,2026-01-02,return_corr_graph,0,0,0.0,0.0,0.0,,,
pilot_2026_01_02_limit2_auto_tz,pilot_2026_01_02_limit2_auto_tz_2026-01-02_1720,2026-01-02,volume_expansion_graph,0,0,0.0,0.0,0.0,,,
pilot_2026_01_02_limit2_auto_tz,pilot_2026_01_02_limit2_auto_tz_2026-01-02_1725,2026-01-02,dtw_return_similarity_graph,1,2,,,,,,30
pilot_2026_01_02_limit2_auto_tz,pilot_2026_01_02_limit2_auto_tz_2026-01-02_1725,2026-01-02,dtw_trade_flow_similarity_graph,1,2,,,,,,30
pilot_2026_01_02_limit2_auto_tz,pilot_2026_01_02_limit2_auto_tz_2026-01-02_1725,2026-01-02,flow_alignment_graph,0,0,0.0,0.0,0.0,,,
pilot_2026_01_02_limit2_auto_tz,pilot_2026_01_02_limit2_auto_tz_2026-01-02_1725,2026-01-02,large_trade_alignment_graph,0,0,0.0,0.0,0.0,,,
pilot_2026_01_02_limit2_auto_tz,pilot_2026_01_02_limit2_auto_tz_2026-01-02_1725,2026-01-02,return_corr_graph,0,0,0.0,0.0,0.0,,,
pilot_2026_01_02_limit2_auto_tz,pilot_2026_01_02_limit2_auto_tz_2026-01-02_1725,2026-01-02,volume_expansion_graph,0,0,0.0,0.0,0.0,,,
pilot_2026_01_02_limit2_auto_tz,pilot_2026_01_02_limit2_auto_tz_2026-01-02_1730,2026-01-02,dtw_return_similarity_graph,1,2,,,,,,30
pilot_2026_01_02_limit2_auto_tz,pilot_2026_01_02_limit2_auto_tz_2026-01-02_1730,2026-01-02,dtw_trade_flow_similarity_graph,1,2,,,,,,30
pilot_2026_01_02_limit2_auto_tz,pilot_2026_01_02_limit2_auto_tz_2026-01-02_1730,2026-01-02,flow_alignment_graph,0,0,0.0,0.0,0.0,,,
pilot_2026_01_02_limit2_auto_tz,pilot_2026_01_02_limit2_auto_tz_2026-01-02_1730,2026-01-02,large_trade_alignment_graph,0,0,0.0,0.0,0.0,,,
pilot_2026_01_02_limit2_auto_tz,pilot_2026_01_02_limit2_auto_tz_2026-01-02_1730,2026-01-02,return_corr_graph,0,0,0.0,0.0,0.0,,,
pilot_2026_01_02_limit2_auto_tz,pilot_2026_01_02_limit2_auto_tz_2026-01-02_1730,2026-01-02,volume_expansion_graph,0,0,0.0,0.0,0.0,,,
pilot_2026_01_02_limit2_auto_tz,pilot_2026_01_02_limit2_auto_tz_2026-01-02_1735,2026-01-02,dtw_return_similarity_graph,1,2,,,,,,30
pilot_2026_01_02_limit2_auto_tz,pilot_2026_01_02_limit2_auto_tz_2026-01-02_1735,2026-01-02,dtw_trade_flow_similarity_graph,1,2,,,,,,30
pilot_2026_01_02_limit2_auto_tz,pilot_2026_01_02_limit2_auto_tz_2026-01-02_1735,2026-01-02,flow_alignment_graph,0,0,0.0,0.0,0.0,,,
pilot_2026_01_02_limit2_auto_tz,pilot_2026_01_02_limit2_auto_tz_2026-01-02_1735,2026-01-02,large_trade_alignment_graph,0,0,0.0,0.0,0.0,,,
pilot_2026_01_02_limit2_auto_tz,pilot_2026_01_02_limit2_auto_tz_2026-01-02_1735,2026-01-02,return_corr_graph,0,0,0.0,0.0,0.0,,,
pilot_2026_01_02_limit2_auto_tz,pilot_2026_01_02_limit2_auto_tz_2026-01-02_1735,2026-01-02,volume_expansion_graph,0,0,0.0,0.0,0.0,,,
pilot_2026_01_02_limit2_auto_tz,pilot_2026_01_02_limit2_auto_tz_2026-01-02_1740,2026-01-02,dtw_return_similarity_graph,1,2,,,,,,30
pilot_2026_01_02_limit2_auto_tz,pilot_2026_01_02_limit2_auto_tz_2026-01-02_1740,2026-01-02,dtw_trade_flow_similarity_graph,1,2,,,,,,30
pilot_2026_01_02_limit2_auto_tz,pilot_2026_01_02_limit2_auto_tz_2026-01-02_1740,2026-01-02,flow_alignment_graph,0,0,0.0,0.0,0.0,,,
pilot_2026_01_02_limit2_auto_tz,pilot_2026_01_02_limit2_auto_tz_2026-01-02_1740,2026-01-02,large_trade_alignment_graph,0,0,0.0,0.0,0.0,,,
pilot_2026_01_02_limit2_auto_tz,pilot_2026_01_02_limit2_auto_tz_2026-01-02_1740,2026-01-02,return_corr_graph,0,0,0.0,0.0,0.0,,,
pilot_2026_01_02_limit2_auto_tz,pilot_2026_01_02_limit2_auto_tz_2026-01-02_1740,2026-01-02,volume_expansion_graph,0,0,0.0,0.0,0.0,,,
pilot_2026_01_02_limit2_auto_tz,pilot_2026_01_02_limit2_auto_tz_2026-01-02_1745,2026-01-02,dtw_return_similarity_graph,1,2,,,,,,30
pilot_2026_01_02_limit2_auto_tz,pilot_2026_01_02_limit2_auto_tz_2026-01-02_1745,2026-01-02,dtw_trade_flow_similarity_graph,1,2,,,,,,30
pilot_2026_01_02_limit2_auto_tz,pilot_2026_01_02_limit2_auto_tz_2026-01-02_1745,2026-01-02,flow_alignment_graph,0,0,0.0,0.0,0.0,,,
pilot_2026_01_02_limit2_auto_tz,pilot_2026_01_02_limit2_auto_tz_2026-01-02_1745,2026-01-02,large_trade_alignment_graph,0,0,0.0,0.0,0.0,,,
pilot_2026_01_02_limit2_auto_tz,pilot_2026_01_02_limit2_auto_tz_2026-01-02_1745,2026-01-02,return_corr_graph,0,0,0.0,0.0,0.0,,,
pilot_2026_01_02_limit2_auto_tz,pilot_2026_01_02_limit2_auto_tz_2026-01-02_1745,2026-01-02,volume_expansion_graph,0,0,0.0,0.0,0.0,,,
pilot_2026_01_02_limit2_auto_tz,pilot_2026_01_02_limit2_auto_tz_2026-01-02_1750,2026-01-02,dtw_return_similarity_graph,1,2,,,,,,30
pilot_2026_01_02_limit2_auto_tz,pilot_2026_01_02_limit2_auto_tz_2026-01-02_1750,2026-01-02,dtw_trade_flow_similarity_graph,1,2,,,,,,30
pilot_2026_01_02_limit2_auto_tz,pilot_2026_01_02_limit2_auto_tz_2026-01-02_1750,2026-01-02,flow_alignment_graph,0,0,0.0,0.0,0.0,,,
pilot_2026_01_02_limit2_auto_tz,pilot_2026_01_02_limit2_auto_tz_2026-01-02_1750,2026-01-02,large_trade_alignment_graph,0,0,0.0,0.0,0.0,,,
pilot_2026_01_02_limit2_auto_tz,pilot_2026_01_02_limit2_auto_tz_2026-01-02_1750,2026-01-02,return_corr_graph,0,0,0.0,0.0,0.0,,,
pilot_2026_01_02_limit2_auto_tz,pilot_2026_01_02_limit2_auto_tz_2026-01-02_1750,2026-01-02,volume_expansion_graph,0,0,0.0,0.0,0.0,,,
pilot_2026_01_02_limit2_auto_tz,pilot_2026_01_02_limit2_auto_tz_2026-01-02_1755,2026-01-02,dtw_return_similarity_graph,1,2,,,,,,30
pilot_2026_01_02_limit2_auto_tz,pilot_2026_01_02_limit2_auto_tz_2026-01-02_1755,2026-01-02,dtw_trade_flow_similarity_graph,1,2,,,,,,30
pilot_2026_01_02_limit2_auto_tz,pilot_2026_01_02_limit2_auto_tz_2026-01-02_1755,2026-01-02,flow_alignment_graph,0,0,0.0,0.0,0.0,,,
pilot_2026_01_02_limit2_auto_tz,pilot_2026_01_02_limit2_auto_tz_2026-01-02_1755,2026-01-02,large_trade_alignment_graph,0,0,0.0,0.0,0.0,,,
pilot_2026_01_02_limit2_auto_tz,pilot_2026_01_02_limit2_auto_tz_2026-01-02_1755,2026-01-02,return_corr_graph,0,0,0.0,0.0,0.0,,,
pilot_2026_01_02_limit2_auto_tz,pilot_2026_01_02_limit2_auto_tz_2026-01-02_1755,2026-01-02,volume_expansion_graph,0,0,0.0,0.0,0.0,,,
pilot_2026_01_02_limit2_auto_tz,pilot_2026_01_02_limit2_auto_tz_2026-01-02_1800,2026-01-02,dtw_return_similarity_graph,1,2,,,,,,30
pilot_2026_01_02_limit2_auto_tz,pilot_2026_01_02_limit2_auto_tz_2026-01-02_1800,2026-01-02,dtw_trade_flow_similarity_graph,1,2,,,,,,30
pilot_2026_01_02_limit2_auto_tz,pilot_2026_01_02_limit2_auto_tz_2026-01-02_1800,2026-01-02,flow_alignment_graph,0,0,0.0,0.0,0.0,,,
pilot_2026_01_02_limit2_auto_tz,pilot_2026_01_02_limit2_auto_tz_2026-01-02_1800,2026-01-02,large_trade_alignment_graph,0,0,0.0,0.0,0.0,,,
pilot_2026_01_02_limit2_auto_tz,pilot_2026_01_02_limit2_auto_tz_2026-01-02_1800,2026-01-02,return_corr_graph,0,0,0.0,0.0,0.0,,,
pilot_2026_01_02_limit2_auto_tz,pilot_2026_01_02_limit2_auto_tz_2026-01-02_1800,2026-01-02,volume_expansion_graph,0,0,0.0,0.0,0.0,,,
pilot_2026_01_02_limit2_auto_tz,pilot_2026_01_02_limit2_auto_tz_2026-01-02_1805,2026-01-02,dtw_return_similarity_graph,1,2,,,,,,30
pilot_2026_01_02_limit2_auto_tz,pilot_2026_01_02_limit2_auto_tz_2026-01-02_1805,2026-01-02,dtw_trade_flow_similarity_graph,1,2,,,,,,30
pilot_2026_01_02_limit2_auto_tz,pilot_2026_01_02_limit2_auto_tz_2026-01-02_1805,2026-01-02,flow_alignment_graph,0,0,0.0,0.0,0.0,,,
pilot_2026_01_02_limit2_auto_tz,pilot_2026_01_02_limit2_auto_tz_2026-01-02_1805,2026-01-02,large_trade_alignment_graph,0,0,0.0,0.0,0.0,,,
pilot_2026_01_02_limit2_auto_tz,pilot_2026_01_02_limit2_auto_tz_2026-01-02_1805,2026-01-02,return_corr_graph,0,0,0.0,0.0,0.0,,,
pilot_2026_01_02_limit2_auto_tz,pilot_2026_01_02_limit2_auto_tz_2026-01-02_1805,2026-01-02,volume_expansion_graph,0,0,0.0,0.0,0.0,,,
pilot_2026_01_02_limit2_auto_tz,pilot_2026_01_02_limit2_auto_tz_2026-01-02_1810,2026-01-02,dtw_return_similarity_graph,1,2,,,,,,30
pilot_2026_01_02_limit2_auto_tz,pilot_2026_01_02_limit2_auto_tz_2026-01-02_1810,2026-01-02,dtw_trade_flow_similarity_graph,1,2,,,,,,30
pilot_2026_01_02_limit2_auto_tz,pilot_2026_01_02_limit2_auto_tz_2026-01-02_1810,2026-01-02,flow_alignment_graph,0,0,0.0,0.0,0.0,,,
pilot_2026_01_02_limit2_auto_tz,pilot_2026_01_02_limit2_auto_tz_2026-01-02_1810,2026-01-02,large_trade_alignment_graph,0,0,0.0,0.0,0.0,,,
pilot_2026_01_02_limit2_auto_tz,pilot_2026_01_02_limit2_auto_tz_2026-01-02_1810,2026-01-02,return_corr_graph,0,0,0.0,0.0,0.0,,,
pilot_2026_01_02_limit2_auto_tz,pilot_2026_01_02_limit2_auto_tz_2026-01-02_1810,2026-01-02,volume_expansion_graph,0,0,0.0,0.0,0.0,,,
pilot_2026_01_02_limit2_auto_tz,pilot_2026_01_02_limit2_auto_tz_2026-01-02_1815,2026-01-02,dtw_return_similarity_graph,1,2,,,,,,30
pilot_2026_01_02_limit2_auto_tz,pilot_2026_01_02_limit2_auto_tz_2026-01-02_1815,2026-01-02,dtw_trade_flow_similarity_graph,1,2,,,,,,30
pilot_2026_01_02_limit2_auto_tz,pilot_2026_01_02_limit2_auto_tz_2026-01-02_1815,2026-01-02,flow_alignment_graph,0,0,0.0,0.0,0.0,,,
pilot_2026_01_02_limit2_auto_tz,pilot_2026_01_02_limit2_auto_tz_2026-01-02_1815,2026-01-02,large_trade_alignment_graph,0,0,0.0,0.0,0.0,,,
pilot_2026_01_02_limit2_auto_tz,pilot_2026_01_02_limit2_auto_tz_2026-01-02_1815,2026-01-02,return_corr_graph,0,0,0.0,0.0,0.0,,,
pilot_2026_01_02_limit2_auto_tz,pilot_2026_01_02_limit2_auto_tz_2026-01-02_1815,2026-01-02,volume_expansion_graph,0,0,0.0,0.0,0.0,,,
pilot_2026_01_02_limit2_auto_tz,pilot_2026_01_02_limit2_auto_tz_2026-01-02_1820,2026-01-02,dtw_return_similarity_graph,1,2,,,,,,30
pilot_2026_01_02_limit2_auto_tz,pilot_2026_01_02_limit2_auto_tz_2026-01-02_1820,2026-01-02,dtw_trade_flow_similarity_graph,1,2,,,,,,30
pilot_2026_01_02_limit2_auto_tz,pilot_2026_01_02_limit2_auto_tz_2026-01-02_1820,2026-01-02,flow_alignment_graph,0,0,0.0,0.0,0.0,,,
pilot_2026_01_02_limit2_auto_tz,pilot_2026_01_02_limit2_auto_tz_2026-01-02_1820,2026-01-02,large_trade_alignment_graph,0,0,0.0,0.0,0.0,,,
pilot_2026_01_02_limit2_auto_tz,pilot_2026_01_02_limit2_auto_tz_2026-01-02_1820,2026-01-02,return_corr_graph,0,0,0.0,0.0,0.0,,,
pilot_2026_01_02_limit2_auto_tz,pilot_2026_01_02_limit2_auto_tz_2026-01-02_1820,2026-01-02,volume_expansion_graph,0,0,0.0,0.0,0.0,,,
pilot_2026_01_02_limit2_auto_tz,pilot_2026_01_02_limit2_auto_tz_2026-01-02_1825,2026-01-02,dtw_return_similarity_graph,1,2,,,,,,30
pilot_2026_01_02_limit2_auto_tz,pilot_2026_01_02_limit2_auto_tz_2026-01-02_1825,2026-01-02,dtw_trade_flow_similarity_graph,1,2,,,,,,30
pilot_2026_01_02_limit2_auto_tz,pilot_2026_01_02_limit2_auto_tz_2026-01-02_1825,2026-01-02,flow_alignment_graph,0,0,0.0,0.0,0.0,,,
pilot_2026_01_02_limit2_auto_tz,pilot_2026_01_02_limit2_auto_tz_2026-01-02_1825,2026-01-02,large_trade_alignment_graph,0,0,0.0,0.0,0.0,,,
pilot_2026_01_02_limit2_auto_tz,pilot_2026_01_02_limit2_auto_tz_2026-01-02_1825,2026-01-02,return_corr_graph,0,0,0.0,0.0,0.0,,,
pilot_2026_01_02_limit2_auto_tz,pilot_2026_01_02_limit2_auto_tz_2026-01-02_1825,2026-01-02,volume_expansion_graph,0,0,0.0,0.0,0.0,,,
pilot_2026_01_02_limit2_auto_tz,pilot_2026_01_02_limit2_auto_tz_2026-01-02_1830,2026-01-02,dtw_return_similarity_graph,1,2,,,,,,30
pilot_2026_01_02_limit2_auto_tz,pilot_2026_01_02_limit2_auto_tz_2026-01-02_1830,2026-01-02,dtw_trade_flow_similarity_graph,1,2,,,,,,30
pilot_2026_01_02_limit2_auto_tz,pilot_2026_01_02_limit2_auto_tz_2026-01-02_1830,2026-01-02,flow_alignment_graph,0,0,0.0,0.0,0.0,,,
pilot_2026_01_02_limit2_auto_tz,pilot_2026_01_02_limit2_auto_tz_2026-01-02_1830,2026-01-02,large_trade_alignment_graph,0,0,0.0,0.0,0.0,,,
pilot_2026_01_02_limit2_auto_tz,pilot_2026_01_02_limit2_auto_tz_2026-01-02_1830,2026-01-02,return_corr_graph,0,0,0.0,0.0,0.0,,,
pilot_2026_01_02_limit2_auto_tz,pilot_2026_01_02_limit2_auto_tz_2026-01-02_1830,2026-01-02,volume_expansion_graph,0,0,0.0,0.0,0.0,,,
pilot_2026_01_02_limit2_auto_tz,pilot_2026_01_02_limit2_auto_tz_2026-01-02_1835,2026-01-02,dtw_return_similarity_graph,1,2,,,,,,30
pilot_2026_01_02_limit2_auto_tz,pilot_2026_01_02_limit2_auto_tz_2026-01-02_1835,2026-01-02,dtw_trade_flow_similarity_graph,1,2,,,,,,30
pilot_2026_01_02_limit2_auto_tz,pilot_2026_01_02_limit2_auto_tz_2026-01-02_1835,2026-01-02,flow_alignment_graph,0,0,0.0,0.0,0.0,,,
pilot_2026_01_02_limit2_auto_tz,pilot_2026_01_02_limit2_auto_tz_2026-01-02_1835,2026-01-02,large_trade_alignment_graph,0,0,0.0,0.0,0.0,,,
pilot_2026_01_02_limit2_auto_tz,pilot_2026_01_02_limit2_auto_tz_2026-01-02_1835,2026-01-02,return_corr_graph,0,0,0.0,0.0,0.0,,,
pilot_2026_01_02_limit2_auto_tz,pilot_2026_01_02_limit2_auto_tz_2026-01-02_1835,2026-01-02,volume_expansion_graph,0,0,0.0,0.0,0.0,,,
pilot_2026_01_02_limit2_auto_tz,pilot_2026_01_02_limit2_auto_tz_2026-01-02_1840,2026-01-02,dtw_return_similarity_graph,1,2,,,,,,30
pilot_2026_01_02_limit2_auto_tz,pilot_2026_01_02_limit2_auto_tz_2026-01-02_1840,2026-01-02,dtw_trade_flow_similarity_graph,1,2,,,,,,30
pilot_2026_01_02_limit2_auto_tz,pilot_2026_01_02_limit2_auto_tz_2026-01-02_1840,2026-01-02,flow_alignment_graph,0,0,0.0,0.0,0.0,,,
pilot_2026_01_02_limit2_auto_tz,pilot_2026_01_02_limit2_auto_tz_2026-01-02_1840,2026-01-02,large_trade_alignment_graph,0,0,0.0,0.0,0.0,,,
pilot_2026_01_02_limit2_auto_tz,pilot_2026_01_02_limit2_auto_tz_2026-01-02_1840,2026-01-02,return_corr_graph,0,0,0.0,0.0,0.0,,,
pilot_2026_01_02_limit2_auto_tz,pilot_2026_01_02_limit2_auto_tz_2026-01-02_1840,2026-01-02,volume_expansion_graph,0,0,0.0,0.0,0.0,,,
pilot_2026_01_02_limit2_auto_tz,pilot_2026_01_02_limit2_auto_tz_2026-01-02_1845,2026-01-02,dtw_return_similarity_graph,1,2,,,,,,30
pilot_2026_01_02_limit2_auto_tz,pilot_2026_01_02_limit2_auto_tz_2026-01-02_1845,2026-01-02,dtw_trade_flow_similarity_graph,1,2,,,,,,30
pilot_2026_01_02_limit2_auto_tz,pilot_2026_01_02_limit2_auto_tz_2026-01-02_1845,2026-01-02,flow_alignment_graph,0,0,0.0,0.0,0.0,,,
pilot_2026_01_02_limit2_auto_tz,pilot_2026_01_02_limit2_auto_tz_2026-01-02_1845,2026-01-02,large_trade_alignment_graph,0,0,0.0,0.0,0.0,,,
pilot_2026_01_02_limit2_auto_tz,pilot_2026_01_02_limit2_auto_tz_2026-01-02_1845,2026-01-02,return_corr_graph,0,0,0.0,0.0,0.0,,,
pilot_2026_01_02_limit2_auto_tz,pilot_2026_01_02_limit2_auto_tz_2026-01-02_1845,2026-01-02,volume_expansion_graph,0,0,0.0,0.0,0.0,,,
pilot_2026_01_02_limit2_auto_tz,pilot_2026_01_02_limit2_auto_tz_2026-01-02_1850,2026-01-02,dtw_return_similarity_graph,1,2,,,,,,30
pilot_2026_01_02_limit2_auto_tz,pilot_2026_01_02_limit2_auto_tz_2026-01-02_1850,2026-01-02,dtw_trade_flow_similarity_graph,1,2,,,,,,30
pilot_2026_01_02_limit2_auto_tz,pilot_2026_01_02_limit2_auto_tz_2026-01-02_1850,2026-01-02,flow_alignment_graph,0,0,0.0,0.0,0.0,,,
pilot_2026_01_02_limit2_auto_tz,pilot_2026_01_02_limit2_auto_tz_2026-01-02_1850,2026-01-02,large_trade_alignment_graph,0,0,0.0,0.0,0.0,,,
pilot_2026_01_02_limit2_auto_tz,pilot_2026_01_02_limit2_auto_tz_2026-01-02_1850,2026-01-02,return_corr_graph,0,0,0.0,0.0,0.0,,,
pilot_2026_01_02_limit2_auto_tz,pilot_2026_01_02_limit2_auto_tz_2026-01-02_1850,2026-01-02,volume_expansion_graph,0,0,0.0,0.0,0.0,,,
pilot_2026_01_02_limit2_auto_tz,pilot_2026_01_02_limit2_auto_tz_2026-01-02_1855,2026-01-02,dtw_return_similarity_graph,1,2,,,,,,30
pilot_2026_01_02_limit2_auto_tz,pilot_2026_01_02_limit2_auto_tz_2026-01-02_1855,2026-01-02,dtw_trade_flow_similarity_graph,1,2,,,,,,30
pilot_2026_01_02_limit2_auto_tz,pilot_2026_01_02_limit2_auto_tz_2026-01-02_1855,2026-01-02,flow_alignment_graph,0,0,0.0,0.0,0.0,,,
pilot_2026_01_02_limit2_auto_tz,pilot_2026_01_02_limit2_auto_tz_2026-01-02_1855,2026-01-02,large_trade_alignment_graph,0,0,0.0,0.0,0.0,,,
pilot_2026_01_02_limit2_auto_tz,pilot_2026_01_02_limit2_auto_tz_2026-01-02_1855,2026-01-02,return_corr_graph,0,0,0.0,0.0,0.0,,,
pilot_2026_01_02_limit2_auto_tz,pilot_2026_01_02_limit2_auto_tz_2026-01-02_1855,2026-01-02,volume_expansion_graph,0,0,0.0,0.0,0.0,,,
pilot_2026_01_02_limit2_auto_tz,pilot_2026_01_02_limit2_auto_tz_2026-01-02_1900,2026-01-02,dtw_return_similarity_graph,1,2,,,,,,30
pilot_2026_01_02_limit2_auto_tz,pilot_2026_01_02_limit2_auto_tz_2026-01-02_1900,2026-01-02,dtw_trade_flow_similarity_graph,1,2,,,,,,30
pilot_2026_01_02_limit2_auto_tz,pilot_2026_01_02_limit2_auto_tz_2026-01-02_1900,2026-01-02,flow_alignment_graph,0,0,0.0,0.0,0.0,,,
pilot_2026_01_02_limit2_auto_tz,pilot_2026_01_02_limit2_auto_tz_2026-01-02_1900,2026-01-02,large_trade_alignment_graph,0,0,0.0,0.0,0.0,,,
pilot_2026_01_02_limit2_auto_tz,pilot_2026_01_02_limit2_auto_tz_2026-01-02_1900,2026-01-02,return_corr_graph,0,0,0.0,0.0,0.0,,,
pilot_2026_01_02_limit2_auto_tz,pilot_2026_01_02_limit2_auto_tz_2026-01-02_1900,2026-01-02,volume_expansion_graph,0,0,0.0,0.0,0.0,,,
pilot_2026_01_02_limit2_auto_tz,pilot_2026_01_02_limit2_auto_tz_2026-01-02_1905,2026-01-02,dtw_return_similarity_graph,1,2,,,,,,30
pilot_2026_01_02_limit2_auto_tz,pilot_2026_01_02_limit2_auto_tz_2026-01-02_1905,2026-01-02,dtw_trade_flow_similarity_graph,1,2,,,,,,30
pilot_2026_01_02_limit2_auto_tz,pilot_2026_01_02_limit2_auto_tz_2026-01-02_1905,2026-01-02,flow_alignment_graph,0,0,0.0,0.0,0.0,,,
pilot_2026_01_02_limit2_auto_tz,pilot_2026_01_02_limit2_auto_tz_2026-01-02_1905,2026-01-02,large_trade_alignment_graph,0,0,0.0,0.0,0.0,,,
pilot_2026_01_02_limit2_auto_tz,pilot_2026_01_02_limit2_auto_tz_2026-01-02_1905,2026-01-02,return_corr_graph,0,0,0.0,0.0,0.0,,,
pilot_2026_01_02_limit2_auto_tz,pilot_2026_01_02_limit2_auto_tz_2026-01-02_1905,2026-01-02,volume_expansion_graph,0,0,0.0,0.0,0.0,,,
pilot_2026_01_02_limit2_auto_tz,pilot_2026_01_02_limit2_auto_tz_2026-01-02_1910,2026-01-02,dtw_return_similarity_graph,1,2,,,,,,30
pilot_2026_01_02_limit2_auto_tz,pilot_2026_01_02_limit2_auto_tz_2026-01-02_1910,2026-01-02,dtw_trade_flow_similarity_graph,1,2,,,,,,30
pilot_2026_01_02_limit2_auto_tz,pilot_2026_01_02_limit2_auto_tz_2026-01-02_1910,2026-01-02,flow_alignment_graph,0,0,0.0,0.0,0.0,,,
pilot_2026_01_02_limit2_auto_tz,pilot_2026_01_02_limit2_auto_tz_2026-01-02_1910,2026-01-02,large_trade_alignment_graph,0,0,0.0,0.0,0.0,,,
pilot_2026_01_02_limit2_auto_tz,pilot_2026_01_02_limit2_auto_tz_2026-01-02_1910,2026-01-02,return_corr_graph,0,0,0.0,0.0,0.0,,,
pilot_2026_01_02_limit2_auto_tz,pilot_2026_01_02_limit2_auto_tz_2026-01-02_1910,2026-01-02,volume_expansion_graph,0,0,0.0,0.0,0.0,,,
pilot_2026_01_02_limit2_auto_tz,pilot_2026_01_02_limit2_auto_tz_2026-01-02_1915,2026-01-02,dtw_return_similarity_graph,1,2,,,,,,30
pilot_2026_01_02_limit2_auto_tz,pilot_2026_01_02_limit2_auto_tz_2026-01-02_1915,2026-01-02,dtw_trade_flow_similarity_graph,1,2,,,,,,30
pilot_2026_01_02_limit2_auto_tz,pilot_2026_01_02_limit2_auto_tz_2026-01-02_1915,2026-01-02,flow_alignment_graph,0,0,0.0,0.0,0.0,,,
pilot_2026_01_02_limit2_auto_tz,pilot_2026_01_02_limit2_auto_tz_2026-01-02_1915,2026-01-02,large_trade_alignment_graph,0,0,0.0,0.0,0.0,,,
pilot_2026_01_02_limit2_auto_tz,pilot_2026_01_02_limit2_auto_tz_2026-01-02_1915,2026-01-02,return_corr_graph,0,0,0.0,0.0,0.0,,,
pilot_2026_01_02_limit2_auto_tz,pilot_2026_01_02_limit2_auto_tz_2026-01-02_1915,2026-01-02,volume_expansion_graph,0,0,0.0,0.0,0.0,,,
pilot_2026_01_02_limit2_auto_tz,pilot_2026_01_02_limit2_auto_tz_2026-01-02_1920,2026-01-02,dtw_return_similarity_graph,1,2,,,,,,30
pilot_2026_01_02_limit2_auto_tz,pilot_2026_01_02_limit2_auto_tz_2026-01-02_1920,2026-01-02,dtw_trade_flow_similarity_graph,1,2,,,,,,30
pilot_2026_01_02_limit2_auto_tz,pilot_2026_01_02_limit2_auto_tz_2026-01-02_1920,2026-01-02,flow_alignment_graph,0,0,0.0,0.0,0.0,,,
pilot_2026_01_02_limit2_auto_tz,pilot_2026_01_02_limit2_auto_tz_2026-01-02_1920,2026-01-02,large_trade_alignment_graph,0,0,0.0,0.0,0.0,,,
pilot_2026_01_02_limit2_auto_tz,pilot_2026_01_02_limit2_auto_tz_2026-01-02_1920,2026-01-02,return_corr_graph,0,0,0.0,0.0,0.0,,,
pilot_2026_01_02_limit2_auto_tz,pilot_2026_01_02_limit2_auto_tz_2026-01-02_1920,2026-01-02,volume_expansion_graph,0,0,0.0,0.0,0.0,,,
pilot_2026_01_02_limit2_auto_tz,pilot_2026_01_02_limit2_auto_tz_2026-01-02_1925,2026-01-02,dtw_return_similarity_graph,1,2,,,,,,30
pilot_2026_01_02_limit2_auto_tz,pilot_2026_01_02_limit2_auto_tz_2026-01-02_1925,2026-01-02,dtw_trade_flow_similarity_graph,1,2,,,,,,30
pilot_2026_01_02_limit2_auto_tz,pilot_2026_01_02_limit2_auto_tz_2026-01-02_1925,2026-01-02,flow_alignment_graph,0,0,0.0,0.0,0.0,,,
pilot_2026_01_02_limit2_auto_tz,pilot_2026_01_02_limit2_auto_tz_2026-01-02_1925,2026-01-02,large_trade_alignment_graph,0,0,0.0,0.0,0.0,,,
pilot_2026_01_02_limit2_auto_tz,pilot_2026_01_02_limit2_auto_tz_2026-01-02_1925,2026-01-02,return_corr_graph,0,0,0.0,0.0,0.0,,,
pilot_2026_01_02_limit2_auto_tz,pilot_2026_01_02_limit2_auto_tz_2026-01-02_1925,2026-01-02,volume_expansion_graph,0,0,0.0,0.0,0.0,,,
pilot_2026_01_02_limit2_auto_tz,pilot_2026_01_02_limit2_auto_tz_2026-01-02_1930,2026-01-02,dtw_return_similarity_graph,1,2,,,,,,30
pilot_2026_01_02_limit2_auto_tz,pilot_2026_01_02_limit2_auto_tz_2026-01-02_1930,2026-01-02,dtw_trade_flow_similarity_graph,1,2,,,,,,30
pilot_2026_01_02_limit2_auto_tz,pilot_2026_01_02_limit2_auto_tz_2026-01-02_1930,2026-01-02,flow_alignment_graph,0,0,0.0,0.0,0.0,,,
pilot_2026_01_02_limit2_auto_tz,pilot_2026_01_02_limit2_auto_tz_2026-01-02_1930,2026-01-02,large_trade_alignment_graph,0,0,0.0,0.0,0.0,,,
pilot_2026_01_02_limit2_auto_tz,pilot_2026_01_02_limit2_auto_tz_2026-01-02_1930,2026-01-02,return_corr_graph,0,0,0.0,0.0,0.0,,,
pilot_2026_01_02_limit2_auto_tz,pilot_2026_01_02_limit2_auto_tz_2026-01-02_1930,2026-01-02,volume_expansion_graph,0,0,0.0,0.0,0.0,,,
pilot_2026_01_02_limit2_auto_tz,pilot_2026_01_02_limit2_auto_tz_2026-01-02_1935,2026-01-02,dtw_return_similarity_graph,1,2,,,,,,30
pilot_2026_01_02_limit2_auto_tz,pilot_2026_01_02_limit2_auto_tz_2026-01-02_1935,2026-01-02,dtw_trade_flow_similarity_graph,1,2,,,,,,30
pilot_2026_01_02_limit2_auto_tz,pilot_2026_01_02_limit2_auto_tz_2026-01-02_1935,2026-01-02,flow_alignment_graph,0,0,0.0,0.0,0.0,,,
pilot_2026_01_02_limit2_auto_tz,pilot_2026_01_02_limit2_auto_tz_2026-01-02_1935,2026-01-02,large_trade_alignment_graph,0,0,0.0,0.0,0.0,,,
pilot_2026_01_02_limit2_auto_tz,pilot_2026_01_02_limit2_auto_tz_2026-01-02_1935,2026-01-02,return_corr_graph,0,0,0.0,0.0,0.0,,,
pilot_2026_01_02_limit2_auto_tz,pilot_2026_01_02_limit2_auto_tz_2026-01-02_1935,2026-01-02,volume_expansion_graph,0,0,0.0,0.0,0.0,,,
pilot_2026_01_02_limit2_auto_tz,pilot_2026_01_02_limit2_auto_tz_2026-01-02_1940,2026-01-02,dtw_return_similarity_graph,1,2,,,,,,30
pilot_2026_01_02_limit2_auto_tz,pilot_2026_01_02_limit2_auto_tz_2026-01-02_1940,2026-01-02,dtw_trade_flow_similarity_graph,1,2,,,,,,30
pilot_2026_01_02_limit2_auto_tz,pilot_2026_01_02_limit2_auto_tz_2026-01-02_1940,2026-01-02,flow_alignment_graph,0,0,0.0,0.0,0.0,,,
pilot_2026_01_02_limit2_auto_tz,pilot_2026_01_02_limit2_auto_tz_2026-01-02_1940,2026-01-02,large_trade_alignment_graph,0,0,0.0,0.0,0.0,,,
pilot_2026_01_02_limit2_auto_tz,pilot_2026_01_02_limit2_auto_tz_2026-01-02_1940,2026-01-02,return_corr_graph,0,0,0.0,0.0,0.0,,,
pilot_2026_01_02_limit2_auto_tz,pilot_2026_01_02_limit2_auto_tz_2026-01-02_1940,2026-01-02,volume_expansion_graph,0,0,0.0,0.0,0.0,,,
pilot_2026_01_02_limit2_auto_tz,pilot_2026_01_02_limit2_auto_tz_2026-01-02_1945,2026-01-02,dtw_return_similarity_graph,1,2,,,,,,30
pilot_2026_01_02_limit2_auto_tz,pilot_2026_01_02_limit2_auto_tz_2026-01-02_1945,2026-01-02,dtw_trade_flow_similarity_graph,1,2,,,,,,30
pilot_2026_01_02_limit2_auto_tz,pilot_2026_01_02_limit2_auto_tz_2026-01-02_1945,2026-01-02,flow_alignment_graph,0,0,0.0,0.0,0.0,,,
pilot_2026_01_02_limit2_auto_tz,pilot_2026_01_02_limit2_auto_tz_2026-01-02_1945,2026-01-02,large_trade_alignment_graph,0,0,0.0,0.0,0.0,,,
pilot_2026_01_02_limit2_auto_tz,pilot_2026_01_02_limit2_auto_tz_2026-01-02_1945,2026-01-02,return_corr_graph,0,0,0.0,0.0,0.0,,,
pilot_2026_01_02_limit2_auto_tz,pilot_2026_01_02_limit2_auto_tz_2026-01-02_1945,2026-01-02,volume_expansion_graph,0,0,0.0,0.0,0.0,,,
pilot_2026_01_02_limit2_auto_tz,pilot_2026_01_02_limit2_auto_tz_2026-01-02_1950,2026-01-02,dtw_return_similarity_graph,1,2,,,,,,30
pilot_2026_01_02_limit2_auto_tz,pilot_2026_01_02_limit2_auto_tz_2026-01-02_1950,2026-01-02,dtw_trade_flow_similarity_graph,1,2,,,,,,30
pilot_2026_01_02_limit2_auto_tz,pilot_2026_01_02_limit2_auto_tz_2026-01-02_1950,2026-01-02,flow_alignment_graph,0,0,0.0,0.0,0.0,,,
pilot_2026_01_02_limit2_auto_tz,pilot_2026_01_02_limit2_auto_tz_2026-01-02_1950,2026-01-02,large_trade_alignment_graph,0,0,0.0,0.0,0.0,,,
pilot_2026_01_02_limit2_auto_tz,pilot_2026_01_02_limit2_auto_tz_2026-01-02_1950,2026-01-02,return_corr_graph,0,0,0.0,0.0,0.0,,,
pilot_2026_01_02_limit2_auto_tz,pilot_2026_01_02_limit2_auto_tz_2026-01-02_1950,2026-01-02,volume_expansion_graph,0,0,0.0,0.0,0.0,,,
pilot_2026_01_02_limit2_auto_tz,pilot_2026_01_02_limit2_auto_tz_2026-01-02_1955,2026-01-02,dtw_return_similarity_graph,1,2,,,,,,30
pilot_2026_01_02_limit2_auto_tz,pilot_2026_01_02_limit2_auto_tz_2026-01-02_1955,2026-01-02,dtw_trade_flow_similarity_graph,1,2,,,,,,30
pilot_2026_01_02_limit2_auto_tz,pilot_2026_01_02_limit2_auto_tz_2026-01-02_1955,2026-01-02,flow_alignment_graph,0,0,0.0,0.0,0.0,,,
pilot_2026_01_02_limit2_auto_tz,pilot_2026_01_02_limit2_auto_tz_2026-01-02_1955,2026-01-02,large_trade_alignment_graph,0,0,0.0,0.0,0.0,,,
pilot_2026_01_02_limit2_auto_tz,pilot_2026_01_02_limit2_auto_tz_2026-01-02_1955,2026-01-02,return_corr_graph,0,0,0.0,0.0,0.0,,,
pilot_2026_01_02_limit2_auto_tz,pilot_2026_01_02_limit2_auto_tz_2026-01-02_1955,2026-01-02,volume_expansion_graph,0,0,0.0,0.0,0.0,,,
pilot_2026_01_02_limit2_auto_tz,pilot_2026_01_02_limit2_auto_tz_2026-01-02_2000,2026-01-02,dtw_return_similarity_graph,1,2,,,,,,30
pilot_2026_01_02_limit2_auto_tz,pilot_2026_01_02_limit2_auto_tz_2026-01-02_2000,2026-01-02,dtw_trade_flow_similarity_graph,1,2,,,,,,30
pilot_2026_01_02_limit2_auto_tz,pilot_2026_01_02_limit2_auto_tz_2026-01-02_2000,2026-01-02,flow_alignment_graph,0,0,0.0,0.0,0.0,,,
pilot_2026_01_02_limit2_auto_tz,pilot_2026_01_02_limit2_auto_tz_2026-01-02_2000,2026-01-02,large_trade_alignment_graph,0,0,0.0,0.0,0.0,,,
pilot_2026_01_02_limit2_auto_tz,pilot_2026_01_02_limit2_auto_tz_2026-01-02_2000,2026-01-02,return_corr_graph,0,0,0.0,0.0,0.0,,,
pilot_2026_01_02_limit2_auto_tz,pilot_2026_01_02_limit2_auto_tz_2026-01-02_2000,2026-01-02,volume_expansion_graph,0,0,0.0,0.0,0.0,,,
pilot_2026_01_02_limit2_auto_tz,pilot_2026_01_02_limit2_auto_tz_2026-01-02_2005,2026-01-02,dtw_return_similarity_graph,1,2,,,,,,30
pilot_2026_01_02_limit2_auto_tz,pilot_2026_01_02_limit2_auto_tz_2026-01-02_2005,2026-01-02,dtw_trade_flow_similarity_graph,1,2,,,,,,30
pilot_2026_01_02_limit2_auto_tz,pilot_2026_01_02_limit2_auto_tz_2026-01-02_2005,2026-01-02,flow_alignment_graph,0,0,0.0,0.0,0.0,,,
pilot_2026_01_02_limit2_auto_tz,pilot_2026_01_02_limit2_auto_tz_2026-01-02_2005,2026-01-02,large_trade_alignment_graph,0,0,0.0,0.0,0.0,,,
pilot_2026_01_02_limit2_auto_tz,pilot_2026_01_02_limit2_auto_tz_2026-01-02_2005,2026-01-02,return_corr_graph,0,0,0.0,0.0,0.0,,,
pilot_2026_01_02_limit2_auto_tz,pilot_2026_01_02_limit2_auto_tz_2026-01-02_2005,2026-01-02,volume_expansion_graph,0,0,0.0,0.0,0.0,,,
pilot_2026_01_02_limit2_auto_tz,pilot_2026_01_02_limit2_auto_tz_2026-01-02_2010,2026-01-02,dtw_return_similarity_graph,1,2,,,,,,30
pilot_2026_01_02_limit2_auto_tz,pilot_2026_01_02_limit2_auto_tz_2026-01-02_2010,2026-01-02,dtw_trade_flow_similarity_graph,1,2,,,,,,30
pilot_2026_01_02_limit2_auto_tz,pilot_2026_01_02_limit2_auto_tz_2026-01-02_2010,2026-01-02,flow_alignment_graph,0,0,0.0,0.0,0.0,,,
pilot_2026_01_02_limit2_auto_tz,pilot_2026_01_02_limit2_auto_tz_2026-01-02_2010,2026-01-02,large_trade_alignment_graph,0,0,0.0,0.0,0.0,,,
pilot_2026_01_02_limit2_auto_tz,pilot_2026_01_02_limit2_auto_tz_2026-01-02_2010,2026-01-02,return_corr_graph,0,0,0.0,0.0,0.0,,,
pilot_2026_01_02_limit2_auto_tz,pilot_2026_01_02_limit2_auto_tz_2026-01-02_2010,2026-01-02,volume_expansion_graph,0,0,0.0,0.0,0.0,,,
pilot_2026_01_02_limit2_auto_tz,pilot_2026_01_02_limit2_auto_tz_2026-01-02_2015,2026-01-02,dtw_return_similarity_graph,1,2,,,,,,30
pilot_2026_01_02_limit2_auto_tz,pilot_2026_01_02_limit2_auto_tz_2026-01-02_2015,2026-01-02,dtw_trade_flow_similarity_graph,1,2,,,,,,30
pilot_2026_01_02_limit2_auto_tz,pilot_2026_01_02_limit2_auto_tz_2026-01-02_2015,2026-01-02,flow_alignment_graph,0,0,0.0,0.0,0.0,,,
pilot_2026_01_02_limit2_auto_tz,pilot_2026_01_02_limit2_auto_tz_2026-01-02_2015,2026-01-02,large_trade_alignment_graph,0,0,0.0,0.0,0.0,,,
pilot_2026_01_02_limit2_auto_tz,pilot_2026_01_02_limit2_auto_tz_2026-01-02_2015,2026-01-02,return_corr_graph,0,0,0.0,0.0,0.0,,,
pilot_2026_01_02_limit2_auto_tz,pilot_2026_01_02_limit2_auto_tz_2026-01-02_2015,2026-01-02,volume_expansion_graph,0,0,0.0,0.0,0.0,,,
pilot_2026_01_02_limit2_auto_tz,pilot_2026_01_02_limit2_auto_tz_2026-01-02_2020,2026-01-02,dtw_return_similarity_graph,1,2,,,,,,30
pilot_2026_01_02_limit2_auto_tz,pilot_2026_01_02_limit2_auto_tz_2026-01-02_2020,2026-01-02,dtw_trade_flow_similarity_graph,1,2,,,,,,30
pilot_2026_01_02_limit2_auto_tz,pilot_2026_01_02_limit2_auto_tz_2026-01-02_2020,2026-01-02,flow_alignment_graph,0,0,0.0,0.0,0.0,,,
pilot_2026_01_02_limit2_auto_tz,pilot_2026_01_02_limit2_auto_tz_2026-01-02_2020,2026-01-02,large_trade_alignment_graph,0,0,0.0,0.0,0.0,,,
pilot_2026_01_02_limit2_auto_tz,pilot_2026_01_02_limit2_auto_tz_2026-01-02_2020,2026-01-02,return_corr_graph,0,0,0.0,0.0,0.0,,,
pilot_2026_01_02_limit2_auto_tz,pilot_2026_01_02_limit2_auto_tz_2026-01-02_2020,2026-01-02,volume_expansion_graph,0,0,0.0,0.0,0.0,,,
pilot_2026_01_02_limit2_auto_tz,pilot_2026_01_02_limit2_auto_tz_2026-01-02_2025,2026-01-02,dtw_return_similarity_graph,1,2,,,,,,30
pilot_2026_01_02_limit2_auto_tz,pilot_2026_01_02_limit2_auto_tz_2026-01-02_2025,2026-01-02,dtw_trade_flow_similarity_graph,1,2,,,,,,30
pilot_2026_01_02_limit2_auto_tz,pilot_2026_01_02_limit2_auto_tz_2026-01-02_2025,2026-01-02,flow_alignment_graph,0,0,0.0,0.0,0.0,,,
pilot_2026_01_02_limit2_auto_tz,pilot_2026_01_02_limit2_auto_tz_2026-01-02_2025,2026-01-02,large_trade_alignment_graph,0,0,0.0,0.0,0.0,,,
pilot_2026_01_02_limit2_auto_tz,pilot_2026_01_02_limit2_auto_tz_2026-01-02_2025,2026-01-02,return_corr_graph,0,0,0.0,0.0,0.0,,,
pilot_2026_01_02_limit2_auto_tz,pilot_2026_01_02_limit2_auto_tz_2026-01-02_2025,2026-01-02,volume_expansion_graph,0,0,0.0,0.0,0.0,,,
pilot_2026_01_02_limit2_auto_tz,pilot_2026_01_02_limit2_auto_tz_2026-01-02_2030,2026-01-02,dtw_return_similarity_graph,1,2,,,,,,30
pilot_2026_01_02_limit2_auto_tz,pilot_2026_01_02_limit2_auto_tz_2026-01-02_2030,2026-01-02,dtw_trade_flow_similarity_graph,1,2,,,,,,30
pilot_2026_01_02_limit2_auto_tz,pilot_2026_01_02_limit2_auto_tz_2026-01-02_2030,2026-01-02,flow_alignment_graph,0,0,0.0,0.0,0.0,,,
pilot_2026_01_02_limit2_auto_tz,pilot_2026_01_02_limit2_auto_tz_2026-01-02_2030,2026-01-02,large_trade_alignment_graph,0,0,0.0,0.0,0.0,,,
pilot_2026_01_02_limit2_auto_tz,pilot_2026_01_02_limit2_auto_tz_2026-01-02_2030,2026-01-02,return_corr_graph,0,0,0.0,0.0,0.0,,,
pilot_2026_01_02_limit2_auto_tz,pilot_2026_01_02_limit2_auto_tz_2026-01-02_2030,2026-01-02,volume_expansion_graph,0,0,0.0,0.0,0.0,,,
pilot_2026_01_02_limit2_auto_tz,pilot_2026_01_02_limit2_auto_tz_2026-01-02_2035,2026-01-02,dtw_return_similarity_graph,1,2,,,,,,30
pilot_2026_01_02_limit2_auto_tz,pilot_2026_01_02_limit2_auto_tz_2026-01-02_2035,2026-01-02,dtw_trade_flow_similarity_graph,1,2,,,,,,30
pilot_2026_01_02_limit2_auto_tz,pilot_2026_01_02_limit2_auto_tz_2026-01-02_2035,2026-01-02,flow_alignment_graph,0,0,0.0,0.0,0.0,,,
pilot_2026_01_02_limit2_auto_tz,pilot_2026_01_02_limit2_auto_tz_2026-01-02_2035,2026-01-02,large_trade_alignment_graph,0,0,0.0,0.0,0.0,,,
pilot_2026_01_02_limit2_auto_tz,pilot_2026_01_02_limit2_auto_tz_2026-01-02_2035,2026-01-02,return_corr_graph,0,0,0.0,0.0,0.0,,,
pilot_2026_01_02_limit2_auto_tz,pilot_2026_01_02_limit2_auto_tz_2026-01-02_2035,2026-01-02,volume_expansion_graph,0,0,0.0,0.0,0.0,,,
pilot_2026_01_02_limit2_auto_tz,pilot_2026_01_02_limit2_auto_tz_2026-01-02_2040,2026-01-02,dtw_return_similarity_graph,1,2,,,,,,30
pilot_2026_01_02_limit2_auto_tz,pilot_2026_01_02_limit2_auto_tz_2026-01-02_2040,2026-01-02,dtw_trade_flow_similarity_graph,1,2,,,,,,30
pilot_2026_01_02_limit2_auto_tz,pilot_2026_01_02_limit2_auto_tz_2026-01-02_2040,2026-01-02,flow_alignment_graph,0,0,0.0,0.0,0.0,,,
pilot_2026_01_02_limit2_auto_tz,pilot_2026_01_02_limit2_auto_tz_2026-01-02_2040,2026-01-02,large_trade_alignment_graph,0,0,0.0,0.0,0.0,,,
pilot_2026_01_02_limit2_auto_tz,pilot_2026_01_02_limit2_auto_tz_2026-01-02_2040,2026-01-02,return_corr_graph,0,0,0.0,0.0,0.0,,,
pilot_2026_01_02_limit2_auto_tz,pilot_2026_01_02_limit2_auto_tz_2026-01-02_2040,2026-01-02,volume_expansion_graph,0,0,0.0,0.0,0.0,,,
pilot_2026_01_02_limit2_auto_tz,pilot_2026_01_02_limit2_auto_tz_2026-01-02_2045,2026-01-02,dtw_return_similarity_graph,0,0,0.0,0.0,0.0,,,
pilot_2026_01_02_limit2_auto_tz,pilot_2026_01_02_limit2_auto_tz_2026-01-02_2045,2026-01-02,dtw_trade_flow_similarity_graph,0,0,0.0,0.0,0.0,,,
pilot_2026_01_02_limit2_auto_tz,pilot_2026_01_02_limit2_auto_tz_2026-01-02_2045,2026-01-02,flow_alignment_graph,0,0,0.0,0.0,0.0,,,
pilot_2026_01_02_limit2_auto_tz,pilot_2026_01_02_limit2_auto_tz_2026-01-02_2045,2026-01-02,large_trade_alignment_graph,0,0,0.0,0.0,0.0,,,
pilot_2026_01_02_limit2_auto_tz,pilot_2026_01_02_limit2_auto_tz_2026-01-02_2045,2026-01-02,return_corr_graph,0,0,0.0,0.0,0.0,,,
pilot_2026_01_02_limit2_auto_tz,pilot_2026_01_02_limit2_auto_tz_2026-01-02_2045,2026-01-02,volume_expansion_graph,0,0,0.0,0.0,0.0,,,
pilot_2026_01_02_limit2_auto_tz,pilot_2026_01_02_limit2_auto_tz_2026-01-02_2050,2026-01-02,dtw_return_similarity_graph,0,0,0.0,0.0,0.0,,,
pilot_2026_01_02_limit2_auto_tz,pilot_2026_01_02_limit2_auto_tz_2026-01-02_2050,2026-01-02,dtw_trade_flow_similarity_graph,0,0,0.0,0.0,0.0,,,
pilot_2026_01_02_limit2_auto_tz,pilot_2026_01_02_limit2_auto_tz_2026-01-02_2050,2026-01-02,flow_alignment_graph,0,0,0.0,0.0,0.0,,,
pilot_2026_01_02_limit2_auto_tz,pilot_2026_01_02_limit2_auto_tz_2026-01-02_2050,2026-01-02,large_trade_alignment_graph,0,0,0.0,0.0,0.0,,,
pilot_2026_01_02_limit2_auto_tz,pilot_2026_01_02_limit2_auto_tz_2026-01-02_2050,2026-01-02,return_corr_graph,0,0,0.0,0.0,0.0,,,
pilot_2026_01_02_limit2_auto_tz,pilot_2026_01_02_limit2_auto_tz_2026-01-02_2050,2026-01-02,volume_expansion_graph,0,0,0.0,0.0,0.0,,,
pilot_2026_01_02_limit2_auto_tz,pilot_2026_01_02_limit2_auto_tz_2026-01-02_2055,2026-01-02,dtw_return_similarity_graph,0,0,0.0,0.0,0.0,,,
pilot_2026_01_02_limit2_auto_tz,pilot_2026_01_02_limit2_auto_tz_2026-01-02_2055,2026-01-02,dtw_trade_flow_similarity_graph,0,0,0.0,0.0,0.0,,,
pilot_2026_01_02_limit2_auto_tz,pilot_2026_01_02_limit2_auto_tz_2026-01-02_2055,2026-01-02,flow_alignment_graph,0,0,0.0,0.0,0.0,,,
pilot_2026_01_02_limit2_auto_tz,pilot_2026_01_02_limit2_auto_tz_2026-01-02_2055,2026-01-02,large_trade_alignment_graph,0,0,0.0,0.0,0.0,,,
pilot_2026_01_02_limit2_auto_tz,pilot_2026_01_02_limit2_auto_tz_2026-01-02_2055,2026-01-02,return_corr_graph,0,0,0.0,0.0,0.0,,,
pilot_2026_01_02_limit2_auto_tz,pilot_2026_01_02_limit2_auto_tz_2026-01-02_2055,2026-01-02,volume_expansion_graph,0,0,0.0,0.0,0.0,,,
pilot_2026_01_02_limit2_auto_tz,pilot_2026_01_02_limit2_auto_tz_2026-01-02_2100,2026-01-02,dtw_return_similarity_graph,0,0,0.0,0.0,0.0,,,
pilot_2026_01_02_limit2_auto_tz,pilot_2026_01_02_limit2_auto_tz_2026-01-02_2100,2026-01-02,dtw_trade_flow_similarity_graph,0,0,0.0,0.0,0.0,,,
pilot_2026_01_02_limit2_auto_tz,pilot_2026_01_02_limit2_auto_tz_2026-01-02_2100,2026-01-02,flow_alignment_graph,0,0,0.0,0.0,0.0,,,
pilot_2026_01_02_limit2_auto_tz,pilot_2026_01_02_limit2_auto_tz_2026-01-02_2100,2026-01-02,large_trade_alignment_graph,0,0,0.0,0.0,0.0,,,
pilot_2026_01_02_limit2_auto_tz,pilot_2026_01_02_limit2_auto_tz_2026-01-02_2100,2026-01-02,return_corr_graph,0,0,0.0,0.0,0.0,,,
pilot_2026_01_02_limit2_auto_tz,pilot_2026_01_02_limit2_auto_tz_2026-01-02_2100,2026-01-02,volume_expansion_graph,0,0,0.0,0.0,0.0,,,
