theme_instance_id,run_id,snapshot_id,label_short,label_long,sector_summary,industry_summary,bucket_tags_json,top_companies_json,semantic_coherence_score,explanation,semantic_method,semantic_metadata_json,semantic_prompt_text,dictionary_version,created_at
pilot_2026_01_02_limit2_auto_tz_2026-01-02_1505_theme_001,pilot_2026_01_02_limit2_auto_tz,pilot_2026_01_02_limit2_auto_tz_2026-01-02_1505,"Theme: A, AA","Theme: A, AA",Mixed,Mixed,"[""dtw_return_similarity_graph"", ""dtw_trade_flow_similarity_graph""]","[""A"", ""AA""]",0.7,Dictionary-first label generated from leading members and supporting layers.,dictionary_v1,"{""source_layers"": [""dtw_return_similarity_graph"", ""dtw_trade_flow_similarity_graph""], ""member_count"": 2}",,builtin-v1,2026-06-15 19:18:28.351405
pilot_2026_01_02_limit2_auto_tz_2026-01-02_1510_theme_001,pilot_2026_01_02_limit2_auto_tz,pilot_2026_01_02_limit2_auto_tz_2026-01-02_1510,"Theme: A, AA","Theme: A, AA",Mixed,Mixed,"[""dtw_return_similarity_graph"", ""dtw_trade_flow_similarity_graph""]","[""A"", ""AA""]",0.7,Dictionary-first label generated from leading members and supporting layers.,dictionary_v1,"{""source_layers"": [""dtw_return_similarity_graph"", ""dtw_trade_flow_similarity_graph""], ""member_count"": 2}",,builtin-v1,2026-06-15 19:18:28.405883
pilot_2026_01_02_limit2_auto_tz_2026-01-02_1515_theme_001,pilot_2026_01_02_limit2_auto_tz,pilot_2026_01_02_limit2_auto_tz_2026-01-02_1515,"Theme: A, AA","Theme: A, AA",Mixed,Mixed,"[""dtw_return_similarity_graph"", ""dtw_trade_flow_similarity_graph""]","[""A"", ""AA""]",0.7,Dictionary-first label generated from leading members and supporting layers.,dictionary_v1,"{""source_layers"": [""dtw_return_similarity_graph"", ""dtw_trade_flow_similarity_graph""], ""member_count"": 2}",,builtin-v1,2026-06-15 19:18:28.456821
pilot_2026_01_02_limit2_auto_tz_2026-01-02_1520_theme_001,pilot_2026_01_02_limit2_auto_tz,pilot_2026_01_02_limit2_auto_tz_2026-01-02_1520,"Theme: A, AA","Theme: A, AA",Mixed,Mixed,"[""dtw_return_similarity_graph"", ""dtw_trade_flow_similarity_graph""]","[""A"", ""AA""]",0.7,Dictionary-first label generated from leading members and supporting layers.,dictionary_v1,"{""source_layers"": [""dtw_return_similarity_graph"", ""dtw_trade_flow_similarity_graph""], ""member_count"": 2}",,builtin-v1,2026-06-15 19:18:28.510260
pilot_2026_01_02_limit2_auto_tz_2026-01-02_1525_theme_001,pilot_2026_01_02_limit2_auto_tz,pilot_2026_01_02_limit2_auto_tz_2026-01-02_1525,"Theme: A, AA","Theme: A, AA",Mixed,Mixed,"[""dtw_return_similarity_graph"", ""dtw_trade_flow_similarity_graph""]","[""A"", ""AA""]",0.7,Dictionary-first label generated from leading members and supporting layers.,dictionary_v1,"{""source_layers"": [""dtw_return_similarity_graph"", ""dtw_trade_flow_similarity_graph""], ""member_count"": 2}",,builtin-v1,2026-06-15 19:18:28.593375
pilot_2026_01_02_limit2_auto_tz_2026-01-02_1530_theme_001,pilot_2026_01_02_limit2_auto_tz,pilot_2026_01_02_limit2_auto_tz_2026-01-02_1530,"Theme: A, AA","Theme: A, AA",Mixed,Mixed,"[""dtw_return_similarity_graph"", ""dtw_trade_flow_similarity_graph""]","[""A"", ""AA""]",0.7,Dictionary-first label generated from leading members and supporting layers.,dictionary_v1,"{""source_layers"": [""dtw_return_similarity_graph"", ""dtw_trade_flow_similarity_graph""], ""member_count"": 2}",,builtin-v1,2026-06-15 19:18:28.671792
pilot_2026_01_02_limit2_auto_tz_2026-01-02_1535_theme_001,pilot_2026_01_02_limit2_auto_tz,pilot_2026_01_02_limit2_auto_tz_2026-01-02_1535,"Theme: A, AA","Theme: A, AA",Mixed,Mixed,"[""dtw_return_similarity_graph"", ""dtw_trade_flow_similarity_graph""]","[""A"", ""AA""]",0.7,Dictionary-first label generated from leading members and supporting layers.,dictionary_v1,"{""source_layers"": [""dtw_return_similarity_graph"", ""dtw_trade_flow_similarity_graph""], ""member_count"": 2}",,builtin-v1,2026-06-15 19:18:28.751232
pilot_2026_01_02_limit2_auto_tz_2026-01-02_1540_theme_001,pilot_2026_01_02_limit2_auto_tz,pilot_2026_01_02_limit2_auto_tz_2026-01-02_1540,"Theme: A, AA","Theme: A, AA",Mixed,Mixed,"[""dtw_return_similarity_graph"", ""dtw_trade_flow_similarity_graph""]","[""A"", ""AA""]",0.7,Dictionary-first label generated from leading members and supporting layers.,dictionary_v1,"{""source_layers"": [""dtw_return_similarity_graph"", ""dtw_trade_flow_similarity_graph""], ""member_count"": 2}",,builtin-v1,2026-06-15 19:18:28.841820
pilot_2026_01_02_limit2_auto_tz_2026-01-02_1545_theme_001,pilot_2026_01_02_limit2_auto_tz,pilot_2026_01_02_limit2_auto_tz_2026-01-02_1545,"Theme: A, AA","Theme: A, AA",Mixed,Mixed,"[""dtw_return_similarity_graph"", ""dtw_trade_flow_similarity_graph""]","[""A"", ""AA""]",0.7,Dictionary-first label generated from leading members and supporting layers.,dictionary_v1,"{""source_layers"": [""dtw_return_similarity_graph"", ""dtw_trade_flow_similarity_graph""], ""member_count"": 2}",,builtin-v1,2026-06-15 19:18:28.916680
pilot_2026_01_02_limit2_auto_tz_2026-01-02_1550_theme_001,pilot_2026_01_02_limit2_auto_tz,pilot_2026_01_02_limit2_auto_tz_2026-01-02_1550,"Theme: A, AA","Theme: A, AA",Mixed,Mixed,"[""dtw_return_similarity_graph"", ""dtw_trade_flow_similarity_graph""]","[""A"", ""AA""]",0.7,Dictionary-first label generated from leading members and supporting layers.,dictionary_v1,"{""source_layers"": [""dtw_return_similarity_graph"", ""dtw_trade_flow_similarity_graph""], ""member_count"": 2}",,builtin-v1,2026-06-15 19:18:28.976440
pilot_2026_01_02_limit2_auto_tz_2026-01-02_1615_theme_001,pilot_2026_01_02_limit2_auto_tz,pilot_2026_01_02_limit2_auto_tz_2026-01-02_1615,"Theme: A, AA","Theme: A, AA",Mixed,Mixed,"[""dtw_return_similarity_graph"", ""dtw_trade_flow_similarity_graph""]","[""A"", ""AA""]",0.7,Dictionary-first label generated from leading members and supporting layers.,dictionary_v1,"{""source_layers"": [""dtw_return_similarity_graph"", ""dtw_trade_flow_similarity_graph""], ""member_count"": 2}",,builtin-v1,2026-06-15 19:18:29.171781
pilot_2026_01_02_limit2_auto_tz_2026-01-02_1620_theme_001,pilot_2026_01_02_limit2_auto_tz,pilot_2026_01_02_limit2_auto_tz_2026-01-02_1620,"Theme: A, AA","Theme: A, AA",Mixed,Mixed,"[""dtw_return_similarity_graph"", ""dtw_trade_flow_similarity_graph""]","[""A"", ""AA""]",0.7,Dictionary-first label generated from leading members and supporting layers.,dictionary_v1,"{""source_layers"": [""dtw_return_similarity_graph"", ""dtw_trade_flow_similarity_graph""], ""member_count"": 2}",,builtin-v1,2026-06-15 19:18:29.229929
pilot_2026_01_02_limit2_auto_tz_2026-01-02_1625_theme_001,pilot_2026_01_02_limit2_auto_tz,pilot_2026_01_02_limit2_auto_tz_2026-01-02_1625,"Theme: A, AA","Theme: A, AA",Mixed,Mixed,"[""dtw_return_similarity_graph"", ""dtw_trade_flow_similarity_graph""]","[""A"", ""AA""]",0.7,Dictionary-first label generated from leading members and supporting layers.,dictionary_v1,"{""source_layers"": [""dtw_return_similarity_graph"", ""dtw_trade_flow_similarity_graph""], ""member_count"": 2}",,builtin-v1,2026-06-15 19:18:29.301001
pilot_2026_01_02_limit2_auto_tz_2026-01-02_1630_theme_001,pilot_2026_01_02_limit2_auto_tz,pilot_2026_01_02_limit2_auto_tz_2026-01-02_1630,"Theme: A, AA","Theme: A, AA",Mixed,Mixed,"[""dtw_return_similarity_graph"", ""dtw_trade_flow_similarity_graph""]","[""A"", ""AA""]",0.7,Dictionary-first label generated from leading members and supporting layers.,dictionary_v1,"{""source_layers"": [""dtw_return_similarity_graph"", ""dtw_trade_flow_similarity_graph""], ""member_count"": 2}",,builtin-v1,2026-06-15 19:18:29.413792
pilot_2026_01_02_limit2_auto_tz_2026-01-02_1635_theme_001,pilot_2026_01_02_limit2_auto_tz,pilot_2026_01_02_limit2_auto_tz_2026-01-02_1635,"Theme: A, AA","Theme: A, AA",Mixed,Mixed,"[""dtw_return_similarity_graph"", ""dtw_trade_flow_similarity_graph""]","[""A"", ""AA""]",0.7,Dictionary-first label generated from leading members and supporting layers.,dictionary_v1,"{""source_layers"": [""dtw_return_similarity_graph"", ""dtw_trade_flow_similarity_graph""], ""member_count"": 2}",,builtin-v1,2026-06-15 19:18:29.515698
pilot_2026_01_02_limit2_auto_tz_2026-01-02_1640_theme_001,pilot_2026_01_02_limit2_auto_tz,pilot_2026_01_02_limit2_auto_tz_2026-01-02_1640,"Theme: A, AA","Theme: A, AA",Mixed,Mixed,"[""dtw_return_similarity_graph"", ""dtw_trade_flow_similarity_graph""]","[""A"", ""AA""]",0.7,Dictionary-first label generated from leading members and supporting layers.,dictionary_v1,"{""source_layers"": [""dtw_return_similarity_graph"", ""dtw_trade_flow_similarity_graph""], ""member_count"": 2}",,builtin-v1,2026-06-15 19:18:29.607021
pilot_2026_01_02_limit2_auto_tz_2026-01-02_1650_theme_001,pilot_2026_01_02_limit2_auto_tz,pilot_2026_01_02_limit2_auto_tz_2026-01-02_1650,"Theme: A, AA","Theme: A, AA",Mixed,Mixed,"[""dtw_return_similarity_graph"", ""dtw_trade_flow_similarity_graph""]","[""A"", ""AA""]",0.7,Dictionary-first label generated from leading members and supporting layers.,dictionary_v1,"{""source_layers"": [""dtw_return_similarity_graph"", ""dtw_trade_flow_similarity_graph""], ""member_count"": 2}",,builtin-v1,2026-06-15 19:18:29.757168
pilot_2026_01_02_limit2_auto_tz_2026-01-02_1655_theme_001,pilot_2026_01_02_limit2_auto_tz,pilot_2026_01_02_limit2_auto_tz_2026-01-02_1655,"Theme: A, AA","Theme: A, AA",Mixed,Mixed,"[""dtw_return_similarity_graph"", ""dtw_trade_flow_similarity_graph""]","[""A"", ""AA""]",0.7,Dictionary-first label generated from leading members and supporting layers.,dictionary_v1,"{""source_layers"": [""dtw_return_similarity_graph"", ""dtw_trade_flow_similarity_graph""], ""member_count"": 2}",,builtin-v1,2026-06-15 19:18:29.848565
pilot_2026_01_02_limit2_auto_tz_2026-01-02_1700_theme_001,pilot_2026_01_02_limit2_auto_tz,pilot_2026_01_02_limit2_auto_tz_2026-01-02_1700,"Theme: A, AA","Theme: A, AA",Mixed,Mixed,"[""dtw_return_similarity_graph"", ""dtw_trade_flow_similarity_graph""]","[""A"", ""AA""]",0.7,Dictionary-first label generated from leading members and supporting layers.,dictionary_v1,"{""source_layers"": [""dtw_return_similarity_graph"", ""dtw_trade_flow_similarity_graph""], ""member_count"": 2}",,builtin-v1,2026-06-15 19:18:29.926498
pilot_2026_01_02_limit2_auto_tz_2026-01-02_1705_theme_001,pilot_2026_01_02_limit2_auto_tz,pilot_2026_01_02_limit2_auto_tz_2026-01-02_1705,"Theme: A, AA","Theme: A, AA",Mixed,Mixed,"[""dtw_return_similarity_graph"", ""dtw_trade_flow_similarity_graph""]","[""A"", ""AA""]",0.7,Dictionary-first label generated from leading members and supporting layers.,dictionary_v1,"{""source_layers"": [""dtw_return_similarity_graph"", ""dtw_trade_flow_similarity_graph""], ""member_count"": 2}",,builtin-v1,2026-06-15 19:18:29.996652
pilot_2026_01_02_limit2_auto_tz_2026-01-02_1710_theme_001,pilot_2026_01_02_limit2_auto_tz,pilot_2026_01_02_limit2_auto_tz_2026-01-02_1710,"Theme: A, AA","Theme: A, AA",Mixed,Mixed,"[""dtw_return_similarity_graph"", ""dtw_trade_flow_similarity_graph""]","[""A"", ""AA""]",0.7,Dictionary-first label generated from leading members and supporting layers.,dictionary_v1,"{""source_layers"": [""dtw_return_similarity_graph"", ""dtw_trade_flow_similarity_graph""], ""member_count"": 2}",,builtin-v1,2026-06-15 19:18:30.067292
pilot_2026_01_02_limit2_auto_tz_2026-01-02_1715_theme_001,pilot_2026_01_02_limit2_auto_tz,pilot_2026_01_02_limit2_auto_tz_2026-01-02_1715,"Theme: A, AA","Theme: A, AA",Mixed,Mixed,"[""dtw_return_similarity_graph"", ""dtw_trade_flow_similarity_graph""]","[""A"", ""AA""]",0.7,Dictionary-first label generated from leading members and supporting layers.,dictionary_v1,"{""source_layers"": [""dtw_return_similarity_graph"", ""dtw_trade_flow_similarity_graph""], ""member_count"": 2}",,builtin-v1,2026-06-15 19:18:30.133032
pilot_2026_01_02_limit2_auto_tz_2026-01-02_1720_theme_001,pilot_2026_01_02_limit2_auto_tz,pilot_2026_01_02_limit2_auto_tz_2026-01-02_1720,"Theme: A, AA","Theme: A, AA",Mixed,Mixed,"[""dtw_return_similarity_graph"", ""dtw_trade_flow_similarity_graph""]","[""A"", ""AA""]",0.7,Dictionary-first label generated from leading members and supporting layers.,dictionary_v1,"{""source_layers"": [""dtw_return_similarity_graph"", ""dtw_trade_flow_similarity_graph""], ""member_count"": 2}",,builtin-v1,2026-06-15 19:18:30.205222
pilot_2026_01_02_limit2_auto_tz_2026-01-02_1725_theme_001,pilot_2026_01_02_limit2_auto_tz,pilot_2026_01_02_limit2_auto_tz_2026-01-02_1725,"Theme: A, AA","Theme: A, AA",Mixed,Mixed,"[""dtw_return_similarity_graph"", ""dtw_trade_flow_similarity_graph""]","[""A"", ""AA""]",0.7,Dictionary-first label generated from leading members and supporting layers.,dictionary_v1,"{""source_layers"": [""dtw_return_similarity_graph"", ""dtw_trade_flow_similarity_graph""], ""member_count"": 2}",,builtin-v1,2026-06-15 19:18:30.263155
pilot_2026_01_02_limit2_auto_tz_2026-01-02_1730_theme_001,pilot_2026_01_02_limit2_auto_tz,pilot_2026_01_02_limit2_auto_tz_2026-01-02_1730,"Theme: A, AA","Theme: A, AA",Mixed,Mixed,"[""dtw_return_similarity_graph"", ""dtw_trade_flow_similarity_graph""]","[""A"", ""AA""]",0.7,Dictionary-first label generated from leading members and supporting layers.,dictionary_v1,"{""source_layers"": [""dtw_return_similarity_graph"", ""dtw_trade_flow_similarity_graph""], ""member_count"": 2}",,builtin-v1,2026-06-15 19:18:30.333698
pilot_2026_01_02_limit2_auto_tz_2026-01-02_1735_theme_001,pilot_2026_01_02_limit2_auto_tz,pilot_2026_01_02_limit2_auto_tz_2026-01-02_1735,"Theme: A, AA","Theme: A, AA",Mixed,Mixed,"[""dtw_return_similarity_graph"", ""dtw_trade_flow_similarity_graph""]","[""A"", ""AA""]",0.7,Dictionary-first label generated from leading members and supporting layers.,dictionary_v1,"{""source_layers"": [""dtw_return_similarity_graph"", ""dtw_trade_flow_similarity_graph""], ""member_count"": 2}",,builtin-v1,2026-06-15 19:18:30.444768
pilot_2026_01_02_limit2_auto_tz_2026-01-02_1740_theme_001,pilot_2026_01_02_limit2_auto_tz,pilot_2026_01_02_limit2_auto_tz_2026-01-02_1740,"Theme: A, AA","Theme: A, AA",Mixed,Mixed,"[""dtw_return_similarity_graph"", ""dtw_trade_flow_similarity_graph""]","[""A"", ""AA""]",0.7,Dictionary-first label generated from leading members and supporting layers.,dictionary_v1,"{""source_layers"": [""dtw_return_similarity_graph"", ""dtw_trade_flow_similarity_graph""], ""member_count"": 2}",,builtin-v1,2026-06-15 19:18:30.540954
pilot_2026_01_02_limit2_auto_tz_2026-01-02_1745_theme_001,pilot_2026_01_02_limit2_auto_tz,pilot_2026_01_02_limit2_auto_tz_2026-01-02_1745,"Theme: A, AA","Theme: A, AA",Mixed,Mixed,"[""dtw_return_similarity_graph"", ""dtw_trade_flow_similarity_graph""]","[""A"", ""AA""]",0.7,Dictionary-first label generated from leading members and supporting layers.,dictionary_v1,"{""source_layers"": [""dtw_return_similarity_graph"", ""dtw_trade_flow_similarity_graph""], ""member_count"": 2}",,builtin-v1,2026-06-15 19:18:30.633787
pilot_2026_01_02_limit2_auto_tz_2026-01-02_1750_theme_001,pilot_2026_01_02_limit2_auto_tz,pilot_2026_01_02_limit2_auto_tz_2026-01-02_1750,"Theme: A, AA","Theme: A, AA",Mixed,Mixed,"[""dtw_return_similarity_graph"", ""dtw_trade_flow_similarity_graph""]","[""A"", ""AA""]",0.7,Dictionary-first label generated from leading members and supporting layers.,dictionary_v1,"{""source_layers"": [""dtw_return_similarity_graph"", ""dtw_trade_flow_similarity_graph""], ""member_count"": 2}",,builtin-v1,2026-06-15 19:18:30.716152
pilot_2026_01_02_limit2_auto_tz_2026-01-02_1755_theme_001,pilot_2026_01_02_limit2_auto_tz,pilot_2026_01_02_limit2_auto_tz_2026-01-02_1755,"Theme: A, AA","Theme: A, AA",Mixed,Mixed,"[""dtw_return_similarity_graph"", ""dtw_trade_flow_similarity_graph""]","[""A"", ""AA""]",0.7,Dictionary-first label generated from leading members and supporting layers.,dictionary_v1,"{""source_layers"": [""dtw_return_similarity_graph"", ""dtw_trade_flow_similarity_graph""], ""member_count"": 2}",,builtin-v1,2026-06-15 19:18:30.801930
pilot_2026_01_02_limit2_auto_tz_2026-01-02_1800_theme_001,pilot_2026_01_02_limit2_auto_tz,pilot_2026_01_02_limit2_auto_tz_2026-01-02_1800,"Theme: A, AA","Theme: A, AA",Mixed,Mixed,"[""dtw_return_similarity_graph"", ""dtw_trade_flow_similarity_graph""]","[""A"", ""AA""]",0.7,Dictionary-first label generated from leading members and supporting layers.,dictionary_v1,"{""source_layers"": [""dtw_return_similarity_graph"", ""dtw_trade_flow_similarity_graph""], ""member_count"": 2}",,builtin-v1,2026-06-15 19:18:30.885264
pilot_2026_01_02_limit2_auto_tz_2026-01-02_1805_theme_001,pilot_2026_01_02_limit2_auto_tz,pilot_2026_01_02_limit2_auto_tz_2026-01-02_1805,"Theme: A, AA","Theme: A, AA",Mixed,Mixed,"[""dtw_return_similarity_graph"", ""dtw_trade_flow_similarity_graph""]","[""A"", ""AA""]",0.7,Dictionary-first label generated from leading members and supporting layers.,dictionary_v1,"{""source_layers"": [""dtw_return_similarity_graph"", ""dtw_trade_flow_similarity_graph""], ""member_count"": 2}",,builtin-v1,2026-06-15 19:18:30.967286
pilot_2026_01_02_limit2_auto_tz_2026-01-02_1810_theme_001,pilot_2026_01_02_limit2_auto_tz,pilot_2026_01_02_limit2_auto_tz_2026-01-02_1810,"Theme: A, AA","Theme: A, AA",Mixed,Mixed,"[""dtw_return_similarity_graph"", ""dtw_trade_flow_similarity_graph""]","[""A"", ""AA""]",0.7,Dictionary-first label generated from leading members and supporting layers.,dictionary_v1,"{""source_layers"": [""dtw_return_similarity_graph"", ""dtw_trade_flow_similarity_graph""], ""member_count"": 2}",,builtin-v1,2026-06-15 19:18:31.038847
pilot_2026_01_02_limit2_auto_tz_2026-01-02_1815_theme_001,pilot_2026_01_02_limit2_auto_tz,pilot_2026_01_02_limit2_auto_tz_2026-01-02_1815,"Theme: A, AA","Theme: A, AA",Mixed,Mixed,"[""dtw_return_similarity_graph"", ""dtw_trade_flow_similarity_graph""]","[""A"", ""AA""]",0.7,Dictionary-first label generated from leading members and supporting layers.,dictionary_v1,"{""source_layers"": [""dtw_return_similarity_graph"", ""dtw_trade_flow_similarity_graph""], ""member_count"": 2}",,builtin-v1,2026-06-15 19:18:31.092518
pilot_2026_01_02_limit2_auto_tz_2026-01-02_1820_theme_001,pilot_2026_01_02_limit2_auto_tz,pilot_2026_01_02_limit2_auto_tz_2026-01-02_1820,"Theme: A, AA","Theme: A, AA",Mixed,Mixed,"[""dtw_return_similarity_graph"", ""dtw_trade_flow_similarity_graph""]","[""A"", ""AA""]",0.7,Dictionary-first label generated from leading members and supporting layers.,dictionary_v1,"{""source_layers"": [""dtw_return_similarity_graph"", ""dtw_trade_flow_similarity_graph""], ""member_count"": 2}",,builtin-v1,2026-06-15 19:18:31.146181
pilot_2026_01_02_limit2_auto_tz_2026-01-02_1825_theme_001,pilot_2026_01_02_limit2_auto_tz,pilot_2026_01_02_limit2_auto_tz_2026-01-02_1825,"Theme: A, AA","Theme: A, AA",Mixed,Mixed,"[""dtw_return_similarity_graph"", ""dtw_trade_flow_similarity_graph""]","[""A"", ""AA""]",0.7,Dictionary-first label generated from leading members and supporting layers.,dictionary_v1,"{""source_layers"": [""dtw_return_similarity_graph"", ""dtw_trade_flow_similarity_graph""], ""member_count"": 2}",,builtin-v1,2026-06-15 19:18:31.197699
pilot_2026_01_02_limit2_auto_tz_2026-01-02_1830_theme_001,pilot_2026_01_02_limit2_auto_tz,pilot_2026_01_02_limit2_auto_tz_2026-01-02_1830,"Theme: A, AA","Theme: A, AA",Mixed,Mixed,"[""dtw_return_similarity_graph"", ""dtw_trade_flow_similarity_graph""]","[""A"", ""AA""]",0.7,Dictionary-first label generated from leading members and supporting layers.,dictionary_v1,"{""source_layers"": [""dtw_return_similarity_graph"", ""dtw_trade_flow_similarity_graph""], ""member_count"": 2}",,builtin-v1,2026-06-15 19:18:31.246398
pilot_2026_01_02_limit2_auto_tz_2026-01-02_1835_theme_001,pilot_2026_01_02_limit2_auto_tz,pilot_2026_01_02_limit2_auto_tz_2026-01-02_1835,"Theme: A, AA","Theme: A, AA",Mixed,Mixed,"[""dtw_return_similarity_graph"", ""dtw_trade_flow_similarity_graph""]","[""A"", ""AA""]",0.7,Dictionary-first label generated from leading members and supporting layers.,dictionary_v1,"{""source_layers"": [""dtw_return_similarity_graph"", ""dtw_trade_flow_similarity_graph""], ""member_count"": 2}",,builtin-v1,2026-06-15 19:18:31.313785
pilot_2026_01_02_limit2_auto_tz_2026-01-02_1840_theme_001,pilot_2026_01_02_limit2_auto_tz,pilot_2026_01_02_limit2_auto_tz_2026-01-02_1840,"Theme: A, AA","Theme: A, AA",Mixed,Mixed,"[""dtw_return_similarity_graph"", ""dtw_trade_flow_similarity_graph""]","[""A"", ""AA""]",0.7,Dictionary-first label generated from leading members and supporting layers.,dictionary_v1,"{""source_layers"": [""dtw_return_similarity_graph"", ""dtw_trade_flow_similarity_graph""], ""member_count"": 2}",,builtin-v1,2026-06-15 19:18:31.387809
pilot_2026_01_02_limit2_auto_tz_2026-01-02_1845_theme_001,pilot_2026_01_02_limit2_auto_tz,pilot_2026_01_02_limit2_auto_tz_2026-01-02_1845,"Theme: A, AA","Theme: A, AA",Mixed,Mixed,"[""dtw_return_similarity_graph"", ""dtw_trade_flow_similarity_graph""]","[""A"", ""AA""]",0.7,Dictionary-first label generated from leading members and supporting layers.,dictionary_v1,"{""source_layers"": [""dtw_return_similarity_graph"", ""dtw_trade_flow_similarity_graph""], ""member_count"": 2}",,builtin-v1,2026-06-15 19:18:31.459849
pilot_2026_01_02_limit2_auto_tz_2026-01-02_1850_theme_001,pilot_2026_01_02_limit2_auto_tz,pilot_2026_01_02_limit2_auto_tz_2026-01-02_1850,"Theme: A, AA","Theme: A, AA",Mixed,Mixed,"[""dtw_return_similarity_graph"", ""dtw_trade_flow_similarity_graph""]","[""A"", ""AA""]",0.7,Dictionary-first label generated from leading members and supporting layers.,dictionary_v1,"{""source_layers"": [""dtw_return_similarity_graph"", ""dtw_trade_flow_similarity_graph""], ""member_count"": 2}",,builtin-v1,2026-06-15 19:18:31.523493
pilot_2026_01_02_limit2_auto_tz_2026-01-02_1855_theme_001,pilot_2026_01_02_limit2_auto_tz,pilot_2026_01_02_limit2_auto_tz_2026-01-02_1855,"Theme: A, AA","Theme: A, AA",Mixed,Mixed,"[""dtw_return_similarity_graph"", ""dtw_trade_flow_similarity_graph""]","[""A"", ""AA""]",0.7,Dictionary-first label generated from leading members and supporting layers.,dictionary_v1,"{""source_layers"": [""dtw_return_similarity_graph"", ""dtw_trade_flow_similarity_graph""], ""member_count"": 2}",,builtin-v1,2026-06-15 19:18:31.589109
pilot_2026_01_02_limit2_auto_tz_2026-01-02_1900_theme_001,pilot_2026_01_02_limit2_auto_tz,pilot_2026_01_02_limit2_auto_tz_2026-01-02_1900,"Theme: A, AA","Theme: A, AA",Mixed,Mixed,"[""dtw_return_similarity_graph"", ""dtw_trade_flow_similarity_graph""]","[""A"", ""AA""]",0.7,Dictionary-first label generated from leading members and supporting layers.,dictionary_v1,"{""source_layers"": [""dtw_return_similarity_graph"", ""dtw_trade_flow_similarity_graph""], ""member_count"": 2}",,builtin-v1,2026-06-15 19:18:31.672598
pilot_2026_01_02_limit2_auto_tz_2026-01-02_1905_theme_001,pilot_2026_01_02_limit2_auto_tz,pilot_2026_01_02_limit2_auto_tz_2026-01-02_1905,"Theme: A, AA","Theme: A, AA",Mixed,Mixed,"[""dtw_return_similarity_graph"", ""dtw_trade_flow_similarity_graph""]","[""A"", ""AA""]",0.7,Dictionary-first label generated from leading members and supporting layers.,dictionary_v1,"{""source_layers"": [""dtw_return_similarity_graph"", ""dtw_trade_flow_similarity_graph""], ""member_count"": 2}",,builtin-v1,2026-06-15 19:18:31.764405
pilot_2026_01_02_limit2_auto_tz_2026-01-02_1910_theme_001,pilot_2026_01_02_limit2_auto_tz,pilot_2026_01_02_limit2_auto_tz_2026-01-02_1910,"Theme: A, AA","Theme: A, AA",Mixed,Mixed,"[""dtw_return_similarity_graph"", ""dtw_trade_flow_similarity_graph""]","[""A"", ""AA""]",0.7,Dictionary-first label generated from leading members and supporting layers.,dictionary_v1,"{""source_layers"": [""dtw_return_similarity_graph"", ""dtw_trade_flow_similarity_graph""], ""member_count"": 2}",,builtin-v1,2026-06-15 19:18:31.858422
pilot_2026_01_02_limit2_auto_tz_2026-01-02_1915_theme_001,pilot_2026_01_02_limit2_auto_tz,pilot_2026_01_02_limit2_auto_tz_2026-01-02_1915,"Theme: A, AA","Theme: A, AA",Mixed,Mixed,"[""dtw_return_similarity_graph"", ""dtw_trade_flow_similarity_graph""]","[""A"", ""AA""]",0.7,Dictionary-first label generated from leading members and supporting layers.,dictionary_v1,"{""source_layers"": [""dtw_return_similarity_graph"", ""dtw_trade_flow_similarity_graph""], ""member_count"": 2}",,builtin-v1,2026-06-15 19:18:31.959447
pilot_2026_01_02_limit2_auto_tz_2026-01-02_1920_theme_001,pilot_2026_01_02_limit2_auto_tz,pilot_2026_01_02_limit2_auto_tz_2026-01-02_1920,"Theme: A, AA","Theme: A, AA",Mixed,Mixed,"[""dtw_return_similarity_graph"", ""dtw_trade_flow_similarity_graph""]","[""A"", ""AA""]",0.7,Dictionary-first label generated from leading members and supporting layers.,dictionary_v1,"{""source_layers"": [""dtw_return_similarity_graph"", ""dtw_trade_flow_similarity_graph""], ""member_count"": 2}",,builtin-v1,2026-06-15 19:18:32.058509
pilot_2026_01_02_limit2_auto_tz_2026-01-02_1925_theme_001,pilot_2026_01_02_limit2_auto_tz,pilot_2026_01_02_limit2_auto_tz_2026-01-02_1925,"Theme: A, AA","Theme: A, AA",Mixed,Mixed,"[""dtw_return_similarity_graph"", ""dtw_trade_flow_similarity_graph""]","[""A"", ""AA""]",0.7,Dictionary-first label generated from leading members and supporting layers.,dictionary_v1,"{""source_layers"": [""dtw_return_similarity_graph"", ""dtw_trade_flow_similarity_graph""], ""member_count"": 2}",,builtin-v1,2026-06-15 19:18:32.151421
pilot_2026_01_02_limit2_auto_tz_2026-01-02_1930_theme_001,pilot_2026_01_02_limit2_auto_tz,pilot_2026_01_02_limit2_auto_tz_2026-01-02_1930,"Theme: A, AA","Theme: A, AA",Mixed,Mixed,"[""dtw_return_similarity_graph"", ""dtw_trade_flow_similarity_graph""]","[""A"", ""AA""]",0.7,Dictionary-first label generated from leading members and supporting layers.,dictionary_v1,"{""source_layers"": [""dtw_return_similarity_graph"", ""dtw_trade_flow_similarity_graph""], ""member_count"": 2}",,builtin-v1,2026-06-15 19:18:32.241220
pilot_2026_01_02_limit2_auto_tz_2026-01-02_1935_theme_001,pilot_2026_01_02_limit2_auto_tz,pilot_2026_01_02_limit2_auto_tz_2026-01-02_1935,"Theme: A, AA","Theme: A, AA",Mixed,Mixed,"[""dtw_return_similarity_graph"", ""dtw_trade_flow_similarity_graph""]","[""A"", ""AA""]",0.7,Dictionary-first label generated from leading members and supporting layers.,dictionary_v1,"{""source_layers"": [""dtw_return_similarity_graph"", ""dtw_trade_flow_similarity_graph""], ""member_count"": 2}",,builtin-v1,2026-06-15 19:18:32.339882
pilot_2026_01_02_limit2_auto_tz_2026-01-02_1940_theme_001,pilot_2026_01_02_limit2_auto_tz,pilot_2026_01_02_limit2_auto_tz_2026-01-02_1940,"Theme: A, AA","Theme: A, AA",Mixed,Mixed,"[""dtw_return_similarity_graph"", ""dtw_trade_flow_similarity_graph""]","[""A"", ""AA""]",0.7,Dictionary-first label generated from leading members and supporting layers.,dictionary_v1,"{""source_layers"": [""dtw_return_similarity_graph"", ""dtw_trade_flow_similarity_graph""], ""member_count"": 2}",,builtin-v1,2026-06-15 19:18:32.423774
pilot_2026_01_02_limit2_auto_tz_2026-01-02_1945_theme_001,pilot_2026_01_02_limit2_auto_tz,pilot_2026_01_02_limit2_auto_tz_2026-01-02_1945,"Theme: A, AA","Theme: A, AA",Mixed,Mixed,"[""dtw_return_similarity_graph"", ""dtw_trade_flow_similarity_graph""]","[""A"", ""AA""]",0.7,Dictionary-first label generated from leading members and supporting layers.,dictionary_v1,"{""source_layers"": [""dtw_return_similarity_graph"", ""dtw_trade_flow_similarity_graph""], ""member_count"": 2}",,builtin-v1,2026-06-15 19:18:32.487821
pilot_2026_01_02_limit2_auto_tz_2026-01-02_1950_theme_001,pilot_2026_01_02_limit2_auto_tz,pilot_2026_01_02_limit2_auto_tz_2026-01-02_1950,"Theme: A, AA","Theme: A, AA",Mixed,Mixed,"[""dtw_return_similarity_graph"", ""dtw_trade_flow_similarity_graph""]","[""A"", ""AA""]",0.7,Dictionary-first label generated from leading members and supporting layers.,dictionary_v1,"{""source_layers"": [""dtw_return_similarity_graph"", ""dtw_trade_flow_similarity_graph""], ""member_count"": 2}",,builtin-v1,2026-06-15 19:18:32.551529
pilot_2026_01_02_limit2_auto_tz_2026-01-02_1955_theme_001,pilot_2026_01_02_limit2_auto_tz,pilot_2026_01_02_limit2_auto_tz_2026-01-02_1955,"Theme: A, AA","Theme: A, AA",Mixed,Mixed,"[""dtw_return_similarity_graph"", ""dtw_trade_flow_similarity_graph""]","[""A"", ""AA""]",0.7,Dictionary-first label generated from leading members and supporting layers.,dictionary_v1,"{""source_layers"": [""dtw_return_similarity_graph"", ""dtw_trade_flow_similarity_graph""], ""member_count"": 2}",,builtin-v1,2026-06-15 19:18:32.628358
pilot_2026_01_02_limit2_auto_tz_2026-01-02_2000_theme_001,pilot_2026_01_02_limit2_auto_tz,pilot_2026_01_02_limit2_auto_tz_2026-01-02_2000,"Theme: A, AA","Theme: A, AA",Mixed,Mixed,"[""dtw_return_similarity_graph"", ""dtw_trade_flow_similarity_graph""]","[""A"", ""AA""]",0.7,Dictionary-first label generated from leading members and supporting layers.,dictionary_v1,"{""source_layers"": [""dtw_return_similarity_graph"", ""dtw_trade_flow_similarity_graph""], ""member_count"": 2}",,builtin-v1,2026-06-15 19:18:32.697659
pilot_2026_01_02_limit2_auto_tz_2026-01-02_2005_theme_001,pilot_2026_01_02_limit2_auto_tz,pilot_2026_01_02_limit2_auto_tz_2026-01-02_2005,"Theme: A, AA","Theme: A, AA",Mixed,Mixed,"[""dtw_return_similarity_graph"", ""dtw_trade_flow_similarity_graph""]","[""A"", ""AA""]",0.7,Dictionary-first label generated from leading members and supporting layers.,dictionary_v1,"{""source_layers"": [""dtw_return_similarity_graph"", ""dtw_trade_flow_similarity_graph""], ""member_count"": 2}",,builtin-v1,2026-06-15 19:18:32.755542
pilot_2026_01_02_limit2_auto_tz_2026-01-02_2010_theme_001,pilot_2026_01_02_limit2_auto_tz,pilot_2026_01_02_limit2_auto_tz_2026-01-02_2010,"Theme: A, AA","Theme: A, AA",Mixed,Mixed,"[""dtw_return_similarity_graph"", ""dtw_trade_flow_similarity_graph""]","[""A"", ""AA""]",0.7,Dictionary-first label generated from leading members and supporting layers.,dictionary_v1,"{""source_layers"": [""dtw_return_similarity_graph"", ""dtw_trade_flow_similarity_graph""], ""member_count"": 2}",,builtin-v1,2026-06-15 19:18:32.808742
pilot_2026_01_02_limit2_auto_tz_2026-01-02_2015_theme_001,pilot_2026_01_02_limit2_auto_tz,pilot_2026_01_02_limit2_auto_tz_2026-01-02_2015,"Theme: A, AA","Theme: A, AA",Mixed,Mixed,"[""dtw_return_similarity_graph"", ""dtw_trade_flow_similarity_graph""]","[""A"", ""AA""]",0.7,Dictionary-first label generated from leading members and supporting layers.,dictionary_v1,"{""source_layers"": [""dtw_return_similarity_graph"", ""dtw_trade_flow_similarity_graph""], ""member_count"": 2}",,builtin-v1,2026-06-15 19:18:32.882084
pilot_2026_01_02_limit2_auto_tz_2026-01-02_2020_theme_001,pilot_2026_01_02_limit2_auto_tz,pilot_2026_01_02_limit2_auto_tz_2026-01-02_2020,"Theme: A, AA","Theme: A, AA",Mixed,Mixed,"[""dtw_return_similarity_graph"", ""dtw_trade_flow_similarity_graph""]","[""A"", ""AA""]",0.7,Dictionary-first label generated from leading members and supporting layers.,dictionary_v1,"{""source_layers"": [""dtw_return_similarity_graph"", ""dtw_trade_flow_similarity_graph""], ""member_count"": 2}",,builtin-v1,2026-06-15 19:18:32.965877
pilot_2026_01_02_limit2_auto_tz_2026-01-02_2025_theme_001,pilot_2026_01_02_limit2_auto_tz,pilot_2026_01_02_limit2_auto_tz_2026-01-02_2025,"Theme: A, AA","Theme: A, AA",Mixed,Mixed,"[""dtw_return_similarity_graph"", ""dtw_trade_flow_similarity_graph""]","[""A"", ""AA""]",0.7,Dictionary-first label generated from leading members and supporting layers.,dictionary_v1,"{""source_layers"": [""dtw_return_similarity_graph"", ""dtw_trade_flow_similarity_graph""], ""member_count"": 2}",,builtin-v1,2026-06-15 19:18:33.062926
pilot_2026_01_02_limit2_auto_tz_2026-01-02_2030_theme_001,pilot_2026_01_02_limit2_auto_tz,pilot_2026_01_02_limit2_auto_tz_2026-01-02_2030,"Theme: A, AA","Theme: A, AA",Mixed,Mixed,"[""dtw_return_similarity_graph"", ""dtw_trade_flow_similarity_graph""]","[""A"", ""AA""]",0.7,Dictionary-first label generated from leading members and supporting layers.,dictionary_v1,"{""source_layers"": [""dtw_return_similarity_graph"", ""dtw_trade_flow_similarity_graph""], ""member_count"": 2}",,builtin-v1,2026-06-15 19:18:33.158850
pilot_2026_01_02_limit2_auto_tz_2026-01-02_2035_theme_001,pilot_2026_01_02_limit2_auto_tz,pilot_2026_01_02_limit2_auto_tz_2026-01-02_2035,"Theme: A, AA","Theme: A, AA",Mixed,Mixed,"[""dtw_return_similarity_graph"", ""dtw_trade_flow_similarity_graph""]","[""A"", ""AA""]",0.7,Dictionary-first label generated from leading members and supporting layers.,dictionary_v1,"{""source_layers"": [""dtw_return_similarity_graph"", ""dtw_trade_flow_similarity_graph""], ""member_count"": 2}",,builtin-v1,2026-06-15 19:18:33.250580
pilot_2026_01_02_limit2_auto_tz_2026-01-02_2040_theme_001,pilot_2026_01_02_limit2_auto_tz,pilot_2026_01_02_limit2_auto_tz_2026-01-02_2040,"Theme: A, AA","Theme: A, AA",Mixed,Mixed,"[""dtw_return_similarity_graph"", ""dtw_trade_flow_similarity_graph""]","[""A"", ""AA""]",0.7,Dictionary-first label generated from leading members and supporting layers.,dictionary_v1,"{""source_layers"": [""dtw_return_similarity_graph"", ""dtw_trade_flow_similarity_graph""], ""member_count"": 2}",,builtin-v1,2026-06-15 19:18:33.341711
