community_id,members,size,type,avg_confidence
single_000,"ABNB,ACB,ACEL,ACIW,ACM,ACN,ACVA,ADBE,ADMA,ADP,ADSK,AEO,AEYE,AGNT,AGYS,AI,AII,AIIR,AIOT,AJG,ALKT,ALLT,ALRM,AMCX,AMN,AMPG,AMPL,AMTM,AMWL,ANGI,ANL,ANNX,AON,APEI,APP,APPF,APPN,APPS,ARCO,ARLO,ARX,AS,ASAN,ASMB,ASTH,ASUR,ATII,AUDC,AVBP,AVPT,AXON,AZ,BAH,BBAI,BBAR,BBSI,BBW,BFAM,BILL,BKNG,BKTI,BL,BLKB,BLZE,BMA,BNED,BNR,BOX,BR,BRCB,BRO,BROS,BRSL,BRT,BRZE,BSY,BWIN,BYD,BYRN,CACI,CARG,CARL,CARS,CART,CAVA,CBFV,CBRL,CBZ,CCC,CCCC,CCEC,CCSI,CDNS,CEPF,CEPU,CERT,CHA,CHDN,CHKP,CHWY,CHYM,CIGI,CLBT,CLYM,CMPS,CNC,CNK,CNNE,CNXC,CODI,COMP,COUR,COYA,CPAY,CPRI,CPRT,CRAI,CRCT,CRESY,CRM,CRTO,CRVL,CSGP,CSV,CTEV,CTSH,CVLT,CWH,CXDO,CXIIU,CXM,DASH,DBI,DBX,DCBO,DDOG,DERM,DFIN,DHX,DJCO,DKNG,DLB,DLO,DLX,DOCS,DOCU,DOMO,DOX,DPZ,DSGX,DSP,DT,DTIL,DUOL,DV,DXC,DXCM,EDN,EEFT,EFOR,EFX,EGAN,EMAT,EMBC,EOLS,EPAM,EPRX,ERIE,ESTC,EVCM,EVER,EVH,EVTC,EW,EXLS,EXPE,EXPO,EYE,FA,FBIZ,FCN,FDS,FENC,FICO,FIG,FIS,FISV,FIVN,FLGT,FLUT,FLXS,FLYW,FORR,FOUR,FOXA,FRMM,FROG,FRSH,FTNT,FUBO,FVRR,FWONK,FWRG,G,GASS,GDDY,GDYN,GECC,GEN,GENI,GEO,GGAL,GIB,GIW,GLBE,GLOB,GPN,GRFS,GRND,GSHD,GTLB,GTN,GWRE,HCKT,HGTY,HGV,HIPO,HNGE,HOV,HPQ,HQY,HRB,HSTM,HTFL,HUBS,HURN,IBEX,IBM,IBTA,ICE,ICFI,IDCC,IDN,IDT,IHRT,III,IIIV,IMAX,INFY,INR,INTA,INTR,INTU,IOT,IQV,IRS,IT,ITRI,J,JACK,JFB,JKHY,JMSB,KARO,KBR,KD,KELYA,KFRC,KFY,KLC,KMPR,KNSL,KPTI,KRUS,KSPI,KVYO,KYIV,KZIA,LAUR,LAW,LBTYK,LCLN,LDOS,LENZ,LIF,LIFE,LIVN,LOMA,LONA,LOPE,LQDT,LRMR,LSPD,LVS,LYFT,LZ,MA,MAAS,MAMA,MAN,MANE,MANH,MAX,MCFT,MCO,MCS,MDB,MEDP,MELI,MGNI,MGRT,MH,MIAX,MITK,MKTX,MLCO,MMS,MNDY,MNTN,MOH,MORN,MQ,MRDN,MRSH,MSCI,MSFT,MSGS,MTCH,MYGN,NABL,NAGE,NAVN,NCMI,NCNO,NDAQ,NDLS,NET,NEU,NEXN,NFLX,NICE,NIQ,NODK,NOW,NRDS,NRT,NSP,NTNX,NVRI,NWSA,NXST,NYT,OKTA,OMC,OMDA,ONON,ONT,OOMA,OPEN,OPLN,OPRA,OPRT,OPRX,ORCL,OSPN,OTEX,PAGS,PAM,PAR,PATH,PAY,PAYC,PAYO,PAYS,PAYX,PBI,PCOR,PCTY,PD,PEGA,PENN,PGNY,PHR,PIII,PINS,PLTK,PLTR,PRCH,PRCT,PRDO,PRG,PRGO,PRGS,PRKS,PRSU,PRTH,PSFE,PSKY,PSN,PSO,PTC,PTLO,PTRN,PUBM,PYPD,PYPL,PZZA,QFIN,QLYS,QNST,QTWO,QXL,RAAQ,RBRK,RDDT,RDVT,RDWR,RELX,RGP,RHI,RMAX,RMNI,RNG,ROKU,ROOT,ROP,RPD,RPT,RSI,RSKD,RSVR,RVLV,RXT,RYAN,S,SABS,SAIL,SAP,SBC,SBGI,SCHL,SCM,SEAT,SENS,SG,SGA,SGC,SGHC,SHIP,SHOP,SKIL,SKLZ,SLP,SMID,SNAP,SNOW,SOC,SPCE,SPGI,SPOT,SPSC,SPT,SPTX,SRAD,SSNC,SSP,SSTI,SSTK,SSYS,STGW,STN,STNE,STUB,SUPV,SUPX,TASK,TBI,TBLA,TDAY,TDC,TDOC,TEAM,TENB,TEO,TGS,THRY,TIC,TKO,TLS,TLSI,TMCI,TNET,TNGX,TNL,TONX,TOST,TOUR,TRAK,TREE,TRI,TRIP,TRMB,TRU,TRUP,TSCO,TTAN,TTD,TTEK,TTGT,TTWO,TWLO,TYL,TZOO,U,UBER,UIS,UP,UPWK,V,VAC,VATE,VEEV,VENU,VERX,VHC,VIA,VRNS,VRSK,VRSN,VTEX,VYX,W,WAY,WBTN,WDAY,WEAV,WEX,WHF,WING,WIX,WK,WLDN,WLY,WMG,WPP,WRBY,WRLD,WTW,WU,WWW,WYNN,XGN,XP,XYZ,XZO,YALA,YELP,YOU,Z,ZETA,ZH,ZIP,ZM,ZS,ZTS",565,single_run,
single_001,"AA,AAOI,AAON,ABAT,ACHR,ACLS,ACMR,ADEA,ADI,ADTN,ADUR,AEC,AEHR,AEIS,AEVA,AGCC,AGMB,AGPU,AGX,AIAI,AIP,AIRG,AIRO,AIV,AKAM,ALAB,ALB,ALGM,ALM,ALMU,ALNT,ALOY,ALTO,AMAT,AMBA,AMBQ,AMD,AMKR,AMPX,AMRC,AMSC,ANET,AOSL,AP,APH,APLD,APTV,ARM,ARQQ,ARRY,ARW,ARXS,ASML,ASPI,ASPN,ASTI,ASTL,ASTS,ASX,ASYS,ATEN,ATEX,ATI,ATKR,ATLX,ATOM,AUR,AVEX,AVGO,AVT,AXTI,AYI,BAND,BB,BBCQ,BDC,BDSX,BE,BELFB,BETA,BHE,BHP,BKSY,BLDP,BRUN,BTDR,BTGO,BTSG,BTU,BW,BWA,BWEN,BWMX,CABA,CALX,CAMT,CAT,CBRS,CCJ,CDNL,CEVA,CGNX,CHCI,CHPT,CHRN,CIEN,CIFR,CITR,CLF,CLFD,CLS,CLSK,CMCO,CMI,CMP,CMTL,CODA,COHR,COHU,CORZ,CPAC,CPSH,CRDO,CRML,CRS,CRUS,CRWD,CRWV,CSCO,CSIQ,CSTM,CTOS,CTS,CVGI,CVU,CYD,DAN,DDI,DELL,DGII,DGXX,DIOD,DMRC,DNN,DOCN,DOMH,DPRO,DUOT,DY,EAF,ECG,ECOR,EH,ELVA,ELVR,EME,ENPH,ENS,ENTG,ENVX,EOSE,ERIC,ERO,ETN,EVC,EXTR,FCEL,FCX,FEIM,FFIV,FIVE,FIX,FLEX,FLR,FLS,FLY,FN,FORM,FPS,FRHC,FRVO,FSLR,FSLY,FTCI,FTK,GDS,GENC,GEOS,GEV,GFS,GHM,GILT,GLW,GLXY,GNRC,GRRR,GSIT,GSM,GTX,HAFN,HASI,HBM,HCM,HIMX,HIVE,HLIT,HSBC,HUBB,HUT,HWBK,HYLN,HYNE,IBKR,ICHR,IE,IESC,IMSR,INDI,INDP,INFQ,INGM,INSG,INTC,INTT,INV,IONQ,IPGP,IPWR,IPX,IRDM,IREN,IRM,ISOU,ISSC,ITRN,IZEA,JBL,JCI,JDZG,JKS,JLHL,JOBY,KALU,KE,KEEL,KEYS,KLAC,KLIC,KN,KODK,KOPN,KT,KULR,LAC,LAES,LAR,LASR,LCID,LCII,LEGN,LEGT,LEU,LFUS,LGN,LITE,LIXT,LND,LOGI,LPL,LRCX,LSCC,LTBR,LTRX,LUCK,LUMN,LUNR,LWLG,LZM,MARA,MBLY,MCHP,MCRB,MDA,MEC,MEI,METC,MGA,MHH,MIR,MKSI,MOB,MOD,MOG-A,MOS,MP,MPWR,MRAM,MRVL,MT,MTRN,MTSI,MTZ,MU,MWH,MX,MXL,MYRG,NAKA,NATR,NB,NBIS,NESR,NEXA,NKLR,NNE,NNNN,NOK,NOVT,NRGV,NTAP,NTCT,NTGR,NTSK,NTWK,NUAI,NUCL,NVDA,NVEC,NVMI,NVT,NXE,NXPI,NXT,OCC,ODTX,OII,OIS,OKLO,OKUR,OLED,ON,ONDS,ONTO,OPTX,ORA,ORN,OSS,OUST,P,PCT,PDFS,PDYN,PENG,PI,PKX,PL,PLAB,PLPC,PLUG,PLXS,POET,PONY,POWI,POWL,PRIM,PRLB,PSIX,PUK,PURR,PUSA,PVH,PWR,Q,QBTS,QCOM,QQQ,QRVO,QS,QUBT,QUIK,RAIL,RAL,RBC,RCAT,RCMT,RDCM,RDW,RELL,RFIL,RGC,RGTI,RILY,RIO,RIOT,RIVN,RKLB,RMBS,ROG,ROK,RUN,RYAM,SANM,SAR,SATL,SCCO,SEDG,SEI,SERV,SGML,SHAZ,SHLS,SHMD,SIDU,SIFY,SILC,SIMO,SITM,SKM,SKYT,SLI,SLN,SLSR,SMCI,SMR,SMTC,SNDK,SNDX,SNPS,SNX,SOLS,SPAI,SPIR,SPXC,SRTA,SSSS,ST,STEM,STLD,STM,STRL,STRT,STX,SWKS,SXC,SYM,SYNA,TAC,TE,TECK,TEL,TER,TGB,TGEN,TH,TKC,TLN,TMC,TMQ,TOYO,TPC,TPL,TRNS,TROX,TSAT,TSEM,TSM,TSSI,TT,TTI,TTMI,TUSK,TX,TXN,TYGO,UAMY,UCTT,UEC,UI,UMAC,UMC,UNB,UROY,USAR,UUUU,VALE,VBNK,VECO,VELO,VEON,VERU,VIAV,VICR,VISN,VIVO,VMET,VOYG,VPG,VRA,VRT,VSAT,VSH,VUZI,VZLA,WATT,WCC,WDC,WOLF,WRD,WS,WULF,WYFI,XE,YMM,YSS",514,single_run,
single_002,"AAL,AAUC,ABEV,ACA,ACCO,ACNT,ACRE,ADAM,ADNT,AER,AFRI,AFYA,AGCO,AGNC,AIR,AIT,ALG,ALGT,ALH,ALK,ALLE,ALOT,ALSN,AMBP,AMCR,AME,AMRN,AMX,AN,ANF,ANPA,AOS,APC,APG,APOG,APXT,ARHS,ARI,ARMP,ARR,ASH,ASLE,ASR,ASTE,ATMU,ATR,AVNT,AVY,AWI,AZZ,BABA,BBWI,BBY,BC,BCAL,BCC,BEAG,BEPC,BGS,BIPC,BIRK,BKE,BLD,BLDR,BLFS,BMI,BNS,BOC,BOOT,BOTJ,BRKHU,BRSP,BURL,BXMT,CAAS,CALY,CAR,CARR,CBT,CC,CCII,CCK,CCL,CEG,CENX,CIM,CING,CL,CLNN,CM,CMC,CNH,CNM,COFS,COLM,CPA,CPIX,CR,CRH,CRI,CRMT,CRSR,CSL,CSW,CTRI,CW,CWEN,CXT,CZFS,CZNC,DAKT,DAL,DCH,DCI,DCO,DD,DDS,DE,DHC,DKS,DLR,DOO,DOV,DRS,DSGR,DX,DXPE,EARN,ECL,ECVT,EFC,EGHA,EL,ELA,EMN,EPAC,EQPT,ESAB,ESE,ESI,EXP,F,FBIN,FBRT,FCAP,FELE,FER,FERG,FF,FINW,FLOC,FMAC,FND,FOXF,FSS,FSV,FUL,GAP,GBFH,GCBC,GCO,GEF,GFF,GGG,GIC,GIL,GLRE,GNTX,GOLF,GPC,GPGI,GPK,GRAL,GRC,GTES,GVA,GWW,HAS,HAYW,HBB,HCA,HD,HLF,HLIO,HLMN,HLT,HNI,HON,HPE,HRI,HTZ,HUBG,HUN,HWKN,HWM,HXL,HZO,IBP,IEX,IFF,IHG,ILPT,IMA,IMRX,INSE,IP,IR,ITT,ITW,IVR,JBI,JBIO,JBLU,JBS,JBTM,JD,JOUT,KAI,KMT,KNF,KOF,KOP,KREF,KRNT,KRO,KTB,KWR,LAD,LADR,LARK,LE,LECO,LEVI,LI,LII,LILAK,LKQ,LLYVK,LPX,LTM,LUV,LVO,LXFR,LYTS,LYV,MAGN,MAS,MAT,MATV,MATW,MBC,MBUU,MDV,MFA,MFC,MFI,MHK,MICC,MIDD,MIND,MKTW,MLI,MLKN,MLM,MMM,MNRO,MOV,MPAA,MRCY,MSA,MSM,MTC,MTUS,MTW,MTX,MWA,MYE,NC,NDSN,NEGG,NGVT,NHP,NLY,NMR,NOMA,NPO,NRC,NREF,NRG,NRXS,NSSC,NTHI,NUE,NUTX,NUVL,NXDT,OC,OEC,OFLX,OI,OLN,OLP,ONIT,OPXS,ORC,OSK,OTIS,OUT,OXM,PAC,PAG,PAMT,PATK,PCAR,PCSC,PDEX,PFSI,PH,PHIN,PII,PKG,PLNT,PLOW,PMT,PPG,PPIH,PRM,PROV,PSBD,PSMT,PSNY,PTGX,QXO,RACC,RCL,RDNT,REA,REFI,REZI,RGCO,RHLD,RITM,RJET,RL,RLAY,RMBI,ROCK,RPM,RRX,RS,RUSHA,RWT,RXO,RY,RYAAY,RYN,RYZ,SAFT,SAH,SBH,SBMT,SCL,SCVL,SDHC,SEG,SFBC,SIF,SITE,SKYH,SKYW,SLF,SLGN,SLVM,SMJF,SMMT,SNA,SON,SPB,SRI,SSD,STRW,STWD,SUNB,SVV,SW,SWK,SXI,TAK,TD,TDS,TDY,TEX,TGLS,TGT,THC,THO,THRM,TILE,TITN,TKR,TM,TNC,TPR,TREX,TRN,TRS,TRTX,TTAM,TWI,TXT,TYRA,UAA,UAL,UFCS,UFPI,UGP,UHT,ULCC,URBN,URI,USLM,USNA,VACH,VALN,VC,VFC,VFS,VIK,VIPS,VMC,VMI,VNT,VSNT,VST,VTMX,VTOL,VVV,WAB,WEYS,WF,WFG,WGO,WHG,WILC,WLFC,WMS,WNC,WOR,WSC,WSE,WSM,WSO,WST,WTS,WWD,WY,XPOF,XYL,YETI,YSWY,ZWS",461,single_run,
single_003,"AAPL,ABM,ACGL,ACI,ACIC,ACOG,ACT,AEE,AEP,AES,AFBI,AFG,AFJK,AFL,AGO,AHCO,AIG,AIZ,AKO-B,ALL,AM,AMAN,AMSF,ANIP,APD,APURU,AQN,ARCB,ARKO,ARTNA,ASRT,ATO,AVA,AVO,AWK,AWR,AXS,AZO,BACC,BALL,BBCP,BCE,BCPC,BF-B,BHF,BJ,BJRI,BKH,BLMN,BLUW,BOW,BRBR,BRC,BRK-B,BTI,BUDA,CABO,CAG,CAH,CAKE,CALM,CASY,CATO,CB,CBC,CCEP,CCRN,CDRE,CELH,CENTA,CHD,CHE,CHH,CHTR,CINF,CLH,CLW,CLX,CMCSA,CMG,CMS,CNA,CNI,CNP,CNTA,COCO,COKE,COLL,CON,COO,COR,COST,CPB,CPK,CPRX,CSX,CTVA,CVSA,CWAN,CWST,CWT,CZR,D,DBRG,DEO,DGX,DIN,DLTR,DNUT,DOLE,DOYU,DRDB,DRI,DRVN,DTE,DTM,DUK,DYNC,EA,EAT,EBAY,ED,EEX,EG,EHC,EIG,EIX,ELF,EMA,ENR,ENSG,EPC,ES,ESNT,ESPR,ETR,ETSS,ETSY,EVRG,EXC,EXPD,FACT,FAF,FAST,FDP,FDSB,FE,FIZZ,FLO,FMX,FNF,FNLC,FNRN,FNWB,FRPT,FSBW,FTS,FVR,FWRD,GBTG,GBX,GFL,GIII,GIS,GLIBA,GMRS,GNE,GNW,GRBK,GRDN,GTLS,H,HCI,HE,HELE,HG,HHH,HIFS,HIG,HMN,HNNA,HOFT,HRL,HRTG,HSIC,HSY,HTLD,HTO,HUHU,HURC,IDA,IHS,IMKTA,INGR,INTG,INVA,IOSP,IPAR,JBHT,JBSS,JHG,JJSF,KALV,KDP,KEYYU,KHC,KINS,KLRA,KMB,KMI,KNX,KO,KORE,KR,KVUE,KW,L,LBRDK,LIEN,LIN,LNN,LNT,LOCO,LSTR,LW,LWAY,MAR,MASI,MBAV,MBI,MCD,MCGA,MCK,MCRI,MCY,MD,MDLZ,MDU,MED,MGEE,MGPI,MKC,MKL,MNST,MO,MRLN,MRTN,MSEX,MTG,MTN,MUSA,NCTY,NEE,NFG,NGG,NGVC,NI,NJR,NKSH,NMIH,NNI,NOMD,NPK,NSC,NTIC,NUS,NWE,NWN,OCCI,ODFL,OGE,OGN,OGS,OLLI,OPCH,ORI,ORLY,OTTR,OZ,PBH,PCB,PCG,PCRX,PECE,PEG,PEN,PEP,PFGC,PG,PGR,PHAR,PHI,PLGO,PLMR,PM,PNR,PNTG,PNW,PODC,POOL,POR,POST,PPC,PPHC,PPL,PPLI,PRA,PRI,PRMB,R,RAMP,RCI,RCKY,RDN,RDNW,REYN,RGA,RGR,RLGT,RLI,RMR,RNR,ROL,ROST,RRR,RSG,RTAC,SAGU,SAIA,SAM,SAMG,SBAC,SBFG,SBUX,SEB,SEM,SENEA,SFD,SFM,SGP,SHEN,SHG,SIGI,SILA,SJM,SKWD,SLAB,SLDE,SMPL,SNDR,SO,SPNT,SR,SRE,STC,STHO,STRA,STRS,STTK,STVN,STZ,SUI,SUZ,SVAC,SWBI,SWX,SXT,SYY,T,TACO,TAP,TBBB,TBN,TBRG,THG,TJX,TLRY,TMUS,TPB,TR,TRAD,TRC,TRP,TRV,TSN,TU,TWFG,TWO,TXNM,TXRH,UGI,UHS,UL,UNFI,UNP,USFD,USPH,UTL,UTZ,UVE,UVV,VLTO,VMD,VRCA,VZ,WCN,WEC,WEN,WERN,WH,WM,WMB,WMK,WMT,WRB,WSR,WTM,WTRG,WYY,XEL,XLO,XPO,XRAY,XRPN,YB,YORW,YUM,ZSQR",428,single_run,
single_004,"AACP,ABBV,ABG,ABR,ABT,ACHC,ACTG,AD,ADAG,ADSE,ADUS,AGBK,AGL,AIN,ALC,ALGN,ALHC,ALKS,ALLY,ALNY,ALTG,AMGN,AMPH,AMRX,AMT,ANGO,ANTX,AORT,APGE,ARCL,ASND,ASO,ATEC,ATRC,AUPH,AVAH,AVBC,AVNW,AVR,AXGN,AXP,AXTA,AZN,BA,BALY,BARK,BAX,BCIC,BCO,BDX,BGC,BIIB,BLCO,BLX,BMRN,BMY,BPRN,BSVN,BSX,BV,BVS,BXC,CAE,CAMP,CCI,CCOI,CHRW,CI,CIX,CLOV,CME,CMPR,CMT,CMTV,CNMD,COAG,COF,CRK,CROX,CSPI,CTAS,CTRN,CV,CVLG,CVRX,CVS,CWCO,CXW,CYRX,DAAQ,DCTH,DECK,DHR,DIBS,DIS,DMRA,DQ,DRTS,EBS,ECPG,ELAN,ELMD,ELPC,ELTX,ELV,ENOV,ENVA,EQIX,ETD,EXE,EXEL,FATN,FCFS,FCRS,FIGS,FMC,FMS,FPH,FRAF,FRBA,FRPH,FTDR,FTLF,FTV,GD,GEHC,GHC,GILD,GKOS,GM,GME,GMED,GOGO,GPI,GSK,GUACU,GXO,GYRE,HAE,HCMA,HDB,HEI,HII,HLN,HMC,HROW,HTHT,IACQU,IART,IBN,ICUI,IDXX,INCY,INFU,INGN,INMD,INSP,IRMD,IRTC,IRWD,ITGR,JAZZ,JCAP,JNJ,KEQU,KIDS,KMX,KRT,KRYS,LAKE,LASE,LCNB,LEE,LEG,LEGH,LFCR,LFVN,LH,LHX,LIND,LLY,LMAT,LMNR,LMT,LNTH,LNZA,LODE,LOVE,LOW,LZB,M,MANU,MDT,MDWD,MDXG,META,MFG,MGNX,MLAB,MLR,MMED,MMSI,MMYT,MNSB,MOMO,MRK,MRP,MRVI,MUFG,MZTI,NATH,NATL,NAVI,NBIX,NCEW,NCLH,NEOG,NHC,NN,NOC,NP,NPCE,NVR,NVS,NVST,NVTS,NWL,ODC,OFIX,OFRM,OM,OMCL,OMF,ONEW,OSCR,OSG,OSW,PACS,PAHC,PAL,PBFS,PFE,PHG,PKBK,PKOH,PMTS,PODD,PRAA,PROF,PRVA,PTHS,PVLA,QGEN,QMCO,QSR,QTI,QUAD,RBA,RDY,REGN,RENT,REPL,RGS,RMD,ROLR,RPRX,RTO,RTX,RUM,RXST,RZLT,SCI,SGI,SHC,SHIM,SHW,SIBN,SIG,SLM,SMFG,SNN,SNWV,SNY,SOLV,SPOK,STAA,STE,STI,SUPN,SVCO,SWIM,SYF,SYK,SYRE,SZZL,TARS,TATT,TBCH,TBPH,TCMD,TFII,TFX,TGTX,TISI,TLX,TOI,TTC,TVTX,UBCP,UFPT,UHAL,UNF,UNH,UPB,UPBD,UPS,UTHR,UTMD,VABK,VALU,VCEL,VERA,VHI,VOD,VREX,VRTX,VSTS,VTRS,WBD,WENN,WEST,WHR,WSBF,XFOR,XOS,XRX,YDES,ZBH,ZD",339,single_run,
single_005,"AAP,ACDC,ADM,AESI,AEXA,AGRO,AIRJ,ALMR,AMPY,AMR,ANDE,ANNA,APA,API,AR,AROC,ASIX,ATAT,AUNA,AVNS,AXR,BBBY,BCBP,BCSS,BG,BIDWU,BILI,BKV,BLBD,BMO,BORR,BP,BRAI,BTE,BUUU,BWLP,BZ,BZH,CCS,CDW,CE,CECO,CEPO,CF,CHRD,CHT,CINT,CLB,CLMB,CLMT,CMDB,CNQ,CNR,CNX,CNXU,COP,CRC,CRGY,CUE,CURR,CVCO,CVE,CVEO,CVI,CVX,DAC,DAR,DEC,DFH,DHI,DINO,DK,DLTH,DNOW,DOW,DVN,E,EC,EDRY,EDU,EE,EFXT,EGY,ELMT,ENB,EOG,EPM,EPSN,EQNR,EQT,ERAS,ESEA,ESOA,ESP,EVAC,EWTX,FANG,FBRX,FBYD,FET,FINV,FLNC,FNWD,FSI,FTI,GCGRU,GFR,GPOR,GPRE,GPRK,GRNT,GTE,GWRS,HAL,HCC,HLX,HP,HPK,HRZN,HSAI,HUM,HVII,ICCC,IDACU,IGIC,IMO,IMPP,INVE,INVX,IPI,ISBA,JFIN,JOYY,KBH,KC,KEX,KGEI,KGS,KNTK,KSS,KWY,LB,LBRT,LCUT,LEN,LGIH,LINC,LMB,LNG,LNSR,LRN,LSBK,LUXE,LXU,LYB,MEOH,MG,MGM,MGY,MHO,MNSO,MPC,MSGE,MSI,MTDR,MTH,MUR,NBR,NCSM,NE,NEXT,NGS,NIO,NL,NOA,NOG,NOV,NPKI,NTR,OBE,OKE,OVV,OWLS,OXY,PARR,PBA,PBF,PBR,PBT,PDD,PDLB,PDS,PED,PHM,PHOE,PKE,PNRG,POCI,POLE,PR,PRE,PSX,PTEN,PUMP,QTTB,RACE,RBKB,REPX,RERE,RES,REX,RIG,RLYB,RNGR,ROC,RRC,SAIC,SBR,SCOR,SD,SDRL,SE,SGRY,SHEL,SJT,SKY,SLB,SLMT,SM,SMHI,SND,SOBO,SOHU,SONY,SOTK,SSAC,SSL,STRZ,SU,SUNC,TAL,TALO,TAYD,TCOM,TDW,TIGO,TIPT,TME,TMHC,TNDM,TOL,TRGP,TS,TSQ,TTE,TTRX,UFI,UNCY,UTI,VAL,VET,VG,VIST,VLO,VNCE,VNET,VNOM,VTS,WBI,WDS,WFRD,WHD,WLK,WTI,WTTR,XOM,XPEV,XPRO,XYF,YPF,YUMC,ZBRA,ZIM,ZTO",284,single_run,
single_006,"ABCB,ACU,ADT,AERO,AGM,ALRS,AMAL,AMTB,AOMR,APT,ASB,ASIC,ATLC,ATLO,ATNI,AUB,AVBH,AX,BAC,BANC,BANF,BANR,BBT,BCML,BFC,BFH,BFST,BGSI,BHB,BHRB,BKU,BOH,BOKF,BOOM,BPOP,BRBS,BSRR,BUD,BUSE,BWB,BY,CAC,CARE,CASH,CASS,CATY,CBAN,CBNK,CBSH,CBU,CCB,CCBG,CCU,CFBK,CFFN,CFG,CFR,CHCO,CLBK,CNO,CNOB,COLB,COSO,CPF,CPS,CPSS,CRBG,CRD-A,CTBI,CUBI,CVBF,CWBC,DBD,DCOM,DGICA,DORM,EBC,EBF,EBMT,EFSC,EGBN,EQBK,EQH,ERII,ESCA,ESQ,EWBC,FBK,FBNC,FBP,FCBC,FCCO,FCF,FCNCA,FFBC,FFIN,FG,FHB,FHN,FIBK,FISI,FITB,FLG,FMAO,FMBH,FMNB,FNB,FRME,FRST,FSBC,FSUN,FTW,FULT,FVCB,FXNC,GABC,GATX,GBCI,GL,GLOO,GO,GSBC,GT,HAFC,HBAN,HBCP,HBNC,HBT,HCSG,HDSN,HFWA,HOG,HOMB,HOPE,HTB,HTH,HWC,IBCP,IBOC,IIIN,INBK,INDB,INNV,ISTR,JAKK,JOE,JPM,JRVR,JXN,JYNT,KB,KEY,KG,KRMD,KRNY,KROS,LAND,LKFN,LNC,LOAR,LOB,LTH,MATX,MBIN,MBWM,MCB,MCBS,MCHB,MET,MFIN,MGRC,MITT,MPB,MRBK,MSBI,MTB,MVBF,MYFW,NBBK,NBHC,NBN,NBTB,NECB,NEWT,NFBK,NIC,NLOP,NRIM,NTB,NWBI,OBK,OBT,OCFC,OFG,OMAB,ONB,OPBK,OPFI,OPY,OSBC,OVBC,OVLY,OZK,PB,PCYO,PEBO,PFG,PFS,PGC,PLBC,PLUS,PNC,PNFP,PRK,PRU,QCRH,RBCAA,RF,RKT,RM,RNST,RRBI,RVSB,RYM,SBCF,SBSI,SEVN,SFBS,SFNC,SHBI,SMBC,SMBK,SMP,SMTI,SNFCA,SPFI,SRBK,SRCE,SSB,STBA,STEL,SVRE,SYBT,TBBK,TCBI,TCBK,TCBX,TFC,TFIN,TFSL,TG,THFF,TMP,TOWN,TRMK,TRST,UBSI,UCB,ULH,UMBF,UNM,UNTY,USB,UVSP,VEL,VLY,VOYA,WABC,WAFD,WAL,WASH,WB,WBS,WD,WFC,WSBC,WSFS,WTBA,WTFC,ZEPP,ZION",281,single_run,
single_007,"ABEO,ABUS,ABVX,ACAD,ACET,ACGC,AENT,AGIO,ALMS,AMLX,AMZN,ANAB,ANRO,AQST,ARDX,ARGX,ARMK,ARQT,ARTV,ARVN,ARWR,ASPS,ASTC,ATRA,AURA,AVIR,AVTX,AXSM,BBIO,BBNX,BBOT,BCAR,BCAX,BCRX,BCYC,BGSF,BH,BHC,BHVN,BIOA,BNAI,BNTX,BWAY,CACC,CADL,CAPR,CATX,CBIO,CBLL,CBOE,CDLR,CELC,CEPV,CGCT,CGEM,CGON,CLDX,CLPR,CLPT,COE,COGT,CRBP,CRMD,CRNX,CRT,CRVS,CSR,CSTL,CTNM,CVNA,CYTK,DAO,DBCA,DFTX,DG,DMAC,DNLI,DNTH,DRUG,DSGN,DWSN,DYN,ELDN,ELLO,ELVN,ENTA,ETON,EVMN,EVOX,EYPT,EZPW,FC,FDMT,FDX,FHTX,FOA,FRD,FULC,FXACU,GBLI,GENB,GLSI,GLUE,GMAB,GOOGL,GOOS,GPCR,GSAT,HALO,HCHL,HRMY,IBRX,ICL,IDYA,IMMX,IMNM,IMTX,IMUX,IMVT,IMXI,INBX,INDV,INKT,INSM,IONS,IRD,IRON,ISRG,IVA,JANX,JILL,KBON,KMDA,KMTS,KNSA,KOD,KRRO,KURA,KYMR,KYTX,LBRX,LION,LKFT,LXEO,MAZE,MBX,MDGL,MDLN,MESO,MGTX,MIRM,MLAC,MLTX,MNKD,MPLT,MRNA,NAMS,NKE,NKTR,NRIX,NU,NVAX,NVO,NYAX,OCS,OCUL,ODD,OLMA,OMSE,OPHC,ORIC,ORKA,OSUR,OTLY,OWLT,PARK,PBYI,PCAP,PCVX,PERI,PGEN,PHAT,PHVS,PLAY,PLMK,PMTR,PRAX,PRLD,PRTA,PSIG,PTCT,PXED,QADR,QURE,RAPP,RARE,RCEL,RCUS,RDAG,RELY,RGNX,RIGL,RLMD,RNA,RNAC,ROIV,ROMA,RVMD,RYTM,SARO,SEPN,SFIX,SGMT,SHAK,SI,SION,SLDB,SLS,SMG,SOGP,SOPH,SPRB,SPRY,SRPT,SRRK,SRZN,STOK,STRO,SVRA,TALK,TARA,TDUP,TECX,TENX,TEVA,TIL,TKNO,TMDX,TORO,TRDA,TRVI,TSHA,TVA,TW,ULS,VACI,VIR,VITL,VKTX,VLGEA,VNDA,VOR,VRDN,VRRM,VSTM,VYGR,WHWK,WINA,WSBK,WSHP,WVE,WW,XENE,XERS,XMAX,XMTR,XNCR,XOMA,ZBIO,ZNTL,ZURA,ZVRA,ZYME",273,single_run,
single_008,"A,AARD,ABCL,ABSI,ACR,ADPT,AFRM,AGEN,AIRS,ALAR,ALVO,ALX,ANDG,ARCT,ASST,ATAI,ATRO,AVAV,AVTR,AZTA,BEAM,BETR,BFLY,BIO,BKKT,BLLN,BLSH,BMNR,BOF,BRKR,BULL,BWXT,CAI,CDNA,COIN,COLD,CORT,CPNG,CRCL,CRL,CRNC,CRSP,CTKB,DAVE,DBVT,DJT,DNA,DRIO,EMPD,ENLT,ESLT,ESTA,ETOR,FJET,FNKO,FOCL,FOSL,FRMI,FTRE,FUTU,FWDI,GEMI,GH,GHRS,GRAB,GRVY,HIMS,HOOD,ICLR,ILMN,IMCR,IMDX,IMOS,INOD,IOVA,IPCX,JMIA,KEN,KLAR,KNOP,KRMN,KTOS,KVHI,LC,LFMD,LGCY,LINE,LINK,LPTH,LQDA,MLGO,MNPR,MNTS,MSTR,MTD,NBTX,NEO,NERV,NMAX,NTLA,NTRA,NUVB,NVCR,OMER,PACK,PGY,PLCE,PLSE,PRME,PSNL,PTON,QDEL,QTRX,RBLX,RGEN,ROAD,RRGB,RVTY,RXRX,SATS,SBET,SDGR,SEZL,SHOO,SIRI,SLGL,SMWB,SOFI,SOUL,SOUN,SPHR,SQM,SQNS,STLA,TECH,TEM,TIGR,TLYS,TMO,TNXP,TRVG,TWST,TXG,UPST,VCYT,VTIX,VVX,WAT,WGS,XNET,XPER,XXI",152,single_run,
single_009,"AAPG,ACRS,AEG,AEM,AG,AGI,ALV,AMRZ,ARE,ARIS,ASM,ATHM,ATS,AU,AUGO,AXIA,AYA,B,BAP,BBVA,BCH,BCS,BHST,BIDU,BKR,BMM,BOBS,BODI,BSAC,BSBR,BTG,BVN,CAL,CBNA,CD,CDE,CDZI,CEPT,CGAU,CMCL,CNL,CTGO,CX,DB,DC,DRD,EGG,EGO,ELE,EMBJ,EMR,EQX,EVI,EXK,EXOD,FGMC,FIGR,FNV,FSM,FSTR,FTAI,GCT,GE,GFI,GOLD,GRMN,HL,HMY,HNRG,HQI,HSLV,HVT,HY,HYMC,IAG,IDR,IFS,IMMR,ING,IX,JHX,KDK,KEP,KGC,LEA,LFST,LFTO,LSAK,LULU,LYG,MAKO,MASS,MTA,MTRX,MUX,MWC,NEM,NEWP,NG,NTES,NWG,NX,OGC,ONC,ONCH,OR,ORLA,OSIS,PAAS,PESI,PPTA,PS,RGLD,RH,SA,SAN,SBS,SBSW,SCZM,SII,SKBL,SKE,SN,SSRM,SVM,TFPM,TIMB,TLK,TRT,TSLA,ULBI,UNIT,URGN,USAS,USAU,VINP,VIV,VLRS,VOXR,VSEC,VTVT,WAVE,WKEY,WLTH,WNEB,WPM,XPEL,ZGN,ZLAB,ZUMZ",150,single_run,
single_010,"AAMI,ABX,ACHV,AMG,AMP,APAM,APO,ARCC,ARDT,ARES,AVLN,BAM,BBDC,BCSF,BEKE,BEN,BLK,BN,BNT,BNY,BUR,BX,BXSL,C,CAAP,CBRE,CCAP,CDRO,CG,CGBD,CGNT,CIA,CION,CLLS,CMBT,CMCM,CNS,CNXN,CSWC,CWK,ENIC,EVLV,EVR,FDUS,FGBI,FHI,FIP,FLWS,FOR,FSK,GAIN,GBDC,GCMG,GDOT,GLAD,GRPN,GS,GSBD,HAWK,HLI,HLNE,HNST,HSHP,HTGC,ITIC,IVZ,JEF,JLL,KBDC,KKR,KLRS,LAZ,LMND,LOKV,LPLA,LYEL,MAIN,MC,MFIC,MLP,MLYS,MMI,MPTI,MRX,MS,MSB,MSDL,MSIF,MTLS,NCDL,NMFC,NMRK,NOAH,NPB,NRXP,NSIT,NTRS,NWAX,OBDC,OCSL,OTF,OWL,PANL,PANW,PAX,PAYP,PDCC,PFLT,PICS,PIPR,PJT,PNNT,PWP,REAL,RJF,RNW,RPAY,RPC,RWAY,SCHW,SCSC,SEIC,SELF,SF,SLRC,SNEX,SONO,STEP,STT,TCPC,TCX,TDG,TMCR,TPG,TPVG,TRIN,TROW,TSLX,UBS,ULTA,VCTR,VIRC,VIRT,VRTS,VSXY,VWAV,WT,YEXT",148,single_run,
single_011,"AAT,ADC,AHR,AHRT,AKR,AMH,APLE,AVB,BATRK,BDN,BFS,BKD,BNL,BRX,BXP,CBL,CDP,CHCT,CHEF,CLDT,CP,CPT,CTO,CTRE,CUBE,CURB,CUZ,CZWI,DEA,DEI,DOC,DRH,DVA,EGP,ELS,EPR,EPRT,EQR,ESRT,ESS,EXR,FCPT,FPI,FR,FRT,GLPI,GNL,GOOD,GTY,HIW,HPP,HR,HST,IIPR,INN,INVH,IRT,IVT,JBGS,KIM,KRC,KRG,LAMR,LGND,LMRI,LTC,LXP,MAA,MAC,MPT,MSLE,NHI,NNN,NSA,NTST,NXRT,O,OHI,PDM,PEB,PECO,PINE,PK,PLD,PSA,PSTL,REG,REXR,RHP,RLJ,SAFE,SBRA,SHO,SITC,SKT,SLG,SMA,SNDA,SPG,SSII,STAG,TCI,TRNO,UDR,UE,UMH,VICI,VNO,VTR,WELL,WKC,WPC,XHR,XRN",114,single_run,
single_012,"ACNB,ADV,AEBI,AESPU,AFCG,AKTS,ALCO,AMCI,ANIK,AOUT,APYX,AROW,AXG,BLTE,BLZR,BMRC,BNTC,BSET,BVFL,BWFG,BWMN,CBK,CCNE,CHMG,CIVB,COOK,ECBK,EFSI,EIKN,EML,FBLA,FDBC,FUNC,HNVR,IONR,MBVI,MCAHU,MOBI,NGNE,NVCT,NWFL,NWPX,OBIO,ODYS,ORMP,ORRF,PEBK,PFBC,PFIS,RBB,RICK,SCLX,SFST,SGHT,SIGA,SLNG,SUMA,SUNS,TSBK,TWIN,USCB,USGO,WDFC",63,single_run,
single_013,"ASC,CCIX,CMRE,DHT,ECO,FLNG,FRO,GLNG,GNK,GSL,INSW,LPG,NAT,NVGS,SB,SBLK,SFL,STNG,TEN,TK,TNK,TRMD",22,single_run,
single_014,ARTC,1,single_run,
single_015,BDCI,1,single_run,
single_016,CFFI,1,single_run,
single_017,DIT,1,single_run,
single_018,DMII,1,single_run,
single_019,DNMX,1,single_run,
single_020,FUSB,1,single_run,
single_021,IPEX,1,single_run,
single_022,KOYN,1,single_run,
single_023,KTWO,1,single_run,
single_024,NPAC,1,single_run,
single_025,OTGA,1,single_run,
single_026,PGAC,1,single_run,
consensus_000,"ABCL,ABNB,ACB,ACIW,ACM,ACN,ACVA,ADBE,ADMA,ADP,ADSK,AEO,AEYE,AGBK,AGNT,AGYS,AI,AII,AIOT,ALKT,ALLT,ALRM,AMCX,AMN,AMPL,AMTM,AMWL,ANGI,ANL,ANNX,APEI,APPF,APPN,APPS,ARCO,ARLO,ARX,ASAN,ASMB,ASTH,ASUR,ATII,AUDC,AVBP,AVPT,AXON,AZ,BAH,BBAR,BBSI,BBW,BFAM,BILL,BKNG,BL,BLKB,BMA,BOX,BR,BRCB,BROS,BRSL,BRT,BRZE,BSY,BWIN,BYD,BYRN,CACI,CARG,CARL,CARS,CART,CAVA,CBFV,CBRL,CBZ,CCC,CCCC,CCEC,CCSI,CEPU,CERT,CGCT,CHA,CHDN,CHKP,CIGI,CLBT,CLYM,CMPR,CMPS,CNC,CNK,CNXC,CODI,COMP,COUR,COYA,CPRT,CRAI,CRCT,CRESY,CRM,CRTO,CRVL,CSGP,CTSH,CVLT,CWH,CXM,DASH,DBX,DCBO,DCTH,DDOG,DERM,DFIN,DHX,DJCO,DKNG,DLO,DOCS,DOCU,DOMO,DOX,DSGX,DSP,DT,DTIL,DUOL,DV,DXC,EDN,EEFT,EFOR,EFX,EGAN,EOLS,EPAM,ESEA,ESTC,EVCM,EVER,EVH,EVTC,EW,EXLS,EXPE,EXPO,EYE,FA,FCN,FDS,FICO,FIG,FIP,FIS,FISV,FIVN,FLGT,FLUT,FLXS,FLYW,FRBA,FRMM,FROG,FRSH,FTNT,FUBO,FVRR,G,GDDY,GDYN,GECC,GEN,GENI,GEO,GGAL,GIB,GLBE,GLOB,GPOR,GRFS,GRND,GSHD,GTLB,GTN,GWRE,HCKT,HGTY,HGV,HIPO,HNGE,HOV,HPQ,HQY,HRB,HSTM,HTFL,HUBS,HURN,IBEX,IBM,IBTA,ICE,ICFI,IDCC,IDN,IDT,IGIC,IHRT,III,IIIV,IMAX,INFY,INR,INSP,INTA,INTR,INTU,IOT,IQV,IRS,IT,ITRI,J,JACK,JFB,JKHY,KARO,KBR,KD,KELYA,KFRC,KFY,KLC,KPTI,KRUS,KSPI,KVYO,KYIV,LAW,LBTYK,LCLN,LDOS,LENZ,LIF,LIFE,LIVN,LOMA,LOPE,LQDT,LRMR,LSPD,LVS,LYFT,LZ,MA,MAAS,MAMA,MAN,MANE,MANH,MAX,MBX,MCS,MDB,MEDP,MELI,MGNI,MH,MIAX,MITK,MLCO,MMS,MMYT,MNDY,MNTN,MORN,MQ,MRDN,MSCI,MSFT,MSGS,MSIF,MTCH,MYGN,NABL,NAVN,NCMI,NCNO,NDAQ,NEXN,NFLX,NICE,NIQ,NODK,NOW,NRDS,NRT,NSP,NTNX,NVRI,NXST,OKTA,OMC,OMDA,ONON,ONT,OOMA,OPEN,OPLN,OPRA,OPRX,OSPN,OTEX,PAGS,PAM,PAR,PATH,PAY,PAYC,PAYO,PAYS,PAYX,PBI,PCOR,PCTY,PD,PEGA,PENN,PGNY,PHR,PIII,PINS,PLTR,PRCH,PRCT,PRG,PRGS,PRKS,PRSU,PRTH,PSFE,PSKY,PSN,PTC,PTLO,PTRN,PUBM,PYPD,PZZA,QFIN,QLYS,QNST,QTWO,QXL,RAAQ,RDDT,RDVT,RDWR,RELX,RERE,RGP,RHI,RMAX,RMNI,RNG,ROOT,ROP,RPD,RSI,RSKD,RSVR,RYAN,S,SAIL,SAP,SBC,SCHL,SCM,SEAT,SENS,SGC,SGHC,SHIP,SHOP,SLP,SNAP,SNOW,SOC,SPCE,SPGI,SPOT,SPSC,SPT,SPTX,SRAD,SSNC,SSP,SSTI,STGW,STN,STNE,STUB,SUPV,SUPX,TASK,TBI,TBLA,TDAY,TDC,TDOC,TEAM,TENB,TEO,TGS,THRY,TKO,TLS,TLSI,TMCR,TME,TNET,TNGX,TNL,TOST,TRAK,TREE,TRI,TRIP,TRMB,TRU,TRUP,TTAN,TTD,TTGT,TTWO,TWLO,TYL,TZOO,U,UBER,UIS,UPWK,V,VAC,VATE,VEEV,VENU,VERX,VIA,VRNS,VRSK,VRSN,VTEX,VYX,WAY,WBTN,WDAY,WEAV,WEX,WHF,WING,WIX,WK,WLDN,WLY,WRBY,WRLD,WU,WW,WYNN,XGN,XZO,YELP,YOU,Z,ZETA,ZH,ZIP,ZM,ZS",484,consensus,0.568992864723348
consensus_001,"ABM,ABT,ACEL,ACGL,ACI,ACIC,ACOG,ACT,ADT,ADUS,AFBI,AFG,AGO,AGX,AIG,AIZ,AJG,ALL,ALNY,ALTG,AMAN,AMPH,AMSF,ANDE,ANIP,AON,AORT,APURU,ARCB,ARKO,ARTNA,ASRT,ATEC,ATRC,AVO,AXS,AZO,BALL,BBCP,BCE,BCO,BDX,BF-B,BGS,BHF,BJ,BJRI,BLMN,BLUW,BOW,BRBR,BRC,BRK-B,BRO,BSX,BTI,BUD,BUDA,CABO,CAG,CAH,CAKE,CALM,CATO,CB,CBC,CCEP,CCRN,CDRE,CELH,CENTA,CHD,CHE,CHH,CHTR,CI,CINF,CLX,CMCSA,CMG,CNA,CNMD,CNO,COCO,COKE,COLL,CON,COO,COR,COSO,COST,CPB,CPK,CSV,CTAS,CTVA,CV,CVSA,CWST,CXW,CZR,DEO,DGX,DIBS,DIN,DLX,DNUT,DOLE,DOYU,DPZ,DRDB,DRI,DRVN,DXCM,DYNC,EA,EAT,EBAY,EEX,EG,EHC,EIG,ELF,ENOV,ENR,ENSG,EPC,ERIE,ESNT,ETD,ETSY,EXPD,FAF,FIGS,FIZZ,FLO,FNF,FNRN,FOXA,FRPH,FTW,FVR,FWONK,FWRD,GASS,GFL,GIII,GIS,GL,GLIBA,GMRS,GNW,GRBK,GRDN,GYRE,H,HCI,HELE,HG,HHH,HIFS,HIG,HMN,HNNA,HOFT,HOG,HRL,HRTG,HSIC,HUHU,HURC,ICUI,IMKTA,INFU,INGR,INVA,IPAR,IRTC,JBSS,JCAP,JJSF,KB,KDP,KEYYU,KHC,KINS,KLRA,KMB,KMPR,KNSL,KO,KR,KTB,KVUE,KZIA,L,LAUR,LBRDK,LE,LH,LIEN,LIN,LNN,LOCO,LSTR,LW,LWAY,MAR,MBAV,MBI,MBUU,MCD,MCFT,MCK,MCRI,MCY,MD,MDLZ,MED,MGPI,MKC,MKL,MNST,MO,MRLN,MRSH,MTG,MTN,NATL,NCTY,NGVC,NMIH,NNI,NOMD,NTIC,NUS,NWSA,NYT,OCCI,OFIX,OLLI,OMCL,OPCH,ORI,ORLY,OSG,OSW,OZ,PBH,PCB,PCRX,PEN,PEP,PFGC,PFSI,PGR,PHAR,PHI,PLGO,PLMR,PM,PNR,PNTG,PODC,PODD,POOL,POST,PPC,PPLI,PRAA,PRDO,PRGO,PRI,PRVA,PSO,RCI,RDN,RDNW,REGN,REYN,REZI,RGA,RGR,RLI,RNR,ROL,RRR,RSG,RXST,SAGU,SAM,SBFG,SBGI,SCI,SEB,SEM,SENEA,SFD,SFM,SGP,SHEN,SHG,SIBN,SIGI,SILA,SJM,SKWD,SKYH,SLDE,SMPL,SMTI,SPNT,SSTK,STC,STHO,STRA,STTK,STVN,STZ,SUZ,SWX,SYK,T,TAP,TBRG,THG,TLRY,TMUS,TOUR,TPB,TR,TRAD,TRC,TRV,TSN,TTEK,TU,TWFG,TWO,TXRH,UFPT,UHS,UL,UNF,UNFI,UNM,USPH,UTZ,UVE,UVV,VLTO,VMD,VOYA,VRCA,VZ,WCN,WEN,WH,WM,WMK,WMT,WRB,WTM,WTW,WYY,ZBH,ZTS",367,consensus,0.5724063071081663
consensus_002,"AAOI,AAON,ACLS,ACMR,ADEA,ADI,ADTN,ADUR,AEHR,AEIS,AEVA,AGCC,AIP,AIRG,AIV,AKAM,ALAB,ALGM,ALMU,ALNT,ALTO,AMAT,AMBA,AMBQ,AMD,AMKR,AMPX,ANET,AOSL,APH,APTV,ARM,ARRY,ARW,ASML,ASX,ATEN,ATEX,ATKR,ATOM,AVGO,AVT,AXTI,AYI,BBCQ,BDC,BELFB,BHE,BRUN,BTDR,BTSG,BWA,BWEN,BWMX,CABA,CALX,CAMT,CAT,CC,CDNL,CEVA,CGNX,CHCI,CHRN,CIEN,CIFR,CITR,CLS,CLSK,CMCO,CMI,CODA,COHR,COHU,CORZ,CPAC,CRDO,CRS,CRUS,CRWD,CRWV,CSCO,CSIQ,CSTM,CTOS,CTRI,CTS,CVGI,CYD,DAN,DDI,DELL,DGXX,DIOD,DOCN,DXPE,DY,ECG,ECOR,EGG,EH,ELA,ELVR,EME,ENPH,ENS,ENTG,ESI,ETN,EXTR,FEIM,FFIV,FGMC,FIVE,FIX,FLEX,FLR,FLS,FN,FORM,FPS,FRHC,FRVO,FSLR,FSLY,FTK,GEOS,GEV,GFS,GHM,GLW,GNRC,GSIT,GTX,HAFN,HIMX,HIVE,HLIO,HLIT,HSBC,HUBB,HUT,HWBK,HYNE,IBKR,ICHR,IESC,INDI,INTC,INTT,IPGP,IPWR,IRDM,IREN,IRM,JBL,JCI,JDZG,JLHL,KALU,KE,KEEL,KEYS,KGS,KLAC,KLIC,KN,KRO,KT,LASR,LBRT,LCII,LEGT,LFTO,LFUS,LGN,LITE,LPL,LRCX,LSCC,LTRX,LWLG,MCHP,MCRB,MEC,MEI,MGA,MHH,MIR,MKSI,MLP,MOD,MOG-A,MOS,MPWR,MRAM,MRVL,MT,MTRN,MTSI,MTZ,MU,MWH,MX,MXL,MYRG,NAKA,NATR,NBIS,NESR,NET,NEXA,NNNN,NOK,NOVT,NRGV,NTAP,NTCT,NTSK,NTWK,NUE,NVDA,NVEC,NVMI,NVT,NXPI,NXT,OCC,OLED,OLN,ON,ONTO,OPTX,ORA,ORN,OUST,P,PCT,PDFS,PENG,PI,PKX,PLAB,PLPC,PLXS,POET,POWI,POWL,PRIM,PRLB,PUK,PUMP,PURR,PVH,PWR,Q,QCOM,QQQ,QRVO,QUIK,RAL,RBC,RCMT,RFIL,RGC,RIOT,RIVN,RMBS,ROG,ROK,RRX,RUN,RYAM,SABS,SANM,SEI,SHAZ,SHLS,SHMD,SILC,SIMO,SITM,SKM,SMTC,SNDK,SNDX,SNX,SOLS,SPXC,ST,STLD,STM,STRL,STX,SWKS,SYNA,TAC,TE,TEL,TER,TGEN,TH,TLN,TPC,TPL,TROX,TSEM,TSM,TT,TTMI,TXN,UCTT,UMC,VBNK,VECO,VIAV,VICR,VIVO,VPG,VRT,VSH,WATT,WCC,WDC,WOLF,WRD,WTTR,WULF,XE",329,consensus,0.61970531572129
consensus_003,"ABEO,ABUS,ABVX,ACAD,ACET,AENT,AGIO,ALMS,AMLX,AMZN,ANAB,ANRO,APGE,AQST,ARDX,ARGX,ARMK,ARQT,ARTV,ARVN,ARWR,ASTC,ATRA,AURA,AVEX,AVIR,AVTX,AXSM,BBIO,BBNX,BBOT,BCAR,BCAX,BCRX,BCYC,BGC,BH,BHC,BHVN,BIOA,BNTX,BWAY,CACC,CADL,CAPR,CATX,CBIO,CBOE,CDLR,CELC,CEPT,CGEM,CGON,CHWY,CLDX,CLPR,CLPT,CME,COE,COGT,CRBP,CRMD,CRNX,CRVS,CSR,CSTL,CTNM,CVNA,CVRX,CYTK,DAO,DBCA,DFTX,DG,DLB,DMAC,DNLI,DNTH,DRUG,DSGN,DWSN,DYN,ELDN,ELVN,ENTA,EPRX,ETON,EVMN,EXEL,EYPT,EZPW,FC,FDMT,FDX,FHTX,FNLC,FOA,FORR,FULC,FWRG,GBLI,GLSI,GLUE,GMAB,GOOGL,GOOS,GPCR,HALO,HCHL,HRMY,IBRX,ICL,IDYA,IMMX,IMNM,IMTX,IMUX,IMVT,IMXI,INBX,INDV,INKT,INSM,IONS,IRD,IRON,IRWD,ISRG,IVA,JANX,JILL,KMDA,KMTS,KNSA,KOD,KRRO,KRYS,KURA,KYMR,KYTX,LBRX,LION,LXEO,MAZE,MCO,MDGL,MDLN,MDWD,MESO,MGNX,MGTX,MIRM,MKTX,MLAC,MLTX,MNKD,MNTS,MPLT,MRNA,NAGE,NAMS,NKE,NKTR,NRIX,NU,NVAX,NVO,NYAX,OCS,OCUL,ODD,OLMA,OMER,OPHC,ORIC,ORKA,OSUR,OTLY,OWLT,PARK,PBYI,PCVX,PERI,PGEN,PHAT,PHVS,PLAY,PLTK,PRAX,PRLD,PRME,PROF,PRTA,PSIG,PTCT,PXED,QURE,RAPP,RARE,RCEL,RCUS,RELY,RGNX,RIGL,RLMD,RNAC,ROIV,RVLV,RVMD,RYTM,SARO,SEPN,SFIX,SG,SGMT,SHAK,SI,SION,SLDB,SLS,SMG,SOGP,SOPH,SPRY,SRPT,SRRK,SRZN,STAA,STOK,STRO,SVRA,TALK,TARA,TARS,TDUP,TECX,TENX,TEVA,TIL,TKNO,TMDX,TNXP,TORO,TRDA,TRVI,TSCO,TSHA,TVTX,TW,TYRA,UPB,URGN,VHC,VIR,VIRT,VITL,VKTX,VLGEA,VNDA,VOR,VRDN,VRRM,VSTM,VYGR,WHWK,WSBK,WSHP,WVE,XENE,XERS,XMAX,XMTR,XNCR,XOMA,ZBIO,ZNTL,ZURA,ZVRA,ZYME",279,consensus,0.6049261232741254
consensus_004,"ABCB,AERO,AGM,ALLY,ALRS,AMAL,AMTB,AOMR,APT,ASB,ASIC,ATLC,ATLO,ATNI,AUB,AVBH,AX,AXP,BAC,BANC,BANF,BANR,BBT,BCML,BFH,BFST,BGSI,BHB,BHRB,BKU,BMO,BNS,BOH,BOKF,BPOP,BRBS,BSRR,BUSE,BWB,BY,CAC,CARE,CASH,CASS,CATY,CBAN,CBNK,CBSH,CBU,CCB,CCBG,CFBK,CFFN,CFG,CFR,CHCO,CLBK,CM,CNOB,COF,COLB,CPF,CPS,CRD-A,CTBI,CUBI,CVBF,CVCO,CWBC,DBD,DCOM,DECK,DGICA,DORM,EBC,EBMT,EFSC,EGBN,EMBJ,ENVA,EQBK,ERII,ESCA,ESQ,EWBC,FBK,FBNC,FBP,FCBC,FCCO,FCF,FCNCA,FDP,FFBC,FFIN,FG,FHB,FHN,FIBK,FISI,FITB,FLG,FMAO,FMBH,FMNB,FNB,FRME,FRST,FSBC,FSUN,FSV,FULT,FVCB,FXNC,GABC,GATX,GBCI,GBFH,GLOO,GO,GPGI,GSBC,GT,HAFC,HBAN,HBCP,HBNC,HBT,HCSG,HDSN,HFWA,HOMB,HOPE,HTB,HTH,HWC,IBCP,IBOC,IIIN,INBK,INDB,INNV,INSE,IRMD,ISTR,JAKK,JPM,JRVR,JXN,KEY,KG,KRNY,KROS,LCNB,LEGH,LKFN,LNC,LOB,LOVE,LTH,M,MATV,MATX,MBIN,MBWM,MCB,MCHB,MET,MFIN,MGRC,MITT,MNSB,MPB,MRBK,MSBI,MTB,MVBF,MYFW,NBBK,NBHC,NBN,NBTB,NECB,NEWT,NFBK,NIC,NKSH,NLOP,NP,NRC,NRIM,NTB,NWBI,OBK,OBT,OCFC,OFG,OMAB,OMF,ONB,OPBK,OPFI,OSBC,OVBC,OZK,PB,PCYO,PEBO,PFG,PFS,PGC,PLBC,PNC,PNFP,PRK,PRU,QCRH,RBCAA,RF,RLGT,RM,RNST,RRBI,RY,SBCF,SCL,SFBS,SFNC,SHBI,SMBC,SMBK,SMP,SNFCA,SRBK,SRCE,SSB,STBA,STEL,STRW,SWIM,SYBT,SYF,TBBK,TCBI,TCBK,TCBX,TD,TDS,TFC,TFIN,TFSL,TG,THFF,TMP,TOWN,TRMK,TRST,UBSI,UCB,ULH,UMBF,UNTY,USB,UVSP,VEL,VLY,WABC,WAFD,WAL,WASH,WBS,WD,WFC,WSBC,WSFS,WTBA,WTFC,ZION",278,consensus,0.6860540723342745
consensus_005,"AAP,ACDC,ADM,AESI,AEXA,AGRO,AIRJ,ALMR,ALOY,AMPG,AMPY,AMR,ANNA,APA,API,AR,ASIX,ATAT,AUNA,AVNS,AXR,BBBY,BCBP,BCSS,BG,BIDWU,BILI,BKV,BLBD,BLDR,BP,BRAI,BTE,BTU,BUUU,BZ,BZH,CCS,CDW,CE,CECO,CEPO,CF,CHRD,CHT,CINT,CLB,CLMB,CLMT,CNQ,CNR,CNX,CNXU,COP,CRC,CRGY,CUE,CURR,CVE,CVEO,CVI,CVX,DAC,DAR,DEC,DFH,DHI,DINO,DK,DLTH,DMRC,DOW,DVN,E,EC,EDU,EE,EFXT,EGY,ELMD,ELMT,ENB,EOG,EPM,EPSN,EQNR,EQT,ERAS,ESOA,ESP,EVAC,EWTX,FANG,FBRX,FBYD,FET,FINV,FLNC,FNWB,FNWD,FSI,FTI,GAP,GCGRU,GFR,GPRE,GPRK,GRNT,GTE,GWRS,HAL,HCC,HLX,HP,HPK,HRZN,HUM,HVII,IMO,IMPP,INVE,INVX,IPI,JFIN,JOYY,KBH,KC,KGEI,KNTK,KWY,LB,LCUT,LEN,LGIH,LINC,LMB,LNG,LNSR,LRN,LSBK,LUXE,LXU,LYB,MEOH,MG,MGM,MGY,MHO,MNSO,MPC,MSGE,MSI,MTDR,MTH,MUR,NBR,NCSM,NE,NEXT,NGS,NIO,NL,NOA,NOG,NOV,NTR,OBE,OKE,OKUR,OVV,OWLS,OXY,PARR,PBA,PBF,PBR,PBT,PDD,PDLB,PDS,PED,PHM,PHOE,PKE,PNRG,POCI,PR,PRE,PSX,PTEN,QTTB,RACE,RBKB,REPX,RES,RIG,RILY,RLYB,RRC,RTAC,SAIC,SAR,SBR,SCOR,SD,SDRL,SE,SGRY,SHEL,SJT,SLB,SLMT,SM,SMHI,SND,SOBO,SOHU,SONY,SOTK,SSAC,SSL,STRZ,SU,SUNC,TAL,TALO,TAYD,TCOM,TDW,TIGO,TIPT,TMHC,TNDM,TOL,TRGP,TS,TSQ,TTE,TTRX,UTI,VAL,VET,VG,VIST,VLO,VNCE,VNOM,WBI,WDS,WFRD,WHD,WLK,WTI,XOM,XPEV,XPRO,XYF,YPF,YUMC,ZIM,ZTO",261,consensus,0.5453138810438355
consensus_006,"AAL,AAUC,ABG,ACCO,AER,AHCO,AIN,ALGT,ALK,ALLE,AMBP,AMCR,AN,ANF,ANTX,APOG,ARHS,ASH,ATR,AVNT,AVY,AWI,AXTA,BA,BALY,BAX,BBWI,BBY,BCC,BEAG,BIRK,BKE,BMY,BOBS,BOOT,BURL,BWXT,CALY,CCK,CCL,CEG,CL,CLNN,COAG,COLM,CPA,CPIX,CRH,CRI,CRSR,CRT,CSL,CWEN,CXT,CZNC,DAL,DCH,DDS,DKS,DRS,DSGR,DVA,EBS,EGHA,EL,EPAC,EQPT,F,FBIN,FELE,FER,FINW,FMC,FND,FOXF,FSTR,FUL,GCBC,GCO,GD,GEF,GFF,GGG,GIC,GIL,GLRE,GPI,GPK,GRAL,GXO,HAS,HBB,HCA,HD,HII,HLF,HLMN,HLT,HNI,HON,HTZ,HVT,HWM,HXL,HZO,IBP,IFF,IMRX,INMD,IP,JBI,JBIO,JBLU,JBS,JBTM,JNJ,JOUT,KNF,KWR,LAD,LARK,LEG,LEVI,LGND,LHX,LKQ,LLYVK,LMT,LOW,LPX,LTM,LUV,LVO,LYV,LZB,MAGN,MAS,MAT,MATW,MBC,MHK,MIDD,MLKN,MLM,MLR,MMM,MNRO,MOV,MTC,MWA,MYE,NCLH,NOC,NRG,NUVL,NVS,NXDT,OC,OI,ONEW,OTTR,OUT,PAG,PATK,PCSC,PG,PKG,PKOH,PPG,PPIH,PSMT,PSNY,QGEN,RCL,RDY,RHLD,RJET,RMBI,ROCK,RPM,RPRX,RTX,RUSHA,RYAAY,SAFT,SAH,SBH,SBUX,SGI,SHW,SIG,SITE,SKY,SKYW,SLGN,SLVM,SMMT,SNWV,SON,SPB,SVV,SW,TAK,TGLS,TGT,THC,TILE,TM,TPR,TREX,TRS,TTAM,TXT,UAA,UAL,ULCC,URBN,VFC,VIK,VMC,VNT,VSNT,VST,VSTS,VTRS,VVV,WEST,WEYS,WF,WFG,WGO,WHG,WILC,WOR,WSE,WSM,WST,XRAY,XYL,YETI",240,consensus,0.48751325051506755
consensus_007,"AA,ABAT,ACHR,AEC,AGMB,AGPU,AIAI,AIRO,ALB,ALM,AMRC,AMSC,AP,APLD,ARQQ,ARXS,ASPI,ASPN,ASTI,ASTL,ASTS,ASYS,ATI,ATLX,AUR,BAND,BB,BBAI,BCS,BDSX,BE,BEKE,BETA,BHP,BKSY,BLDP,BORR,BTGO,BW,CAL,CBRS,CCJ,CDNS,CHPT,CLF,CLFD,CMP,CMTL,CPSH,CRML,CRNC,CVU,CXDO,DBI,DGII,DNN,DPRO,DUOT,EAF,ELVA,ENVX,EOSE,ERIC,ERO,EVC,FCEL,FCX,FLY,FTCI,FWDI,GDS,GILT,GLXY,GRRR,GSM,HASI,HBM,HCM,HNRG,HYLN,ICCC,IDR,IE,IMSR,INDP,INFQ,INGM,INSG,INV,IONQ,IPX,ISOU,ISSC,ITRN,IZEA,JKS,JOBY,KODK,KOPN,KULR,LAC,LAES,LAR,LCID,LEU,LIXT,LND,LOGI,LTBR,LUCK,LULU,LUMN,LUNR,LZM,MARA,MBLY,MDA,METC,MOB,MP,MPTI,MRCY,NB,NKLR,NNE,NTGR,NUAI,NUCL,NXE,ODTX,OII,OIS,OKLO,ONDS,ORCL,OSS,PDYN,PL,PLUG,PONY,PSIX,PUSA,QBTS,QS,QUBT,RBRK,RCAT,RDCM,RDW,RELL,RGTI,RIO,RKLB,RXT,SATL,SCCO,SEDG,SERV,SGML,SIDU,SIFY,SKIL,SKLZ,SKYT,SLI,SLSR,SMCI,SMR,SNPS,SPAI,SPIR,SSSS,SSYS,STEM,STRT,SXC,SYM,TECK,TGB,TKC,TMC,TMQ,TONX,TOYO,TSAT,TSSI,TTI,TUSK,TX,TYGO,UAMY,UEC,UI,UMAC,UROY,USAR,UUUU,VALE,VEON,VISN,VMET,VOYG,VRA,VSAT,VTVT,VUZI,VZLA,WS,WYFI,YMM,YSS",211,consensus,0.6293125705672855
consensus_008,"ABEV,ACA,ADNT,AFRI,AGCO,AIR,AIT,ALG,ALH,ALOT,ALSN,AME,AMRN,AMX,ANPA,AOS,APC,APG,ASR,ASTE,ATMU,AXIA,AZZ,BABA,BC,BLD,BMI,BOC,BOOM,BRKHU,BWLP,BXMT,CAAS,CARR,CBT,CCII,CENX,CING,CMC,CNH,CNM,CR,CSW,CW,CZFS,DAKT,DCI,DCO,DD,DE,DHC,DLR,DNOW,DOO,DOV,ECL,ECVT,EMN,ESAB,ESE,EXP,FERG,FF,FSS,GNTX,GPC,GRC,GTES,GVA,GWW,HAYW,HPE,HRI,HSAI,HUN,IEX,IMA,IR,ITT,ITW,JD,JYNT,KAI,KEX,KMT,KOF,KOP,KREF,KSS,LEA,LECO,LEGN,LI,LII,LXFR,MFC,MIND,MKTW,MLI,MPAA,MSA,MSM,MTUS,MTW,NDSN,NGVT,NMR,NOMA,NPO,NSSC,NUTX,OEC,ONIT,OPXS,OSK,OTIS,OXM,PAC,PAMT,PCAR,PH,PHIN,PLOW,PRM,PROV,PTGX,QXO,R,RACC,REA,RGCO,RLAY,RNGR,RS,RYZ,SBMT,SCVL,SEG,SEVN,SIF,SNA,SSD,SWK,SXI,TDY,TEX,TFII,THRM,TITN,TKR,TNC,TWI,UFPI,USLM,VC,VHI,VIV,VMI,VTMX,VTOL,VTS,WAB,WLFC,WMS,WNC,WSC,WSO,WTS,WWD,WY,XLO,YSWY,ZWS",173,consensus,0.538892325006865
consensus_009,"AAMI,ABX,ACU,AMG,AMP,APAM,APO,ARCC,ARDT,ARES,AVLN,BAM,BBDC,BCSF,BEN,BLK,BN,BNED,BNR,BNT,BNY,BSBR,BUR,BX,BXSL,C,CAAP,CBRE,CCAP,CG,CGBD,CGNT,CIA,CION,CLLS,CMBT,CMCM,CMDB,CNS,CNXN,CRBG,CSWC,CWK,EIKN,EMAT,ENIC,EQH,EVLV,EVR,FDUS,FGBI,FHI,FLWS,FOR,FSK,GAIN,GBDC,GCMG,GCT,GLAD,GRPN,GS,GSBD,HAWK,HLI,HLNE,HNST,HSHP,HTGC,ITIC,IVZ,JEF,JLL,KBDC,KKR,LAZ,LMND,LPLA,LYEL,MAIN,MC,MFIC,MLYS,MMI,MRX,MS,MSB,MSDL,MTLS,NCDL,NEU,NMFC,NMRK,NPB,NPKI,NRXP,NSIT,NTRS,OBDC,OCSL,OPY,OTF,OWL,PANL,PANW,PAX,PAYP,PFLT,PICS,PIPR,PJT,PNNT,PWP,REAL,RJF,RNW,ROAD,RPAY,RPC,RPT,RWAY,SCHW,SCSC,SEIC,SF,SLRC,SNEX,SONO,STEP,STT,TCPC,TCX,TDG,TIC,TPG,TPVG,TRIN,TROW,TRVG,TSLX,UBS,ULTA,VCTR,VIRC,VRTS,VSXY,VWAV,WT,WWW,XP,YEXT",151,consensus,0.5729306845084063
consensus_010,"A,AARD,ABSI,ACHV,ACR,ADPT,AFRM,AGEN,AIRS,ALAR,ALVO,ALX,ANDG,ARCT,ASST,ATAI,ATRO,AVAV,AVTR,AZTA,BEAM,BETR,BFLY,BIO,BKKT,BLLN,BLSH,BLZE,BMNR,BOF,BRKR,BULL,CAI,CDNA,CNNE,COIN,COLD,CORT,CPNG,CRCL,CRL,CRSP,CTEV,CTKB,DAVE,DBVT,DJT,DNA,EMPD,ENLT,ESLT,ESTA,ETOR,FJET,FNKO,FOCL,FRMI,FTRE,FUTU,GDOT,GEMI,GENB,GH,GHRS,GRAB,HIMS,HOOD,ICLR,ILMN,IMCR,IMDX,IMOS,INOD,IOVA,JMIA,KEN,KLAR,KNOP,KRMN,KTOS,KVHI,LAKE,LC,LFMD,LFST,LINE,LINK,LNZA,LPTH,MLGO,MNPR,MSTR,MTD,NBTX,NEO,NERV,NMAX,NOAH,NTLA,NTRA,NUVB,NVCR,PACK,PGY,PLSE,PSNL,PTON,QDEL,QTRX,RGEN,RVTY,RXRX,SATS,SBET,SDGR,SEZL,SHOO,SIRI,SMWB,SOFI,SOUN,SPHR,SQM,SQNS,STLA,TECH,TEM,TIGR,TLYS,TMO,TXG,UPST,VCYT,VELO,VVX,WAT,WGS,XNET,XPER,XXI",140,consensus,0.5380102781370236
consensus_011,"AAPG,AEG,AEM,AG,AGI,ALV,AMRZ,ARE,ARIS,ASM,ATHM,ATS,AU,AUGO,AYA,B,BAP,BARK,BBVA,BCH,BEPC,BHST,BIDU,BKR,BMM,BODI,BSAC,BTG,BVN,CAR,CBNA,CD,CDE,CDZI,CGAU,CMCL,CNL,CTGO,CX,DB,DC,DRD,EGO,ELE,EMR,EQX,EVI,EXK,EXOD,FIGR,FNV,FSM,FTAI,GE,GFI,GOLD,GRMN,HEI,HL,HMY,HSLV,HY,HYMC,IAG,IFS,IMMR,ING,JHX,KDK,KEP,KGC,KRNT,LOAR,LSAK,LYG,MAKO,MASS,MTA,MTRX,MUX,NEM,NEWP,NG,NTES,NWG,NWL,NX,OGC,ONC,OR,ORLA,OSIS,PAAS,PESI,PII,PPTA,PS,RGLD,RH,SA,SAN,SBS,SBSW,SCZM,SII,SKBL,SKE,SN,SSRM,SUNB,SVM,TFPM,TLK,TRT,TSLA,TTC,TWST,ULBI,UNIT,USAS,USAU,VLRS,VOXR,VSEC,WAVE,WKEY,WLTH,WNEB,WPM,XPEL,ZGN,ZLAB,ZUMZ",133,consensus,0.6404442918026643
consensus_012,"ABBV,ABR,ACTG,ADAG,ADSE,AGL,ALC,ALGN,ALHC,ALKS,AMGN,AMRX,AMT,ANGO,ARCL,AVBC,AVNW,AVR,AXGN,AZN,BCIC,BIIB,BLCO,BMRN,BNAI,BPRN,BV,BXC,CBLL,CCI,CCOI,CHRW,CIX,CLOV,CPRI,CRK,CSPI,CTRN,CVS,DHR,DIS,DQ,ELAN,ELPC,ELTX,ELV,EMBC,EXE,FMS,FPH,FRPT,FTDR,GEHC,GHC,GILD,GMED,GOGO,GSK,HAE,HCMA,HDB,HLN,HROW,HTHT,IACQU,IART,IBN,IDXX,INCY,INGN,ITGR,JAZZ,KIDS,KRT,LEE,LFVN,LIND,LLY,LMAT,LMNR,LODE,MANU,MDXG,MMSI,MOH,MRK,MRP,MZTI,NATH,NAVI,NEOG,NPCE,NVST,ODC,OSCR,PAHC,PBFS,PFE,PHG,QUAD,RBA,RGS,RMD,ROLR,RTO,RUM,SHC,SHIM,SNY,SPOK,STE,STI,SUPN,TBPH,TCMD,TISI,TLX,TOI,UBCP,UNH,UPBD,VABK,VALU,VCEL,VERA,VREX,VRTX,WSBF,XFOR",129,consensus,0.4290310081894069
consensus_013,"AAT,ADC,AHR,AKR,AMH,APLE,AVB,BATRK,BDN,BFS,BGSF,BKD,BLX,BNL,BRX,BXP,CBL,CDP,CHCT,CHEF,CLDT,CP,CPT,CTO,CTRE,CUBE,CURB,CUZ,CWCO,DEA,DEI,DOC,DRH,EGP,ELS,EPR,EPRT,EQR,ESRT,ESS,EXR,FCPT,FPI,FR,FRT,GLPI,GNL,GOOD,GTY,HIW,HPP,HR,HST,IIPR,ILPT,INN,INVH,IRT,IVT,JBGS,KIM,KRC,KRG,LAMR,LAND,LMRI,LNTH,LTC,LXP,MAA,MAC,MDV,MPT,MSLE,NHI,NHP,NNN,NSA,NTST,NXRT,O,OFLX,OHI,OLP,PDM,PEB,PECO,PINE,PK,PLD,PSA,PSTL,REFI,REG,REXR,RHP,RLJ,RMR,RYN,SAFE,SBRA,SHO,SITC,SKT,SLG,SMA,SNDA,SPG,STAG,TRNO,UDR,UE,UFCS,UHAL,UHT,UMH,VICI,VNO,VTR,WELL,WKC,WPC,XHR,XRN",124,consensus,0.6519800671804945
consensus_014,"AAPL,ACNT,AEE,AEP,AFL,AM,APD,AQN,AROC,ATO,AVA,AVAH,AWK,AWR,BCPC,BKH,CAMP,CASY,CLH,CLW,CMS,CNP,CWT,D,DAAQ,DLTR,DTE,DTM,DUK,ED,EIX,EMA,ES,ESPR,ETR,EVRG,EXC,FAST,FCRS,FE,FMX,FTS,GBX,GNE,HE,HSY,HTO,IDA,IHG,IOSP,KMI,KW,LASE,LNT,MASI,MCGA,MDU,MGEE,MSEX,MTX,MUSA,NEE,NFG,NGG,NI,NJR,NPK,NWE,NWN,OGE,OGS,PCG,PEG,PNW,POR,PPHC,PPL,PRA,PRMB,SBAC,SO,SR,SRE,SXT,SYY,TRN,TRP,TXNM,UGI,USFD,UTL,WEC,WMB,WSR,WTRG,XEL,YB,YORW,YUM",99,consensus,0.6202432484439147
consensus_015,"ACNB,ADV,AEBI,AESPU,AFCG,AKTS,ALCO,AMCI,ANIK,AOUT,APYX,AROW,AXG,BFC,BLTE,BMRC,BNTC,BSET,BVFL,BWFG,BWMN,CBK,CCNE,CHMG,CIVB,COOK,CRMT,ECBK,EFSI,EML,FBLA,FDBC,FUNC,HNVR,IONR,MBVI,MCAHU,MOBI,NGNE,NVCT,NWFL,NWPX,OBIO,ODYS,ORMP,ORRF,PEBK,PFBC,PFIS,RBB,RICK,SCLX,SFST,SGHT,SIGA,SLNG,SUMA,SUNS,TSBK,TWIN,USCB,USGO,WDFC",63,consensus,0.6725960041253737
consensus_016,"AACP,ACHC,AD,ASND,ASO,AUPH,BVS,CMT,CMTV,CYRX,DRTS,ECPG,EQIX,FATN,FCFS,FTLF,FTV,GKOS,GM,GME,HMC,INTG,KEQU,KMX,LFCR,MDT,META,MFG,MMED,MOMO,MUFG,NBIX,NHC,NN,NVTS,PACS,PMTS,PTHS,PVLA,QMCO,QSR,QTI,REPL,RZLT,SMFG,SNN,SOLV,SVCO,SYRE,TATT,TFX,TGTX,UTHR,UTMD,XOS",55,consensus,0.5479999992306586
consensus_017,"ACRE,ADAM,AFYA,AGNC,AHRT,ARI,ARR,BCAL,BIPC,BOTJ,BRSP,CIM,COFS,DX,EARN,EFC,FBRT,GOLF,HUBG,IVR,LADR,MFA,NLY,NREF,ORC,PDEX,PLUS,PMT,RITM,RWT,SBSI,TRTX",32,consensus,0.596491933732684
consensus_018,"ASC,CCIX,CMRE,DHT,ECO,FLNG,FRO,GLNG,GNK,GSL,INSW,LPG,NAT,NVGS,SB,SBLK,SFL,STNG,TEN,TK,TNK,TRMD",22,consensus,0.7496103884337785
consensus_019,"AES,BACC,CNTA,CPRX,CWAN,DBRG,ETSS,GBTG,GTLS,IHS,JHG,KALV,KORE,OGN,PECE,RAMP,SLAB,SVAC,TACO,VACI,XRPN",21,consensus,0.6561904756795792
consensus_020,"APP,AS,BKTI,CCU,CHYM,CPAY,FENC,FOUR,GPN,OPRT,PYPL,RBLX,ROKU,UP,WPP,XYZ",16,consensus,0.4705000010629495
consensus_021,"CVLG,HTLD,JBHT,KNX,MRTN,ODFL,RXO,SAIA,SNDR,UPS,WERN,XPO,ZSQR",13,consensus,0.6800000002750983
consensus_022,"CNI,CSX,NSC,OFRM,ROST,SUI,SWBI,TBBB,TJX,UNP",10,consensus,0.42311111357476977
consensus_023,"ACGC,EVOX,FXACU,PCAP,PLMK,QADR,RDAG,TVA",8,consensus,0.4807142897375992
consensus_024,"AIIR,GENC,MGRT,PAL,SAMG,STRS",6,consensus,0.4173333317041397
consensus_025,"FOSL,GSAT,LKFT,RL,RNA,VALN",6,consensus,0.3959999998410543
consensus_026,"BSVN,NCEW,SLGL,SZZL",4,consensus,0.57000000278155
consensus_027,"CEPV,ELLO,KBON,ROMA",4,consensus,0.4533333381017049
consensus_028,"CXIIU,FCAP,GIW,SMID",4,consensus,0.5433333466450373
consensus_029,"EDRY,REX,TRNS,UFI",4,consensus,0.3966666708389918
consensus_030,"KLRS,LOKV,NWAX,SELF",4,consensus,0.7199999888737997
consensus_031,"LYTS,MICC,SLF,STWD",4,consensus,0.39000000556310016
