trade_date,cluster_name,cluster_local_id,momentum_rank,momentum_score,primary_members,member_weights,size,overlap_size,coherence,breadth,volume_expansion,return_3d,return_10d,return_20d,relative_strength_10d,last_bar_return,lifecycle_id,lifecycle_age,previous_size,size_change,stage,previous_leader,rotation_event
2026-04-16 00:00:00-04:00,TECH/GENMERCH :: ACHV-AD-AEBI,0,1,1.3277660145977963,"['ACHV', 'AD', 'AEBI', 'AEHR', 'ALB', 'ALMS', 'API', 'ARCB', 'ARLO', 'ATAT', 'ATLX', 'AUDC', 'BABA', 'BCO', 'BGSI', 'BIDU', 'BILI', 'CARS', 'CDNA', 'CHRW', 'CVLG', 'DNUT', 'DXCM', 'ELTX', 'EXPD', 'FDX', 'FSBC', 'FWRD', 'GDS', 'GOLD', 'HCA', 'HIMS', 'HROW', 'HTLD', 'HUBG', 'IMOS', 'IRM', 'JACK', 'JBHT', 'JMIA', 'JOYY', 'KALU', 'KC', 'KNX', 'LAR', 'LION', 'LMNR', 'LOVE', 'LSTR', 'MATX', 'MRTN', 'MSGE', 'NATL', 'NIO', 'NN', 'NTES', 'NWL', 'ODFL', 'ON', 'ONTO', 'OPEN', 'OPLN', 'PDD', 'PLD', 'PPG', 'PPIH', 'PRM', 'PSO', 'R', 'RDCM', 'RDNT', 'RUM', 'RXO', 'SAIA', 'SEG', 'SGML', 'SLGL', 'SMMT', 'SNDR', 'SOHU', 'SQM', 'TAL', 'TDS', 'TFII', 'TME', 'ULCC', 'ULTA', 'UMC', 'URI', 'VITL', 'VNET', 'VSH', 'WB', 'WERN', 'WSHP', 'XPO', 'YALA', 'YMM', 'ZVRA']","{'ACHV': 1.0, 'AD': 1.0, 'AEBI': 1.0, 'AEHR': 1.0, 'ALB': 1.0, 'ALMS': 1.0, 'API': 1.0, 'ARCB': 1.0, 'ARLO': 1.0, 'ATAT': 1.0, 'ATLX': 1.0, 'AUDC': 1.0, 'BABA': 1.0, 'BCO': 1.0, 'BGSI': 1.0, 'BIDU': 1.0, 'BILI': 1.0, 'CARS': 1.0, 'CDNA': 1.0, 'CHRW': 1.0, 'CVLG': 1.0, 'DNUT': 1.0, 'DXCM': 1.0, 'ELTX': 1.0, 'EXPD': 1.0, 'FDX': 1.0, 'FSBC': 1.0, 'FWRD': 1.0, 'GDS': 1.0, 'GOLD': 1.0, 'HCA': 1.0, 'HIMS': 1.0, 'HROW': 1.0, 'HTLD': 1.0, 'HUBG': 1.0, 'IMOS': 1.0, 'IRM': 1.0, 'JACK': 1.0, 'JBHT': 1.0, 'JMIA': 1.0, 'JOYY': 1.0, 'KALU': 1.0, 'KC': 1.0, 'KNX': 1.0, 'LAR': 1.0, 'LION': 1.0, 'LMNR': 1.0, 'LOVE': 1.0, 'LSTR': 1.0, 'MATX': 1.0, 'MRTN': 1.0, 'MSGE': 1.0, 'NATL': 1.0, 'NIO': 1.0, 'NN': 1.0, 'NTES': 1.0, 'NWL': 1.0, 'ODFL': 1.0, 'ON': 1.0, 'ONTO': 1.0, 'OPEN': 1.0, 'OPLN': 1.0, 'PDD': 1.0, 'PLD': 1.0, 'PPG': 1.0, 'PPIH': 1.0, 'PRM': 1.0, 'PSO': 1.0, 'R': 1.0, 'RDCM': 1.0, 'RDNT': 1.0, 'RUM': 1.0, 'RXO': 1.0, 'SAIA': 1.0, 'SEG': 1.0, 'SGML': 1.0, 'SLGL': 1.0, 'SMMT': 1.0, 'SNDR': 1.0, 'SOHU': 1.0, 'SQM': 1.0, 'TAL': 1.0, 'TDS': 1.0, 'TFII': 1.0, 'TME': 1.0, 'ULCC': 1.0, 'ULTA': 1.0, 'UMC': 1.0, 'URI': 1.0, 'VITL': 1.0, 'VNET': 1.0, 'VSH': 1.0, 'WB': 1.0, 'WERN': 1.0, 'WSHP': 1.0, 'XPO': 1.0, 'YALA': 1.0, 'YMM': 1.0, 'ZVRA': 1.0}",99,99,0.4215621434649836,0.898989898989899,0.9877937724205432,0.080981397191604,0.1427861645459296,0.1582977848669785,0.0720117275430372,0.0552994394636071,L036,1,,0.0,Emergence,L030,True
2026-04-17 00:00:00-04:00,INDUSTRIAL/SEMIMFR :: ACHV-ACU-AEHR,0,1,1.1481269545368,"['ACHV', 'ACU', 'AEHR', 'AIRO', 'ALB', 'ALMS', 'AMD', 'AMPX', 'ARCB', 'ARLO', 'ASTS', 'ATAT', 'BABA', 'BAP', 'BCO', 'BETA', 'BGSI', 'BIDU', 'BKSY', 'CDNA', 'CHRW', 'CLH', 'CMP', 'CRUS', 'CSIQ', 'CVLG', 'DAC', 'DNUT', 'DXCM', 'EXPD', 'FDX', 'FEIM', 'FLY', 'FWRD', 'GDS', 'GOLD', 'GXO', 'HIMS', 'HROW', 'HTLD', 'HUBG', 'IMOS', 'IRM', 'JBHT', 'JMIA', 'JOYY', 'KALU', 'KC', 'KNX', 'LAR', 'LASE', 'LLYVK', 'LPTH', 'LSTR', 'LUNR', 'LYV', 'MLR', 'MRTN', 'MSGE', 'NIO', 'NN', 'NTES', 'NUCL', 'NVTS', 'NWL', 'ODFL', 'ON', 'ONTO', 'OPEN', 'PDD', 'PL', 'PLD', 'POET', 'PPG', 'PPIH', 'PSO', 'PTON', 'R', 'RCAT', 'RDNT', 'RDW', 'RKLB', 'RUM', 'RXO', 'SAIA', 'SATL', 'SCL', 'SGML', 'SHW', 'SIDU', 'SKIL', 'SMMT', 'SNDR', 'SPIR', 'SQM', 'TAL', 'TFII', 'TME', 'TOUR', 'UHAL', 'ULH', 'URI', 'VNET', 'VOYG', 'VSH', 'WERN', 'WSHP', 'XPO', 'YDES', 'YMM']","{'ACHV': 1.0, 'ACU': 1.0, 'AEHR': 1.0, 'AIRO': 1.0, 'ALB': 1.0, 'ALMS': 1.0, 'AMD': 1.0, 'AMPX': 1.0, 'ARCB': 1.0, 'ARLO': 1.0, 'ASTS': 1.0, 'ATAT': 1.0, 'BABA': 1.0, 'BAP': 1.0, 'BCO': 1.0, 'BETA': 1.0, 'BGSI': 1.0, 'BIDU': 1.0, 'BKSY': 1.0, 'CDNA': 1.0, 'CHRW': 1.0, 'CLH': 1.0, 'CMP': 1.0, 'CRUS': 1.0, 'CSIQ': 1.0, 'CVLG': 1.0, 'DAC': 1.0, 'DNUT': 1.0, 'DXCM': 1.0, 'EXPD': 1.0, 'FDX': 1.0, 'FEIM': 1.0, 'FLY': 1.0, 'FWRD': 1.0, 'GDS': 1.0, 'GOLD': 1.0, 'GXO': 1.0, 'HIMS': 1.0, 'HROW': 1.0, 'HTLD': 1.0, 'HUBG': 1.0, 'IMOS': 1.0, 'IRM': 1.0, 'JBHT': 1.0, 'JMIA': 1.0, 'JOYY': 1.0, 'KALU': 1.0, 'KC': 1.0, 'KNX': 1.0, 'LAR': 1.0, 'LASE': 1.0, 'LLYVK': 1.0, 'LPTH': 1.0, 'LSTR': 1.0, 'LUNR': 1.0, 'LYV': 1.0, 'MLR': 1.0, 'MRTN': 1.0, 'MSGE': 1.0, 'NIO': 1.0, 'NN': 1.0, 'NTES': 1.0, 'NUCL': 1.0, 'NVTS': 1.0, 'NWL': 1.0, 'ODFL': 1.0, 'ON': 1.0, 'ONTO': 1.0, 'OPEN': 1.0, 'PDD': 1.0, 'PL': 1.0, 'PLD': 1.0, 'POET': 1.0, 'PPG': 1.0, 'PPIH': 1.0, 'PSO': 1.0, 'PTON': 1.0, 'R': 1.0, 'RCAT': 1.0, 'RDNT': 1.0, 'RDW': 1.0, 'RKLB': 1.0, 'RUM': 1.0, 'RXO': 1.0, 'SAIA': 1.0, 'SATL': 1.0, 'SCL': 1.0, 'SGML': 1.0, 'SHW': 1.0, 'SIDU': 1.0, 'SKIL': 1.0, 'SMMT': 1.0, 'SNDR': 1.0, 'SPIR': 1.0, 'SQM': 1.0, 'TAL': 1.0, 'TFII': 1.0, 'TME': 1.0, 'TOUR': 1.0, 'UHAL': 1.0, 'ULH': 1.0, 'URI': 1.0, 'VNET': 1.0, 'VOYG': 1.0, 'VSH': 1.0, 'WERN': 1.0, 'WSHP': 1.0, 'XPO': 1.0, 'YDES': 1.0, 'YMM': 1.0}",110,110,0.3735289776923088,0.6545454545454545,0.6886433488919783,0.0812211881458633,0.1632812272313844,0.2272426461777522,0.0806899262207142,0.0043193870134716,L036,2,99.0,0.1111111111111111,Emergence,L036,False
2026-04-20 00:00:00-04:00,TECH/SEMIEQUIPSVCE :: ABX-ADTN-ALTO,0,1,2.066197525716004,"['ABX', 'ADTN', 'ALTO', 'ANAB', 'ARCO', 'ATAI', 'AVBP', 'BATRK', 'BB', 'BLD', 'BWAY', 'CADL', 'CATX', 'CDLR', 'CDZI', 'CING', 'CMPS', 'CODI', 'COYA', 'CZWI', 'DDI', 'DEA', 'DFTX', 'DGXX', 'DOYU', 'ECOR', 'EOSE', 'FBRX', 'FCFS', 'GFS', 'GHRS', 'GRVY', 'IBRX', 'INV', 'ISTR', 'KSPI', 'KYTX', 'LEGN', 'LMRI', 'MANU', 'MNSB', 'MRLN', 'MXL', 'NEXA', 'NKTR', 'NP', 'NRXP', 'NUAI', 'OWLS', 'POET', 'RELL', 'RMR', 'SBS', 'SGHC', 'SILA', 'STAA', 'STZ', 'TH', 'USAR', 'VBNK', 'VIR', 'VMET', 'VNCE', 'VWAV', 'WOLF', 'WSR', 'YSS']","{'ABX': 1.0, 'ADTN': 1.0, 'ALTO': 1.0, 'ANAB': 1.0, 'ARCO': 1.0, 'ATAI': 1.0, 'AVBP': 1.0, 'BATRK': 1.0, 'BB': 1.0, 'BLD': 1.0, 'BWAY': 1.0, 'CADL': 1.0, 'CATX': 1.0, 'CDLR': 1.0, 'CDZI': 1.0, 'CING': 1.0, 'CMPS': 1.0, 'CODI': 1.0, 'COYA': 1.0, 'CZWI': 1.0, 'DDI': 1.0, 'DEA': 1.0, 'DFTX': 1.0, 'DGXX': 1.0, 'DOYU': 1.0, 'ECOR': 1.0, 'EOSE': 1.0, 'FBRX': 1.0, 'FCFS': 1.0, 'GFS': 1.0, 'GHRS': 1.0, 'GRVY': 1.0, 'IBRX': 1.0, 'INV': 1.0, 'ISTR': 1.0, 'KSPI': 1.0, 'KYTX': 1.0, 'LEGN': 1.0, 'LMRI': 1.0, 'MANU': 1.0, 'MNSB': 1.0, 'MRLN': 1.0, 'MXL': 1.0, 'NEXA': 1.0, 'NKTR': 1.0, 'NP': 1.0, 'NRXP': 1.0, 'NUAI': 1.0, 'OWLS': 1.0, 'POET': 1.0, 'RELL': 1.0, 'RMR': 1.0, 'SBS': 1.0, 'SGHC': 1.0, 'SILA': 1.0, 'STAA': 1.0, 'STZ': 1.0, 'TH': 1.0, 'USAR': 1.0, 'VBNK': 1.0, 'VIR': 1.0, 'VMET': 1.0, 'VNCE': 1.0, 'VWAV': 1.0, 'WOLF': 1.0, 'WSR': 1.0, 'YSS': 1.0}",67,67,0.2370455010190093,0.8059701492537313,1.586900609269233,0.1090033551555653,0.2464173896573607,0.3198986659658411,0.1708030686328351,0.0799447287548557,L043,1,,0.0,Emergence,L036,True
2026-04-21 00:00:00-04:00,HEALTHCARE/HCARESUPPORT :: ACRE-ADAM-AGNC,0,1,1.319592450536338,"['ACRE', 'ADAM', 'AGNC', 'AIP', 'ALHC', 'ARI', 'ARR', 'ARWR', 'AVAV', 'AVO', 'BCBP', 'BNS', 'BRSP', 'BXMT', 'CDW', 'CI', 'CIM', 'CLOV', 'CNC', 'CTOS', 'CVS', 'DCBO', 'DDI', 'DELL', 'DGX', 'DHI', 'DNUT', 'DX', 'EFC', 'ELV', 'EPRX', 'EVLV', 'EXEL', 'FBRT', 'FCEL', 'FJET', 'FLXS', 'GRPN', 'HPE', 'HPQ', 'HUM', 'IVR', 'KFRC', 'KREF', 'KSS', 'LADR', 'LCID', 'LH', 'LTRX', 'METC', 'MFA', 'MITT', 'MLI', 'MOH', 'MSCI', 'MX', 'MXL', 'NL', 'NLY', 'NTAP', 'NTRS', 'NUE', 'NVTS', 'OCC', 'PBI', 'POET', 'POWI', 'RBB', 'RITM', 'ROG', 'RS', 'RWT', 'SCHL', 'STLD', 'STT', 'STWD', 'TRTX', 'TSSI', 'TWO', 'UNH', 'VELO', 'VMI']","{'ACRE': 1.0, 'ADAM': 1.0, 'AGNC': 1.0, 'AIP': 1.0, 'ALHC': 1.0, 'ARI': 1.0, 'ARR': 1.0, 'ARWR': 1.0, 'AVAV': 1.0, 'AVO': 1.0, 'BCBP': 1.0, 'BNS': 1.0, 'BRSP': 1.0, 'BXMT': 1.0, 'CDW': 1.0, 'CI': 1.0, 'CIM': 1.0, 'CLOV': 1.0, 'CNC': 1.0, 'CTOS': 1.0, 'CVS': 1.0, 'DCBO': 1.0, 'DDI': 1.0, 'DELL': 1.0, 'DGX': 1.0, 'DHI': 1.0, 'DNUT': 1.0, 'DX': 0.5285855221885528, 'EFC': 1.0, 'ELV': 1.0, 'EPRX': 1.0, 'EVLV': 1.0, 'EXEL': 1.0, 'FBRT': 1.0, 'FCEL': 1.0, 'FJET': 1.0, 'FLXS': 1.0, 'GRPN': 1.0, 'HPE': 1.0, 'HPQ': 1.0, 'HUM': 1.0, 'IVR': 1.0, 'KFRC': 1.0, 'KREF': 1.0, 'KSS': 1.0, 'LADR': 1.0, 'LCID': 1.0, 'LH': 1.0, 'LTRX': 1.0, 'METC': 1.0, 'MFA': 1.0, 'MITT': 1.0, 'MLI': 1.0, 'MOH': 1.0, 'MSCI': 1.0, 'MX': 1.0, 'MXL': 1.0, 'NL': 1.0, 'NLY': 1.0, 'NTAP': 1.0, 'NTRS': 1.0, 'NUE': 1.0, 'NVTS': 1.0, 'OCC': 1.0, 'PBI': 1.0, 'POET': 1.0, 'POWI': 1.0, 'RBB': 1.0, 'RITM': 1.0, 'ROG': 1.0, 'RS': 1.0, 'RWT': 1.0, 'SCHL': 1.0, 'STLD': 1.0, 'STT': 1.0, 'STWD': 1.0, 'TRTX': 1.0, 'TSSI': 1.0, 'TWO': 1.0, 'UNH': 1.0, 'VELO': 1.0, 'VMI': 1.0}",82,82,0.3648632880522537,0.6707317073170732,1.4790762472126104,0.0645513635695329,0.133564864110469,0.1618540242846116,0.0654885297082537,0.0355056783870523,L050,1,,0.0,Emergence,L043,True
2026-04-22 00:00:00-04:00,UTIL/ENERGYUTIL :: ADUR-AGL-AGPU,0,1,1.5070283147297396,"['ADUR', 'AGL', 'AGPU', 'AIP', 'AIRJ', 'AIRO', 'AMPX', 'AMRX', 'AMSC', 'AMTM', 'ANDG', 'ANGO', 'AP', 'ARRY', 'ASR', 'ASTS', 'ATAT', 'AVAV', 'BEPC', 'BETA', 'BKSY', 'BLDP', 'BSX', 'BW', 'CCJ', 'CEG', 'CEPT', 'CHA', 'CIVB', 'CLNN', 'CLPR', 'CMDB', 'CMTL', 'CSIQ', 'DNN', 'DNOW', 'DPRO', 'DQ', 'EAF', 'ENPH', 'FCEL', 'FEIM', 'FIGR', 'FJET', 'FLNC', 'FLY', 'FSLR', 'GECC', 'GEV', 'GME', 'GRRR', 'GSIT', 'GSM', 'HAFC', 'HASI', 'HCSG', 'HIMX', 'HSAI', 'ILPT', 'INBX', 'INFQ', 'IPWR', 'IRDM', 'IRON', 'ISOU', 'ISRG', 'ISSC', 'KOPN', 'KRMN', 'KTOS', 'KULR', 'LAC', 'LEU', 'LFMD', 'LODE', 'LPTH', 'LTRX', 'LUNR', 'LWLG', 'MAS', 'MAZE', 'MCO', 'MCRI', 'METC', 'MX', 'NB', 'NMAX', 'NPCE', 'NRG', 'NVTS', 'NXE', 'NXT', 'OFG', 'OMAB', 'ONDS', 'OSS', 'OUST', 'P', 'PAC', 'PDYN', 'PEN', 'PI', 'PL', 'PLPC', 'PM', 'POWI', 'PTLO', 'PVLA', 'QRVO', 'RCAT', 'RCI', 'RCUS', 'RDW', 'RUN', 'SATL', 'SEDG', 'SHLS', 'SIDU', 'SIRI', 'SLI', 'SPCE', 'SPIR', 'SRI', 'SWKS', 'TATT', 'TDY', 'TE', 'TFX', 'TMC', 'TONX', 'TORO', 'TYGO', 'UAMY', 'UEC', 'UI', 'UMAC', 'URGN', 'UROY', 'UUUU', 'VFS', 'VICR', 'VOYG', 'VSAT', 'VST', 'WOLF', 'WRBY', 'ZWS']","{'ADUR': 1.0, 'AGL': 1.0, 'AGPU': 1.0, 'AIP': 1.0, 'AIRJ': 1.0, 'AIRO': 1.0, 'AMPX': 1.0, 'AMRX': 1.0, 'AMSC': 1.0, 'AMTM': 1.0, 'ANDG': 1.0, 'ANGO': 1.0, 'AP': 1.0, 'ARRY': 1.0, 'ASR': 1.0, 'ASTS': 1.0, 'ATAT': 1.0, 'AVAV': 1.0, 'BEPC': 1.0, 'BETA': 1.0, 'BKSY': 1.0, 'BLDP': 1.0, 'BSX': 1.0, 'BW': 1.0, 'CCJ': 1.0, 'CEG': 1.0, 'CEPT': 1.0, 'CHA': 1.0, 'CIVB': 1.0, 'CLNN': 1.0, 'CLPR': 1.0, 'CMDB': 1.0, 'CMTL': 1.0, 'CSIQ': 1.0, 'DNN': 1.0, 'DNOW': 1.0, 'DPRO': 1.0, 'DQ': 1.0, 'EAF': 1.0, 'ENPH': 1.0, 'FCEL': 1.0, 'FEIM': 1.0, 'FIGR': 1.0, 'FJET': 1.0, 'FLNC': 1.0, 'FLY': 1.0, 'FSLR': 1.0, 'GECC': 1.0, 'GEV': 1.0, 'GME': 1.0, 'GRRR': 1.0, 'GSIT': 1.0, 'GSM': 1.0, 'HAFC': 1.0, 'HASI': 1.0, 'HCSG': 1.0, 'HIMX': 1.0, 'HSAI': 1.0, 'ILPT': 1.0, 'INBX': 1.0, 'INFQ': 1.0, 'IPWR': 1.0, 'IRDM': 1.0, 'IRON': 1.0, 'ISOU': 1.0, 'ISRG': 1.0, 'ISSC': 1.0, 'KOPN': 1.0, 'KRMN': 1.0, 'KTOS': 1.0, 'KULR': 1.0, 'LAC': 1.0, 'LEU': 1.0, 'LFMD': 1.0, 'LODE': 1.0, 'LPTH': 1.0, 'LTRX': 1.0, 'LUNR': 1.0, 'LWLG': 1.0, 'MAS': 1.0, 'MAZE': 1.0, 'MCO': 1.0, 'MCRI': 1.0, 'METC': 1.0, 'MX': 1.0, 'NB': 1.0, 'NMAX': 1.0, 'NPCE': 1.0, 'NRG': 1.0, 'NVTS': 1.0, 'NXE': 1.0, 'NXT': 1.0, 'OFG': 1.0, 'OMAB': 1.0, 'ONDS': 1.0, 'OSS': 1.0, 'OUST': 1.0, 'P': 1.0, 'PAC': 1.0, 'PDYN': 1.0, 'PEN': 1.0, 'PI': 1.0, 'PL': 1.0, 'PLPC': 1.0, 'PM': 1.0, 'POWI': 1.0, 'PTLO': 1.0, 'PVLA': 1.0, 'QRVO': 1.0, 'RCAT': 1.0, 'RCI': 1.0, 'RCUS': 1.0, 'RDW': 1.0, 'RUN': 1.0, 'SATL': 1.0, 'SEDG': 1.0, 'SHLS': 1.0, 'SIDU': 1.0, 'SIRI': 1.0, 'SLI': 1.0, 'SPCE': 1.0, 'SPIR': 1.0, 'SRI': 1.0, 'SWKS': 1.0, 'TATT': 1.0, 'TDY': 1.0, 'TE': 1.0, 'TFX': 1.0, 'TMC': 1.0, 'TONX': 1.0, 'TORO': 1.0, 'TYGO': 1.0, 'UAMY': 1.0, 'UEC': 1.0, 'UI': 1.0, 'UMAC': 1.0, 'URGN': 1.0, 'UROY': 1.0, 'UUUU': 1.0, 'VFS': 1.0, 'VICR': 1.0, 'VOYG': 1.0, 'VSAT': 1.0, 'VST': 1.0, 'WOLF': 1.0, 'WRBY': 1.0, 'ZWS': 1.0}",147,147,0.3138150603894825,0.8707482993197279,1.0958694271980316,0.0685439972670221,0.161033400676409,0.2179206976535845,0.1087607830007767,0.0665502245666649,L055,1,,0.0,Emergence,L050,True
2026-04-23 00:00:00-04:00,TECH/SEMIMFR :: ACB-ADI-ADTN,0,1,1.6599236329899043,"['ACB', 'ADI', 'ADTN', 'ALGM', 'ALMS', 'AMBP', 'AMX', 'ARMK', 'ASTI', 'ATR', 'AVNW', 'AZZ', 'BANR', 'BFH', 'BFS', 'BYD', 'CEVA', 'CHDN', 'CHE', 'CHTR', 'CI', 'CMCSA', 'CNC', 'CNI', 'CP', 'CPIX', 'CRUS', 'CSX', 'CURB', 'CVS', 'CVU', 'CX', 'DIOD', 'DOV', 'EQPT', 'EZPW', 'FCFS', 'FMX', 'FULC', 'GCMG', 'GRC', 'GSHD', 'HAS', 'HELE', 'HRI', 'HXL', 'IIPR', 'INDI', 'INSG', 'INTC', 'IP', 'KALU', 'KDP', 'KIDS', 'KN', 'KOF', 'LADR', 'LBRDK', 'LBTYK', 'LFVN', 'LYTS', 'MBLY', 'MCHP', 'MEI', 'MOH', 'MPWR', 'NDAQ', 'NEE', 'NOK', 'NSC', 'NXPI', 'NXT', 'ON', 'ORA', 'OSIS', 'PENN', 'PKG', 'PRLB', 'QS', 'QSR', 'RDY', 'RELL', 'ROG', 'ROL', 'RRR', 'SEIC', 'SHEN', 'SHG', 'SHMD', 'SIGI', 'SIMO', 'SITM', 'SMTC', 'SNY', 'STM', 'SUNB', 'SYNA', 'TECK', 'TFIN', 'THRM', 'TKO', 'TLRY', 'TRT', 'TXN', 'TZOO', 'UNIT', 'UNP', 'URI', 'VC', 'WCN', 'WSC', 'WST']","{'ACB': 1.0, 'ADI': 1.0, 'ADTN': 1.0, 'ALGM': 1.0, 'ALMS': 1.0, 'AMBP': 1.0, 'AMX': 1.0, 'ARMK': 1.0, 'ASTI': 1.0, 'ATR': 1.0, 'AVNW': 1.0, 'AZZ': 1.0, 'BANR': 1.0, 'BFH': 1.0, 'BFS': 1.0, 'BYD': 1.0, 'CEVA': 1.0, 'CHDN': 1.0, 'CHE': 1.0, 'CHTR': 1.0, 'CI': 1.0, 'CMCSA': 1.0, 'CNC': 1.0, 'CNI': 1.0, 'CP': 1.0, 'CPIX': 1.0, 'CRUS': 1.0, 'CSX': 1.0, 'CURB': 1.0, 'CVS': 1.0, 'CVU': 1.0, 'CX': 1.0, 'DIOD': 1.0, 'DOV': 1.0, 'EQPT': 1.0, 'EZPW': 1.0, 'FCFS': 1.0, 'FMX': 1.0, 'FULC': 1.0, 'GCMG': 1.0, 'GRC': 1.0, 'GSHD': 1.0, 'HAS': 1.0, 'HELE': 1.0, 'HRI': 1.0, 'HXL': 1.0, 'IIPR': 1.0, 'INDI': 1.0, 'INSG': 1.0, 'INTC': 1.0, 'IP': 1.0, 'KALU': 1.0, 'KDP': 1.0, 'KIDS': 1.0, 'KN': 1.0, 'KOF': 1.0, 'LADR': 1.0, 'LBRDK': 1.0, 'LBTYK': 1.0, 'LFVN': 1.0, 'LYTS': 1.0, 'MBLY': 1.0, 'MCHP': 1.0, 'MEI': 1.0, 'MOH': 1.0, 'MPWR': 1.0, 'NDAQ': 1.0, 'NEE': 1.0, 'NOK': 1.0, 'NSC': 1.0, 'NXPI': 1.0, 'NXT': 1.0, 'ON': 1.0, 'ORA': 1.0, 'OSIS': 1.0, 'PENN': 1.0, 'PKG': 1.0, 'PRLB': 1.0, 'QS': 1.0, 'QSR': 1.0, 'RDY': 1.0, 'RELL': 1.0, 'ROG': 1.0, 'ROL': 1.0, 'RRR': 1.0, 'SEIC': 1.0, 'SHEN': 1.0, 'SHG': 1.0, 'SHMD': 1.0, 'SIGI': 1.0, 'SIMO': 1.0, 'SITM': 1.0, 'SMTC': 1.0, 'SNY': 1.0, 'STM': 1.0, 'SUNB': 1.0, 'SYNA': 1.0, 'TECK': 1.0, 'TFIN': 1.0, 'THRM': 1.0, 'TKO': 1.0, 'TLRY': 1.0, 'TRT': 1.0, 'TXN': 1.0, 'TZOO': 1.0, 'UNIT': 1.0, 'UNP': 1.0, 'URI': 1.0, 'VC': 1.0, 'WCN': 1.0, 'WSC': 1.0, 'WST': 1.0}",112,112,0.3636813344200202,0.8392857142857143,3.7004373289127153,0.0478465303872753,0.113779998290181,0.1618020612558845,0.0717572475740029,0.0538648756664706,L058,1,,0.0,Emergence,L055,True
2026-04-24 00:00:00-04:00,TECH/SEMIEQUIPSVCE :: AAOI-ACMR-ADUS,0,1,1.7891235493065956,"['AAOI', 'ACMR', 'ADUS', 'AEIS', 'AIP', 'ALOT', 'AMAT', 'AMBA', 'AMD', 'AMKR', 'ANET', 'APH', 'APOG', 'APPF', 'ARM', 'ASML', 'ASX', 'ASYS', 'ATOM', 'BALY', 'BELFB', 'BHE', 'BKR', 'BMRC', 'BWMX', 'CAMT', 'CDNS', 'CEVA', 'CHE', 'CIEN', 'CLS', 'COHR', 'COHU', 'CSL', 'CVLG', 'DBD', 'DIOD', 'DLR', 'ELVR', 'ENTG', 'EW', 'FLEX', 'FN', 'FORM', 'FRST', 'GDS', 'GHC', 'GLW', 'GNE', 'GNTX', 'HIMS', 'HIMX', 'HOFT', 'HTLD', 'ICHR', 'INDI', 'INTC', 'INTT', 'IPGP', 'JBL', 'KEYS', 'KLAC', 'KLIC', 'LASR', 'LFUS', 'LITE', 'LRCX', 'LSCC', 'MATX', 'MKSI', 'MNSO', 'MOD', 'MSBI', 'MTSI', 'MU', 'MX', 'MXL', 'NDLS', 'NOAH', 'NRXS', 'NTHI', 'NVEC', 'NVMI', 'NVO', 'OGN', 'OLED', 'OPBK', 'PDFS', 'PENG', 'PFG', 'PG', 'PLAB', 'Q', 'QCOM', 'QQQ', 'QUIK', 'RFIL', 'RMBS', 'SANM', 'SAP', 'SEG', 'SIMO', 'SITM', 'SLF', 'SLM', 'SNDK', 'SNPS', 'STX', 'SXT', 'SYNA', 'TER', 'TSEM', 'TSM', 'TTMI', 'UCTT', 'UL', 'UVE', 'VIAV', 'VISN', 'VNET', 'WDC', 'WKC']","{'AAOI': 1.0, 'ACMR': 1.0, 'ADUS': 1.0, 'AEIS': 1.0, 'AIP': 1.0, 'ALOT': 1.0, 'AMAT': 1.0, 'AMBA': 1.0, 'AMD': 1.0, 'AMKR': 1.0, 'ANET': 1.0, 'APH': 1.0, 'APOG': 1.0, 'APPF': 1.0, 'ARM': 1.0, 'ASML': 1.0, 'ASX': 1.0, 'ASYS': 1.0, 'ATOM': 1.0, 'BALY': 1.0, 'BELFB': 1.0, 'BHE': 1.0, 'BKR': 1.0, 'BMRC': 1.0, 'BWMX': 1.0, 'CAMT': 1.0, 'CDNS': 1.0, 'CEVA': 1.0, 'CHE': 1.0, 'CIEN': 1.0, 'CLS': 1.0, 'COHR': 1.0, 'COHU': 1.0, 'CSL': 1.0, 'CVLG': 1.0, 'DBD': 1.0, 'DIOD': 1.0, 'DLR': 1.0, 'ELVR': 1.0, 'ENTG': 1.0, 'EW': 1.0, 'FLEX': 1.0, 'FN': 1.0, 'FORM': 1.0, 'FRST': 1.0, 'GDS': 1.0, 'GHC': 1.0, 'GLW': 1.0, 'GNE': 1.0, 'GNTX': 1.0, 'HIMS': 1.0, 'HIMX': 1.0, 'HOFT': 1.0, 'HTLD': 1.0, 'ICHR': 1.0, 'INDI': 1.0, 'INTC': 1.0, 'INTT': 1.0, 'IPGP': 1.0, 'JBL': 1.0, 'KEYS': 1.0, 'KLAC': 1.0, 'KLIC': 1.0, 'LASR': 1.0, 'LFUS': 1.0, 'LITE': 1.0, 'LRCX': 1.0, 'LSCC': 1.0, 'MATX': 1.0, 'MKSI': 1.0, 'MNSO': 1.0, 'MOD': 1.0, 'MSBI': 1.0, 'MTSI': 1.0, 'MU': 1.0, 'MX': 1.0, 'MXL': 1.0, 'NDLS': 1.0, 'NOAH': 1.0, 'NRXS': 1.0, 'NTHI': 1.0, 'NVEC': 1.0, 'NVMI': 1.0, 'NVO': 1.0, 'OGN': 1.0, 'OLED': 1.0, 'OPBK': 1.0, 'PDFS': 1.0, 'PENG': 1.0, 'PFG': 1.0, 'PG': 1.0, 'PLAB': 1.0, 'Q': 1.0, 'QCOM': 1.0, 'QQQ': 1.0, 'QUIK': 1.0, 'RFIL': 1.0, 'RMBS': 1.0, 'SANM': 1.0, 'SAP': 1.0, 'SEG': 1.0, 'SIMO': 1.0, 'SITM': 1.0, 'SLF': 1.0, 'SLM': 1.0, 'SNDK': 1.0, 'SNPS': 1.0, 'STX': 1.0, 'SXT': 1.0, 'SYNA': 1.0, 'TER': 1.0, 'TSEM': 1.0, 'TSM': 1.0, 'TTMI': 1.0, 'UCTT': 1.0, 'UL': 1.0, 'UVE': 1.0, 'VIAV': 1.0, 'VISN': 1.0, 'VNET': 1.0, 'WDC': 1.0, 'WKC': 1.0}",122,122,0.3313449939999535,0.9262295081967212,1.5237047006031934,0.0759132851879722,0.1601272948632215,0.300559502918024,0.1091366977485148,0.0642092572644427,L047,5,107.0,0.1401869158878504,Expansion,L058,True
2026-04-27 00:00:00-04:00,TECH/SEMIMFR :: AAOI-ACLS-ADTN,0,1,1.1926140694812115,"['AAOI', 'ACLS', 'ADTN', 'ADUS', 'AEIS', 'AIP', 'ALAB', 'AMAT', 'AMBA', 'AMBQ', 'AMD', 'AMKR', 'ANET', 'APH', 'APOG', 'APPF', 'ARM', 'ARMP', 'ASML', 'ASTC', 'ASX', 'ASYS', 'ATOM', 'BALY', 'BELFB', 'BKR', 'BMRC', 'BWMX', 'CAMP', 'CAMT', 'CASS', 'CASY', 'CDNS', 'CEG', 'CEVA', 'CHE', 'CIEN', 'CLMB', 'CLS', 'COHR', 'COHU', 'CSL', 'CV', 'CVLG', 'DBD', 'DIOD', 'DLR', 'DPZ', 'ELVR', 'ENTG', 'EQIX', 'EW', 'FAF', 'FIGS', 'FLEX', 'FN', 'FORM', 'FRBA', 'GCT', 'GDS', 'GLW', 'GNTX', 'GYRE', 'HCM', 'HIMS', 'HIMX', 'HOFT', 'HTLD', 'ICHR', 'INDI', 'INTC', 'IPGP', 'JBL', 'JBSS', 'KEYS', 'KLAC', 'KLIC', 'LASE', 'LASR', 'LFUS', 'LITE', 'LPTH', 'LRCX', 'LSCC', 'LUXE', 'MKSI', 'MNSO', 'MOD', 'MPWR', 'MRVL', 'MSBI', 'MTSI', 'MU', 'MX', 'MXL', 'NOAH', 'NRG', 'NRXS', 'NTHI', 'NVDA', 'NVEC', 'NVMI', 'NVO', 'OCC', 'OGN', 'OLED', 'OPBK', 'OPTX', 'PCYO', 'PDFS', 'PENG', 'PFG', 'PG', 'PLAB', 'PLXS', 'POET', 'PVLA', 'Q', 'QCOM', 'QQQ', 'QTTB', 'RFIL', 'RMBS', 'SANM', 'SAP', 'SEG', 'SIMO', 'SITM', 'SLF', 'SLM', 'SMPL', 'SMTC', 'SNDK', 'SNPS', 'SNX', 'SOLS', 'STX', 'SVCO', 'SXT', 'SYNA', 'TER', 'TLN', 'TLX', 'TSEM', 'TSM', 'TTMI', 'UCTT', 'UI', 'UL', 'ULTA', 'USNA', 'UVE', 'VECO', 'VELO', 'VIAV', 'VINP', 'VRT', 'VST', 'WDC', 'WKC', 'WLDN']","{'AAOI': 1.0, 'ACLS': 1.0, 'ADTN': 1.0, 'ADUS': 1.0, 'AEIS': 1.0, 'AIP': 1.0, 'ALAB': 1.0, 'AMAT': 1.0, 'AMBA': 1.0, 'AMBQ': 1.0, 'AMD': 1.0, 'AMKR': 1.0, 'ANET': 1.0, 'APH': 1.0, 'APOG': 1.0, 'APPF': 1.0, 'ARM': 1.0, 'ARMP': 1.0, 'ASML': 1.0, 'ASTC': 1.0, 'ASX': 1.0, 'ASYS': 1.0, 'ATOM': 1.0, 'BALY': 1.0, 'BELFB': 1.0, 'BKR': 1.0, 'BMRC': 1.0, 'BWMX': 1.0, 'CAMP': 1.0, 'CAMT': 1.0, 'CASS': 1.0, 'CASY': 1.0, 'CDNS': 1.0, 'CEG': 1.0, 'CEVA': 1.0, 'CHE': 1.0, 'CIEN': 1.0, 'CLMB': 1.0, 'CLS': 1.0, 'COHR': 1.0, 'COHU': 1.0, 'CSL': 1.0, 'CV': 1.0, 'CVLG': 1.0, 'DBD': 1.0, 'DIOD': 1.0, 'DLR': 1.0, 'DPZ': 1.0, 'ELVR': 1.0, 'ENTG': 1.0, 'EQIX': 1.0, 'EW': 1.0, 'FAF': 1.0, 'FIGS': 1.0, 'FLEX': 1.0, 'FN': 1.0, 'FORM': 1.0, 'FRBA': 1.0, 'GCT': 1.0, 'GDS': 1.0, 'GLW': 1.0, 'GNTX': 1.0, 'GYRE': 1.0, 'HCM': 1.0, 'HIMS': 1.0, 'HIMX': 1.0, 'HOFT': 1.0, 'HTLD': 1.0, 'ICHR': 1.0, 'INDI': 1.0, 'INTC': 1.0, 'IPGP': 1.0, 'JBL': 1.0, 'JBSS': 1.0, 'KEYS': 1.0, 'KLAC': 1.0, 'KLIC': 1.0, 'LASE': 1.0, 'LASR': 1.0, 'LFUS': 1.0, 'LITE': 1.0, 'LPTH': 1.0, 'LRCX': 1.0, 'LSCC': 1.0, 'LUXE': 1.0, 'MKSI': 1.0, 'MNSO': 1.0, 'MOD': 1.0, 'MPWR': 1.0, 'MRVL': 1.0, 'MSBI': 1.0, 'MTSI': 1.0, 'MU': 1.0, 'MX': 1.0, 'MXL': 1.0, 'NOAH': 1.0, 'NRG': 1.0, 'NRXS': 1.0, 'NTHI': 1.0, 'NVDA': 1.0, 'NVEC': 1.0, 'NVMI': 1.0, 'NVO': 1.0, 'OCC': 1.0, 'OGN': 1.0, 'OLED': 1.0, 'OPBK': 1.0, 'OPTX': 1.0, 'PCYO': 1.0, 'PDFS': 1.0, 'PENG': 1.0, 'PFG': 1.0, 'PG': 1.0, 'PLAB': 1.0, 'PLXS': 1.0, 'POET': 1.0, 'PVLA': 1.0, 'Q': 1.0, 'QCOM': 1.0, 'QQQ': 1.0, 'QTTB': 1.0, 'RFIL': 1.0, 'RMBS': 1.0, 'SANM': 1.0, 'SAP': 1.0, 'SEG': 1.0, 'SIMO': 1.0, 'SITM': 1.0, 'SLF': 1.0, 'SLM': 1.0, 'SMPL': 1.0, 'SMTC': 1.0, 'SNDK': 1.0, 'SNPS': 1.0, 'SNX': 1.0, 'SOLS': 1.0, 'STX': 1.0, 'SVCO': 1.0, 'SXT': 1.0, 'SYNA': 1.0, 'TER': 1.0, 'TLN': 1.0, 'TLX': 1.0, 'TSEM': 1.0, 'TSM': 1.0, 'TTMI': 1.0, 'UCTT': 1.0, 'UI': 1.0, 'UL': 1.0, 'ULTA': 1.0, 'USNA': 1.0, 'UVE': 1.0, 'VECO': 1.0, 'VELO': 1.0, 'VIAV': 1.0, 'VINP': 1.0, 'VRT': 1.0, 'VST': 1.0, 'WDC': 1.0, 'WKC': 1.0, 'WLDN': 1.0}",161,161,0.27029140741089,0.2732919254658385,0.4715598534361668,0.0279362111726592,0.1009549796663716,0.2778115464539251,0.0584629417019908,-0.0241118875418827,L047,6,122.0,0.319672131147541,Expansion,L047,False
2026-04-29 00:00:00-04:00,TECH/COMPUTER :: ADP-AIN-AN,0,1,1.7850690400854372,"['ADP', 'AIN', 'AN', 'APH', 'ARW', 'ATHM', 'AVT', 'BE', 'BEKE', 'BIIB', 'BWMN', 'CDLR', 'CEPT', 'CHEF', 'CNC', 'COCO', 'CSTM', 'CTO', 'CTS', 'DSGN', 'EAT', 'EBMT', 'ESI', 'ETSY', 'EXE', 'EXTR', 'FCN', 'FFIV', 'FSS', 'FVRR', 'GD', 'GNRC', 'GPI', 'HII', 'HNRG', 'HTHT', 'ICLR', 'IEX', 'INCY', 'IONS', 'KALV', 'KNF', 'LAD', 'LII', 'LSTR', 'LUXE', 'LXFR', 'MA', 'MAT', 'MDLZ', 'MESO', 'MLM', 'MU', 'NAVI', 'NEO', 'NIO', 'NSP', 'NTB', 'NXPI', 'OPFI', 'ORN', 'PAG', 'PLUG', 'PRCH', 'PRG', 'PSN', 'RDN', 'RGR', 'RSI', 'SAH', 'SBUX', 'SDHC', 'SIMO', 'SLDE', 'SLGN', 'SNDK', 'SRI', 'STX', 'SWBI', 'TEO', 'TEVA', 'TMUS', 'TRTX', 'TWO', 'UBS', 'UMC', 'UNM', 'V', 'VLTO', 'VMC', 'VRNS', 'VRSK', 'VVX', 'WBD', 'WDC', 'WERN', 'YUM', 'YUMC']","{'ADP': 1.0, 'AIN': 1.0, 'AN': 1.0, 'APH': 1.0, 'ARW': 1.0, 'ATHM': 1.0, 'AVT': 1.0, 'BE': 1.0, 'BEKE': 1.0, 'BIIB': 1.0, 'BWMN': 1.0, 'CDLR': 1.0, 'CEPT': 1.0, 'CHEF': 1.0, 'CNC': 1.0, 'COCO': 1.0, 'CSTM': 1.0, 'CTO': 1.0, 'CTS': 1.0, 'DSGN': 1.0, 'EAT': 1.0, 'EBMT': 1.0, 'ESI': 1.0, 'ETSY': 1.0, 'EXE': 1.0, 'EXTR': 1.0, 'FCN': 1.0, 'FFIV': 1.0, 'FSS': 1.0, 'FVRR': 1.0, 'GD': 1.0, 'GNRC': 1.0, 'GPI': 1.0, 'HII': 1.0, 'HNRG': 1.0, 'HTHT': 1.0, 'ICLR': 1.0, 'IEX': 1.0, 'INCY': 1.0, 'IONS': 1.0, 'KALV': 1.0, 'KNF': 1.0, 'LAD': 1.0, 'LII': 1.0, 'LSTR': 1.0, 'LUXE': 1.0, 'LXFR': 1.0, 'MA': 1.0, 'MAT': 1.0, 'MDLZ': 1.0, 'MESO': 1.0, 'MLM': 1.0, 'MU': 1.0, 'NAVI': 1.0, 'NEO': 1.0, 'NIO': 1.0, 'NSP': 1.0, 'NTB': 1.0, 'NXPI': 1.0, 'OPFI': 1.0, 'ORN': 1.0, 'PAG': 1.0, 'PLUG': 1.0, 'PRCH': 1.0, 'PRG': 1.0, 'PSN': 1.0, 'RDN': 1.0, 'RGR': 1.0, 'RSI': 1.0, 'SAH': 1.0, 'SBUX': 1.0, 'SDHC': 1.0, 'SIMO': 1.0, 'SLDE': 1.0, 'SLGN': 1.0, 'SNDK': 1.0, 'SRI': 1.0, 'STX': 1.0, 'SWBI': 1.0, 'TEO': 1.0, 'TEVA': 1.0, 'TMUS': 1.0, 'TRTX': 1.0, 'TWO': 1.0, 'UBS': 1.0, 'UMC': 1.0, 'UNM': 1.0, 'V': 1.0, 'VLTO': 1.0, 'VMC': 1.0, 'VRNS': 1.0, 'VRSK': 1.0, 'VVX': 1.0, 'WBD': 1.0, 'WDC': 1.0, 'WERN': 1.0, 'YUM': 1.0, 'YUMC': 1.0}",98,98,0.3712026297824722,0.8673469387755102,3.461505744187935,0.0651587769124646,0.0848406308861804,0.1707659347002483,0.0680653825667535,0.0665763678657694,L070,1,,0.0,Emergence,L015,True
2026-05-01 00:00:00-04:00,TECH/PERSONALCAREPRODUCT :: AAPL-ACCO-ACOG,0,1,1.300238505473246,"['AAPL', 'ACCO', 'ACOG', 'AEYE', 'AIG', 'AIRS', 'ALOY', 'AMG', 'ANIK', 'APLE', 'ATR', 'BBCQ', 'BELFB', 'BOOM', 'BTSG', 'CBOE', 'CCOI', 'CL', 'CLDT', 'CORT', 'CRNC', 'CUE', 'CVEO', 'CWST', 'CXDO', 'DHX', 'DOC', 'DOCN', 'DRH', 'DSP', 'EHC', 'EL', 'EMN', 'ESPR', 'ETON', 'FEIM', 'FIVN', 'FROG', 'FSLY', 'GPCR', 'HR', 'HST', 'HUN', 'IMMR', 'INN', 'KWR', 'LIN', 'MGNI', 'MLYS', 'MRK', 'MTX', 'NEWT', 'NEXN', 'NICE', 'NL', 'NUTX', 'NVT', 'NWL', 'ODD', 'OLED', 'PCRX', 'PEB', 'PHIN', 'PK', 'PLXS', 'PSKY', 'PSO', 'QUAD', 'RDDT', 'RHP', 'RILY', 'RLJ', 'RMNI', 'RMR', 'RNG', 'SATL', 'SHO', 'SNDR', 'SOUN', 'TEAM', 'TRN', 'TRUP', 'TWLO', 'TWO', 'UNFI', 'UPWK', 'VEEV', 'VRA', 'WEAV', 'XHR']","{'AAPL': 1.0, 'ACCO': 1.0, 'ACOG': 1.0, 'AEYE': 1.0, 'AIG': 1.0, 'AIRS': 1.0, 'ALOY': 1.0, 'AMG': 1.0, 'ANIK': 1.0, 'APLE': 1.0, 'ATR': 1.0, 'BBCQ': 1.0, 'BELFB': 1.0, 'BOOM': 1.0, 'BTSG': 1.0, 'CBOE': 1.0, 'CCOI': 1.0, 'CL': 1.0, 'CLDT': 1.0, 'CORT': 1.0, 'CRNC': 1.0, 'CUE': 1.0, 'CVEO': 1.0, 'CWST': 1.0, 'CXDO': 1.0, 'DHX': 1.0, 'DOC': 1.0, 'DOCN': 1.0, 'DRH': 1.0, 'DSP': 1.0, 'EHC': 1.0, 'EL': 1.0, 'EMN': 1.0, 'ESPR': 1.0, 'ETON': 1.0, 'FEIM': 1.0, 'FIVN': 1.0, 'FROG': 1.0, 'FSLY': 1.0, 'GPCR': 1.0, 'HR': 1.0, 'HST': 1.0, 'HUN': 1.0, 'IMMR': 1.0, 'INN': 1.0, 'KWR': 1.0, 'LIN': 1.0, 'MGNI': 1.0, 'MLYS': 1.0, 'MRK': 1.0, 'MTX': 1.0, 'NEWT': 1.0, 'NEXN': 1.0, 'NICE': 1.0, 'NL': 1.0, 'NUTX': 1.0, 'NVT': 1.0, 'NWL': 1.0, 'ODD': 1.0, 'OLED': 1.0, 'PCRX': 1.0, 'PEB': 1.0, 'PHIN': 1.0, 'PK': 1.0, 'PLXS': 1.0, 'PSKY': 1.0, 'PSO': 1.0, 'QUAD': 1.0, 'RDDT': 1.0, 'RHP': 1.0, 'RILY': 1.0, 'RLJ': 1.0, 'RMNI': 1.0, 'RMR': 1.0, 'RNG': 1.0, 'SATL': 1.0, 'SHO': 1.0, 'SNDR': 1.0, 'SOUN': 1.0, 'TEAM': 1.0, 'TRN': 1.0, 'TRUP': 1.0, 'TWLO': 1.0, 'TWO': 1.0, 'UNFI': 1.0, 'UPWK': 1.0, 'VEEV': 1.0, 'VRA': 1.0, 'WEAV': 1.0, 'XHR': 1.0}",90,90,0.3386782879161797,0.9333333333333332,1.915299645496105,0.0933404849745552,0.0732772568949364,0.1720632417938288,0.0583205703239002,0.0903718802493143,L075,1,,0.0,Emergence,L065,True
2026-05-04 00:00:00-04:00,NONCYCLICAL/GENMERCH :: API-ARDX-ASRT,0,1,1.5142337986685477,"['API', 'ARDX', 'ASRT', 'AURA', 'AXSM', 'BB', 'BBAR', 'BMA', 'BRBR', 'CABA', 'CADL', 'CELC', 'CEPU', 'CGEM', 'CLNN', 'CMBT', 'CRCL', 'CRESY', 'CRMT', 'CRNC', 'CXDO', 'DAC', 'DHT', 'EBAY', 'ECO', 'EDN', 'FLNG', 'FRHC', 'FRO', 'FSTR', 'GBTG', 'GGAL', 'GNK', 'GSL', 'HAFN', 'HSHP', 'HVT', 'INSM', 'INSW', 'IOVA', 'IRS', 'IVA', 'KBR', 'KYIV', 'LOGI', 'LOMA', 'LONA', 'LPG', 'MDV', 'MGNX', 'MIRM', 'MRDN', 'NAT', 'NBIS', 'NICE', 'NKSH', 'NVGS', 'PAM', 'PANL', 'RAPP', 'REAL', 'RGR', 'RLYB', 'SB', 'SBLK', 'SFL', 'SGC', 'SHIP', 'STNG', 'SUPV', 'TARA', 'TBCH', 'TEN', 'TFSL', 'TGS', 'TGTX', 'TK', 'TNK', 'TRMD', 'VATE', 'VLRS', 'VNDA']","{'API': 1.0, 'ARDX': 1.0, 'ASRT': 1.0, 'AURA': 1.0, 'AXSM': 1.0, 'BB': 1.0, 'BBAR': 1.0, 'BMA': 1.0, 'BRBR': 1.0, 'CABA': 1.0, 'CADL': 1.0, 'CELC': 1.0, 'CEPU': 1.0, 'CGEM': 1.0, 'CLNN': 1.0, 'CMBT': 1.0, 'CRCL': 1.0, 'CRESY': 1.0, 'CRMT': 1.0, 'CRNC': 1.0, 'CXDO': 1.0, 'DAC': 1.0, 'DHT': 1.0, 'EBAY': 1.0, 'ECO': 1.0, 'EDN': 1.0, 'FLNG': 1.0, 'FRHC': 1.0, 'FRO': 1.0, 'FSTR': 1.0, 'GBTG': 1.0, 'GGAL': 1.0, 'GNK': 1.0, 'GSL': 1.0, 'HAFN': 1.0, 'HSHP': 1.0, 'HVT': 1.0, 'INSM': 1.0, 'INSW': 1.0, 'IOVA': 1.0, 'IRS': 1.0, 'IVA': 1.0, 'KBR': 1.0, 'KYIV': 1.0, 'LOGI': 1.0, 'LOMA': 1.0, 'LONA': 1.0, 'LPG': 1.0, 'MDV': 1.0, 'MGNX': 1.0, 'MIRM': 1.0, 'MRDN': 1.0, 'NAT': 1.0, 'NBIS': 1.0, 'NICE': 1.0, 'NKSH': 1.0, 'NVGS': 1.0, 'PAM': 1.0, 'PANL': 1.0, 'RAPP': 1.0, 'REAL': 1.0, 'RGR': 1.0, 'RLYB': 1.0, 'SB': 1.0, 'SBLK': 1.0, 'SFL': 1.0, 'SGC': 1.0, 'SHIP': 1.0, 'STNG': 1.0, 'SUPV': 1.0, 'TARA': 1.0, 'TBCH': 1.0, 'TEN': 1.0, 'TFSL': 1.0, 'TGS': 1.0, 'TGTX': 1.0, 'TK': 1.0, 'TNK': 1.0, 'TRMD': 1.0, 'VATE': 1.0, 'VLRS': 1.0, 'VNDA': 1.0}",82,82,0.217910754960393,0.8048780487804879,4.542066834912936,0.0850559239479819,0.0505704894910033,0.1073103320392052,0.0373347942638958,0.0601980178221548,L018,18,32.0,1.5625,Expansion,L075,True
2026-05-05 00:00:00-04:00,TECH/FOODDRINKMFR :: ABEV-ABVX-ADM,0,1,1.4692625797452763,"['ABEV', 'ABVX', 'ADM', 'AHRT', 'AKAM', 'ALKS', 'ALNT', 'ANDE', 'ATS', 'BDSX', 'BG', 'BLDP', 'BLLN', 'BLSH', 'BLZE', 'BUD', 'BUR', 'CAAP', 'CMBT', 'CRBG', 'CYRX', 'CYTK', 'DAC', 'DD', 'DGXX', 'DHT', 'DOCN', 'EBS', 'ECO', 'ECVT', 'EOLS', 'EQH', 'ERIC', 'EVER', 'EWTX', 'EXOD', 'FER', 'FIGR', 'FLNG', 'FRO', 'FRPH', 'FSLY', 'FTRE', 'GIII', 'GILT', 'GNK', 'GPK', 'GSL', 'HAFN', 'HNGE', 'HNRG', 'HSHP', 'HSTM', 'HVT', 'IART', 'IBEX', 'IIPR', 'INSW', 'INVX', 'IVA', 'JBTM', 'KRYS', 'LEGN', 'LIND', 'LPG', 'LTH', 'MED', 'MSA', 'MTUS', 'MU', 'NAT', 'NET', 'NGVT', 'NVGS', 'OEC', 'OPLN', 'PANL', 'PAY', 'PINS', 'PLNT', 'PLOW', 'POWL', 'PUK', 'QNST', 'RBA', 'RGR', 'ROK', 'RYN', 'RYTM', 'RYZ', 'SB', 'SBLK', 'SEAT', 'SFL', 'SHIP', 'SITC', 'SN', 'SQM', 'SSTI', 'STNG', 'STRL', 'TDG', 'TDUP', 'TEN', 'TK', 'TKC', 'TNK', 'TONX', 'TRI', 'TRMD', 'ULS', 'URBN', 'VBNK', 'VOYG', 'VRDN', 'VVX', 'WAT', 'WS', 'WY', 'XPRO']","{'ABEV': 1.0, 'ABVX': 1.0, 'ADM': 1.0, 'AHRT': 1.0, 'AKAM': 1.0, 'ALKS': 1.0, 'ALNT': 1.0, 'ANDE': 1.0, 'ATS': 1.0, 'BDSX': 1.0, 'BG': 1.0, 'BLDP': 1.0, 'BLLN': 1.0, 'BLSH': 1.0, 'BLZE': 1.0, 'BUD': 1.0, 'BUR': 1.0, 'CAAP': 1.0, 'CMBT': 1.0, 'CRBG': 1.0, 'CYRX': 1.0, 'CYTK': 1.0, 'DAC': 1.0, 'DD': 1.0, 'DGXX': 1.0, 'DHT': 1.0, 'DOCN': 1.0, 'EBS': 1.0, 'ECO': 1.0, 'ECVT': 1.0, 'EOLS': 1.0, 'EQH': 1.0, 'ERIC': 1.0, 'EVER': 1.0, 'EWTX': 1.0, 'EXOD': 1.0, 'FER': 1.0, 'FIGR': 1.0, 'FLNG': 1.0, 'FRO': 1.0, 'FRPH': 1.0, 'FSLY': 1.0, 'FTRE': 1.0, 'GIII': 1.0, 'GILT': 1.0, 'GNK': 1.0, 'GPK': 1.0, 'GSL': 1.0, 'HAFN': 1.0, 'HNGE': 1.0, 'HNRG': 1.0, 'HSHP': 1.0, 'HSTM': 1.0, 'HVT': 1.0, 'IART': 1.0, 'IBEX': 1.0, 'IIPR': 1.0, 'INSW': 1.0, 'INVX': 1.0, 'IVA': 1.0, 'JBTM': 1.0, 'KRYS': 1.0, 'LEGN': 1.0, 'LIND': 1.0, 'LPG': 1.0, 'LTH': 1.0, 'MED': 1.0, 'MSA': 1.0, 'MTUS': 1.0, 'MU': 1.0, 'NAT': 1.0, 'NET': 1.0, 'NGVT': 1.0, 'NVGS': 1.0, 'OEC': 1.0, 'OPLN': 1.0, 'PANL': 1.0, 'PAY': 1.0, 'PINS': 1.0, 'PLNT': 1.0, 'PLOW': 1.0, 'POWL': 1.0, 'PUK': 1.0, 'QNST': 1.0, 'RBA': 1.0, 'RGR': 1.0, 'ROK': 1.0, 'RYN': 1.0, 'RYTM': 1.0, 'RYZ': 1.0, 'SB': 1.0, 'SBLK': 1.0, 'SEAT': 1.0, 'SFL': 1.0, 'SHIP': 1.0, 'SITC': 1.0, 'SN': 1.0, 'SQM': 1.0, 'SSTI': 1.0, 'STNG': 1.0, 'STRL': 1.0, 'TDG': 1.0, 'TDUP': 1.0, 'TEN': 1.0, 'TK': 1.0, 'TKC': 1.0, 'TNK': 1.0, 'TONX': 1.0, 'TRI': 1.0, 'TRMD': 1.0, 'ULS': 1.0, 'URBN': 1.0, 'VBNK': 1.0, 'VOYG': 1.0, 'VRDN': 1.0, 'VVX': 1.0, 'WAT': 1.0, 'WS': 1.0, 'WY': 1.0, 'XPRO': 1.0}",120,120,0.2819029817258023,0.925,2.3119823073703096,0.1015604941617891,0.1111353277641134,0.1815624023495698,0.0832999893680653,0.0910490071407085,L080,1,,0.0,Emergence,L018,True
2026-05-06 00:00:00-04:00,TECH/ELECTRONICEQUIP :: ACLS-ACNT-ACT,0,1,1.5116651732359954,"['ACLS', 'ACNT', 'ACT', 'ADNT', 'AERO', 'AGM', 'AGMB', 'ALOT', 'AMCR', 'AMWL', 'AOMR', 'APT', 'ATHM', 'AVTX', 'AXTA', 'BCAR', 'BCO', 'BIRK', 'BJRI', 'BLMN', 'BV', 'BXC', 'CACC', 'CARL', 'CBT', 'COMP', 'CPA', 'CPS', 'CRCT', 'CRI', 'CVGI', 'CVS', 'CXDO', 'CXT', 'CXW', 'DCH', 'DEI', 'DELL', 'DEO', 'DHX', 'DIN', 'DIS', 'DLO', 'DOC', 'DVA', 'EFC', 'ELAN', 'EPC', 'EVC', 'EXEL', 'FLEX', 'FLYW', 'FNF', 'FOA', 'GEO', 'GNW', 'GO', 'GOOD', 'GPK', 'HCHL', 'HDB', 'HNGE', 'HOG', 'HRZN', 'HUT', 'IFF', 'IPAR', 'ITT', 'JAZZ', 'JBGS', 'JBL', 'KAI', 'KMPR', 'KMX', 'KYMR', 'LFUS', 'LIFE', 'LIND', 'LIVN', 'LLYVK', 'LTH', 'LTM', 'LYV', 'MCRB', 'MCY', 'MDGL', 'MMYT', 'MNKD', 'MRNA', 'MRP', 'NATL', 'NBIX', 'NEXN', 'NOMD', 'NUVB', 'NVAX', 'NWSA', 'NYT', 'OFLX', 'ONON', 'OSCR', 'OSS', 'PFGC', 'PHIN', 'PICS', 'PRGO', 'PSTL', 'PTGX', 'PUK', 'QMCO', 'RNAC', 'RRGB', 'RYAAY', 'SMCI', 'SPB', 'SPHR', 'SPRB', 'SRTA', 'SSSS', 'TBLA', 'TGTX', 'TIC', 'TKR', 'TNXP', 'TWIN', 'TX', 'UBER', 'UFCS', 'UFPT', 'URGN', 'USNA', 'UTHR', 'UTZ', 'VAC', 'VCYT', 'VECO', 'WD', 'WMK']","{'ACLS': 1.0, 'ACNT': 1.0, 'ACT': 1.0, 'ADNT': 1.0, 'AERO': 1.0, 'AGM': 1.0, 'AGMB': 1.0, 'ALOT': 1.0, 'AMCR': 1.0, 'AMWL': 1.0, 'AOMR': 1.0, 'APT': 1.0, 'ATHM': 1.0, 'AVTX': 1.0, 'AXTA': 1.0, 'BCAR': 1.0, 'BCO': 1.0, 'BIRK': 1.0, 'BJRI': 1.0, 'BLMN': 1.0, 'BV': 1.0, 'BXC': 1.0, 'CACC': 1.0, 'CARL': 1.0, 'CBT': 1.0, 'COMP': 1.0, 'CPA': 1.0, 'CPS': 1.0, 'CRCT': 1.0, 'CRI': 1.0, 'CVGI': 1.0, 'CVS': 1.0, 'CXDO': 1.0, 'CXT': 1.0, 'CXW': 1.0, 'DCH': 1.0, 'DEI': 1.0, 'DELL': 1.0, 'DEO': 1.0, 'DHX': 1.0, 'DIN': 1.0, 'DIS': 1.0, 'DLO': 1.0, 'DOC': 1.0, 'DVA': 1.0, 'EFC': 1.0, 'ELAN': 1.0, 'EPC': 1.0, 'EVC': 1.0, 'EXEL': 1.0, 'FLEX': 1.0, 'FLYW': 1.0, 'FNF': 1.0, 'FOA': 1.0, 'GEO': 1.0, 'GNW': 1.0, 'GO': 1.0, 'GOOD': 1.0, 'GPK': 1.0, 'HCHL': 1.0, 'HDB': 1.0, 'HNGE': 1.0, 'HOG': 1.0, 'HRZN': 1.0, 'HUT': 1.0, 'IFF': 1.0, 'IPAR': 1.0, 'ITT': 1.0, 'JAZZ': 1.0, 'JBGS': 1.0, 'JBL': 1.0, 'KAI': 1.0, 'KMPR': 1.0, 'KMX': 1.0, 'KYMR': 1.0, 'LFUS': 1.0, 'LIFE': 1.0, 'LIND': 1.0, 'LIVN': 1.0, 'LLYVK': 1.0, 'LTH': 1.0, 'LTM': 1.0, 'LYV': 1.0, 'MCRB': 1.0, 'MCY': 1.0, 'MDGL': 1.0, 'MMYT': 1.0, 'MNKD': 1.0, 'MRNA': 1.0, 'MRP': 1.0, 'NATL': 1.0, 'NBIX': 1.0, 'NEXN': 1.0, 'NOMD': 1.0, 'NUVB': 1.0, 'NVAX': 1.0, 'NWSA': 1.0, 'NYT': 1.0, 'OFLX': 1.0, 'ONON': 1.0, 'OSCR': 1.0, 'OSS': 1.0, 'PFGC': 1.0, 'PHIN': 1.0, 'PICS': 1.0, 'PRGO': 1.0, 'PSTL': 1.0, 'PTGX': 1.0, 'PUK': 1.0, 'QMCO': 1.0, 'RNAC': 1.0, 'RRGB': 1.0, 'RYAAY': 1.0, 'SMCI': 1.0, 'SPB': 1.0, 'SPHR': 1.0, 'SPRB': 1.0, 'SRTA': 1.0, 'SSRM': 0.453753228633289, 'SSSS': 1.0, 'TBLA': 1.0, 'TGTX': 1.0, 'TIC': 1.0, 'TKR': 1.0, 'TNXP': 1.0, 'TWIN': 1.0, 'TX': 1.0, 'UBER': 1.0, 'UFCS': 1.0, 'UFPT': 1.0, 'URGN': 1.0, 'USNA': 1.0, 'UTHR': 1.0, 'UTZ': 1.0, 'VAC': 1.0, 'VCYT': 1.0, 'VECO': 1.0, 'WD': 1.0, 'WMK': 1.0}",138,139,0.4141990676864844,0.9202898550724636,2.9188867025780776,0.1053978835730273,0.0925445291678575,0.1555526343498338,0.060823944724995,0.0959493630146847,L086,1,,0.0,Emergence,L080,True
2026-05-07 00:00:00-04:00,INDUSTRIAL/AERODEF :: AAON-ACAD-ACIW,0,1,1.970035177025061,"['AAON', 'ACAD', 'ACIW', 'ACMR', 'ACVA', 'ADV', 'AFCG', 'AGL', 'ALB', 'AMN', 'AORT', 'APT', 'ARKO', 'ARRY', 'ASPN', 'ATRA', 'AVNT', 'AXON', 'BDX', 'BLBD', 'BOBS', 'BTG', 'BWEN', 'CARS', 'CCRN', 'CELH', 'CENTA', 'CGNX', 'CLDT', 'CLFD', 'CLOV', 'CLPR', 'CMT', 'CODI', 'COLD', 'COYA', 'CPS', 'CRL', 'CRUS', 'DCTH', 'DDOG', 'DGII', 'DNUT', 'ECPG', 'ELA', 'ENOV', 'EPC', 'EPR', 'EZPW', 'FA', 'FLNC', 'FNKO', 'FOUR', 'FTNT', 'FWONK', 'GLAD', 'GOGO', 'GOLD', 'GWW', 'HAE', 'HASI', 'HIMX', 'HNRG', 'HNST', 'HOG', 'HRB', 'HWM', 'IBEX', 'IBTA', 'ICL', 'INSE', 'INVA', 'IQV', 'JCAP', 'JMIA', 'KRMD', 'KTB', 'LAKE', 'LAMR', 'LCUT', 'LFST', 'LIFE', 'LINE', 'LNTH', 'MAGN', 'MBC', 'MCFT', 'MEC', 'MIAX', 'MIDD', 'MKSI', 'MMS', 'MRNA', 'MSGE', 'MTSI', 'MWA', 'MYE', 'NDLS', 'NSIT', 'NTCT', 'NWFL', 'NXST', 'OC', 'ONEW', 'OPFI', 'ORA', 'OSG', 'OSUR', 'OUT', 'PAYO', 'PAYP', 'PCT', 'PFSI', 'PGY', 'PNTG', 'PRI', 'PRMB', 'PRSU', 'PTRN', 'RDVT', 'RDWR', 'ROOT', 'RPC', 'RUN', 'RVSB', 'RXO', 'RXT', 'SABS', 'SCSC', 'SEZL', 'SGHT', 'SIGA', 'SITM', 'SKWD', 'SNEX', 'TBBB', 'TCMD', 'TKNO', 'TPB', 'TPL', 'TPVG', 'TRC', 'TREX', 'TRIP', 'TSLA', 'U', 'VALN', 'VCTR', 'VST', 'VTRS', 'VYX', 'WD', 'WRBY', 'WTS', 'XMTR', 'XPER']","{'AAON': 1.0, 'ACAD': 1.0, 'ACIW': 1.0, 'ACMR': 1.0, 'ACVA': 1.0, 'ADV': 1.0, 'AFCG': 1.0, 'AGL': 1.0, 'ALB': 1.0, 'AMN': 1.0, 'AORT': 1.0, 'APT': 1.0, 'ARKO': 1.0, 'ARRY': 1.0, 'ASPN': 1.0, 'ATRA': 1.0, 'AVNT': 1.0, 'AXON': 1.0, 'BDX': 1.0, 'BLBD': 1.0, 'BOBS': 1.0, 'BTG': 1.0, 'BWEN': 1.0, 'CARS': 1.0, 'CCRN': 1.0, 'CELH': 1.0, 'CENTA': 1.0, 'CGNX': 1.0, 'CLDT': 1.0, 'CLFD': 1.0, 'CLOV': 1.0, 'CLPR': 1.0, 'CMT': 1.0, 'CODI': 1.0, 'COLD': 1.0, 'COYA': 1.0, 'CPS': 1.0, 'CRL': 1.0, 'CRUS': 1.0, 'DCTH': 1.0, 'DDOG': 1.0, 'DGII': 1.0, 'DNUT': 1.0, 'ECPG': 1.0, 'ELA': 1.0, 'ENOV': 1.0, 'EPC': 1.0, 'EPR': 1.0, 'EZPW': 1.0, 'FA': 1.0, 'FLNC': 1.0, 'FNKO': 1.0, 'FOUR': 1.0, 'FTNT': 1.0, 'FWONK': 1.0, 'GLAD': 1.0, 'GOGO': 1.0, 'GOLD': 1.0, 'GWW': 1.0, 'HAE': 1.0, 'HASI': 1.0, 'HIMX': 1.0, 'HNRG': 1.0, 'HNST': 1.0, 'HOG': 1.0, 'HRB': 1.0, 'HWM': 1.0, 'IBEX': 1.0, 'IBTA': 1.0, 'ICL': 1.0, 'INSE': 1.0, 'INVA': 1.0, 'IQV': 1.0, 'JCAP': 1.0, 'JMIA': 1.0, 'KRMD': 1.0, 'KTB': 1.0, 'LAKE': 1.0, 'LAMR': 1.0, 'LCUT': 1.0, 'LFST': 1.0, 'LIFE': 1.0, 'LINE': 1.0, 'LNTH': 1.0, 'MAGN': 1.0, 'MBC': 1.0, 'MCFT': 1.0, 'MEC': 1.0, 'MIAX': 1.0, 'MIDD': 1.0, 'MKSI': 1.0, 'MMS': 1.0, 'MRNA': 1.0, 'MSGE': 1.0, 'MTSI': 1.0, 'MWA': 1.0, 'MYE': 1.0, 'NDLS': 1.0, 'NSIT': 1.0, 'NTCT': 1.0, 'NWFL': 1.0, 'NXST': 1.0, 'OC': 1.0, 'ONEW': 1.0, 'OPFI': 1.0, 'ORA': 1.0, 'OSG': 1.0, 'OSUR': 1.0, 'OUT': 1.0, 'PAYO': 1.0, 'PAYP': 1.0, 'PCT': 1.0, 'PFSI': 1.0, 'PGY': 1.0, 'PNTG': 1.0, 'PRI': 1.0, 'PRMB': 1.0, 'PRSU': 1.0, 'PTRN': 1.0, 'RDVT': 1.0, 'RDWR': 1.0, 'ROOT': 1.0, 'RPC': 1.0, 'RUN': 1.0, 'RVSB': 1.0, 'RXO': 1.0, 'RXT': 1.0, 'SABS': 1.0, 'SCSC': 1.0, 'SEZL': 1.0, 'SGHT': 1.0, 'SIGA': 1.0, 'SITM': 1.0, 'SKWD': 1.0, 'SNEX': 1.0, 'TBBB': 1.0, 'TCMD': 1.0, 'TKNO': 1.0, 'TPB': 1.0, 'TPL': 1.0, 'TPVG': 1.0, 'TRC': 1.0, 'TREX': 1.0, 'TRIP': 1.0, 'TSLA': 1.0, 'U': 1.0, 'VALN': 1.0, 'VCTR': 1.0, 'VST': 1.0, 'VTRS': 1.0, 'VYX': 1.0, 'WD': 1.0, 'WRBY': 1.0, 'WTS': 1.0, 'XMTR': 1.0, 'XPER': 1.0}",156,156,0.3811350161409451,0.8461538461538461,6.130441759546127,0.1241279261544044,0.1285815999737036,0.2010068333542766,0.0959465214384544,0.0987941403781079,L088,1,,0.0,Emergence,L086,True
2026-05-08 00:00:00-04:00,FINANCIAL/REIT :: AD-AFRM-AFYA,0,1,1.62729888939183,"['AD', 'AFRM', 'AFYA', 'AHR', 'AKAM', 'AMN', 'ANNX', 'ASTH', 'ASYS', 'AVPT', 'BCIC', 'CALY', 'CBL', 'CCSI', 'CMTL', 'CODA', 'CPAY', 'CRVS', 'CTRE', 'CVSA', 'CWEN', 'CXT', 'DBX', 'DKNG', 'EOSE', 'FDUS', 'FLUT', 'FNKO', 'FROG', 'GEN', 'GENC', 'GPRE', 'GRND', 'GRPN', 'GRVY', 'HHH', 'ICUI', 'INOD', 'IOSP', 'KOP', 'LASR', 'LOCO', 'LTC', 'MBUU', 'MBX', 'MNST', 'MPTI', 'MRNA', 'MRVI', 'MSIF', 'NAMS', 'NHC', 'NHI', 'OHI', 'OUT', 'OWLT', 'PGNY', 'PRKS', 'PROF', 'PRTA', 'PTCT', 'RAAQ', 'RERE', 'RGA', 'RKLB', 'RKT', 'ROAD', 'ROCK', 'RVSB', 'SBRA', 'SG', 'SHMD', 'SIF', 'SONY', 'SPT', 'SYNA', 'TCX', 'TDS', 'TILE', 'TMCI', 'TWFG', 'TXRH', 'UGP', 'VSAT', 'VTR', 'WELL', 'WEN', 'WEST', 'WLDN', 'WMG', 'WSC', 'XENE', 'XYZ']","{'AD': 1.0, 'AFRM': 1.0, 'AFYA': 1.0, 'AHR': 1.0, 'AKAM': 1.0, 'AMN': 1.0, 'ANNX': 1.0, 'ASTH': 1.0, 'ASYS': 1.0, 'AVPT': 1.0, 'BCIC': 1.0, 'CALY': 1.0, 'CBL': 1.0, 'CCSI': 1.0, 'CMTL': 1.0, 'CODA': 1.0, 'CPAY': 1.0, 'CRVS': 1.0, 'CTRE': 1.0, 'CVSA': 1.0, 'CWEN': 1.0, 'CXT': 1.0, 'DBX': 1.0, 'DKNG': 1.0, 'EOSE': 1.0, 'FDUS': 1.0, 'FLUT': 1.0, 'FNKO': 1.0, 'FROG': 1.0, 'GEN': 1.0, 'GENC': 1.0, 'GPRE': 1.0, 'GRND': 1.0, 'GRPN': 1.0, 'GRVY': 1.0, 'HHH': 1.0, 'ICUI': 1.0, 'INOD': 1.0, 'IOSP': 1.0, 'KOP': 1.0, 'LASR': 1.0, 'LOCO': 1.0, 'LTC': 1.0, 'MBUU': 1.0, 'MBX': 1.0, 'MNST': 1.0, 'MPTI': 1.0, 'MRNA': 1.0, 'MRVI': 1.0, 'MSIF': 1.0, 'NAMS': 1.0, 'NHC': 1.0, 'NHI': 1.0, 'OHI': 1.0, 'OUT': 1.0, 'OWLT': 1.0, 'PGNY': 1.0, 'PRKS': 1.0, 'PROF': 1.0, 'PRTA': 1.0, 'PTCT': 1.0, 'RAAQ': 1.0, 'RERE': 1.0, 'RGA': 1.0, 'RKLB': 1.0, 'RKT': 1.0, 'ROAD': 1.0, 'ROCK': 1.0, 'RVSB': 1.0, 'SBRA': 1.0, 'SG': 1.0, 'SHMD': 1.0, 'SIF': 1.0, 'SONY': 1.0, 'SPT': 1.0, 'SYNA': 1.0, 'TCX': 1.0, 'TDS': 1.0, 'TILE': 1.0, 'TMCI': 1.0, 'TWFG': 1.0, 'TXRH': 1.0, 'UGP': 1.0, 'VSAT': 1.0, 'VTR': 1.0, 'WELL': 1.0, 'WEN': 1.0, 'WEST': 1.0, 'WLDN': 1.0, 'WMG': 1.0, 'WSC': 1.0, 'XENE': 1.0, 'XYZ': 1.0}",93,93,0.3376821006374491,0.9247311827956988,3.260363119657264,0.1101186546402364,0.1150237782680891,0.1787463117563896,0.0820395917749839,0.0992825873635006,L090,1,,0.0,Emergence,L088,True
2026-05-11 00:00:00-04:00,HEALTHCARE/BIOPHARMASYS :: AA-ABEO-ABUS,0,1,1.3291394200928988,"['AA', 'ABEO', 'ABUS', 'AMBA', 'AMLX', 'APGE', 'APT', 'AQST', 'ARGX', 'ARVN', 'ARWR', 'ATAI', 'AVBP', 'BBOT', 'BCAX', 'BEAM', 'BHVN', 'BKTI', 'BMRN', 'BW', 'BZH', 'CCCC', 'CGON', 'CLDX', 'COGT', 'CRSP', 'CRVS', 'CTEV', 'DBVT', 'DMRA', 'DNLI', 'DOMH', 'DRTS', 'DYN', 'EEX', 'ELDN', 'ELTX', 'EVI', 'EYPT', 'FDMT', 'FOXA', 'FULC', 'GL', 'GLSI', 'GLUE', 'GSIT', 'HOG', 'HON', 'IDYA', 'IMMX', 'IMNM', 'IMRX', 'IMTX', 'IMVT', 'IRD', 'IRON', 'IVA', 'IX', 'JANX', 'KOD', 'KPTI', 'KROS', 'KURA', 'KYMR', 'KYTX', 'LENZ', 'LI', 'LINC', 'LQDA', 'LRMR', 'LXEO', 'MAZE', 'MGTX', 'MLTX', 'MNDY', 'NRIX', 'NTLA', 'NUVL', 'NVEC', 'NVTS', 'OCS', 'OLMA', 'ORIC', 'ORMP', 'P', 'PCYO', 'PGEN', 'PM', 'PRAX', 'PRME', 'PRTH', 'PTGX', 'QTTB', 'RARE', 'RCEL', 'RDNT', 'RELL', 'RGNX', 'RLAY', 'ROIV', 'RZLT', 'SEPN', 'SLDB', 'SONY', 'SQNS', 'SRPT', 'STOK', 'STTK', 'SVRA', 'TARA', 'TH', 'TOYO', 'TSHA', 'TUSK', 'TYRA', 'UNIT', 'UPB', 'VALN', 'VERA', 'VICR', 'VIR', 'VYGR', 'WYFI', 'XGN', 'XNCR', 'ZBIO', 'ZLAB', 'ZURA', 'ZVRA']","{'AA': 1.0, 'ABEO': 1.0, 'ABUS': 1.0, 'AMBA': 1.0, 'AMLX': 1.0, 'APGE': 1.0, 'APT': 1.0, 'AQST': 1.0, 'ARGX': 1.0, 'ARVN': 1.0, 'ARWR': 1.0, 'ATAI': 1.0, 'AVBP': 1.0, 'BBOT': 1.0, 'BCAX': 1.0, 'BEAM': 1.0, 'BHVN': 1.0, 'BKTI': 1.0, 'BMRN': 1.0, 'BW': 1.0, 'BZH': 1.0, 'CCCC': 1.0, 'CGON': 1.0, 'CLDX': 1.0, 'COGT': 1.0, 'CRSP': 1.0, 'CRVS': 1.0, 'CTEV': 1.0, 'DBVT': 1.0, 'DMRA': 1.0, 'DNLI': 1.0, 'DOMH': 1.0, 'DRTS': 1.0, 'DYN': 1.0, 'EEX': 1.0, 'ELDN': 1.0, 'ELTX': 1.0, 'EVI': 1.0, 'EYPT': 1.0, 'FDMT': 1.0, 'FOXA': 1.0, 'FULC': 1.0, 'GL': 1.0, 'GLSI': 1.0, 'GLUE': 1.0, 'GSIT': 1.0, 'HOG': 1.0, 'HON': 1.0, 'IDYA': 1.0, 'IMMX': 1.0, 'IMNM': 1.0, 'IMRX': 1.0, 'IMTX': 1.0, 'IMVT': 1.0, 'IRD': 1.0, 'IRON': 1.0, 'IVA': 1.0, 'IX': 1.0, 'JANX': 1.0, 'KOD': 1.0, 'KPTI': 1.0, 'KROS': 1.0, 'KURA': 1.0, 'KYMR': 1.0, 'KYTX': 1.0, 'LENZ': 1.0, 'LI': 1.0, 'LINC': 1.0, 'LQDA': 1.0, 'LRMR': 1.0, 'LXEO': 1.0, 'MAZE': 1.0, 'MGTX': 1.0, 'MLTX': 1.0, 'MNDY': 1.0, 'NRIX': 1.0, 'NTLA': 1.0, 'NUVL': 1.0, 'NVEC': 1.0, 'NVTS': 1.0, 'OCS': 1.0, 'OLMA': 1.0, 'ORIC': 1.0, 'ORMP': 1.0, 'P': 1.0, 'PCYO': 1.0, 'PGEN': 1.0, 'PM': 1.0, 'PRAX': 1.0, 'PRME': 1.0, 'PRTH': 1.0, 'PTGX': 1.0, 'QTTB': 1.0, 'RARE': 1.0, 'RCEL': 1.0, 'RDNT': 1.0, 'RELL': 1.0, 'RGNX': 1.0, 'RLAY': 1.0, 'ROIV': 1.0, 'RZLT': 1.0, 'SEPN': 1.0, 'SLDB': 1.0, 'SONY': 1.0, 'SQNS': 1.0, 'SRPT': 1.0, 'STOK': 1.0, 'STTK': 1.0, 'SVRA': 1.0, 'TARA': 1.0, 'TH': 1.0, 'TOYO': 1.0, 'TSHA': 1.0, 'TUSK': 1.0, 'TYRA': 1.0, 'UNIT': 1.0, 'UPB': 1.0, 'VALN': 1.0, 'VERA': 1.0, 'VICR': 1.0, 'VIR': 1.0, 'VYGR': 1.0, 'WYFI': 1.0, 'XGN': 1.0, 'XNCR': 1.0, 'ZBIO': 1.0, 'ZLAB': 1.0, 'ZURA': 1.0, 'ZVRA': 1.0}",129,129,0.260696741038929,0.6976744186046512,3.6799901759551297,0.0337760522833062,0.0573672691683615,0.0762070915674145,0.0237523578684509,0.0439394568057911,L006,23,130.0,-0.0076923076923076,Maturity,L090,True
2026-05-12 00:00:00-04:00,NONCYCLICAL/GENMERCH :: ALH-ALKS-ALLT,0,1,1.9263913608233452,"['ALH', 'ALKS', 'ALLT', 'AMBQ', 'AMTM', 'ARMK', 'AVEX', 'BNAI', 'BWAY', 'BWEN', 'CALM', 'CEVA', 'DOLE', 'DSP', 'ESOA', 'EVTC', 'FTW', 'GDOT', 'HALO', 'HIFS', 'HLIO', 'HLIT', 'JDZG', 'KOPN', 'KSPI', 'MAMA', 'MGNX', 'MSIF', 'MWH', 'NGS', 'NOVT', 'OLP', 'OPXS', 'PACS', 'PLSE', 'PLUG', 'Q', 'QGEN', 'QUBT', 'RAL', 'RIGL', 'RLGT', 'RPT', 'SE', 'SEPN', 'SFL', 'SIBN', 'SMP', 'SMTI', 'TGT', 'VPG', 'VSTS', 'WEN', 'XOS', 'ZBRA']","{'ALH': 1.0, 'ALKS': 1.0, 'ALLT': 1.0, 'AMBQ': 1.0, 'AMTM': 1.0, 'ARMK': 1.0, 'AVEX': 1.0, 'BNAI': 1.0, 'BWAY': 1.0, 'BWEN': 1.0, 'CALM': 1.0, 'CEVA': 1.0, 'DOLE': 1.0, 'DSP': 1.0, 'ESOA': 1.0, 'EVTC': 1.0, 'FTW': 1.0, 'GDOT': 1.0, 'HALO': 1.0, 'HIFS': 1.0, 'HLIO': 1.0, 'HLIT': 1.0, 'JDZG': 1.0, 'KOPN': 1.0, 'KSPI': 1.0, 'MAMA': 1.0, 'MGNX': 1.0, 'MSIF': 1.0, 'MWH': 1.0, 'NGS': 1.0, 'NOVT': 1.0, 'OLP': 1.0, 'OPXS': 1.0, 'PACS': 1.0, 'PLSE': 1.0, 'PLUG': 1.0, 'Q': 1.0, 'QGEN': 1.0, 'QUBT': 1.0, 'RAL': 1.0, 'RIGL': 1.0, 'RLGT': 1.0, 'RPT': 1.0, 'SE': 1.0, 'SEPN': 1.0, 'SFL': 1.0, 'SIBN': 1.0, 'SMP': 1.0, 'SMTI': 1.0, 'TGT': 1.0, 'VPG': 1.0, 'VSTS': 1.0, 'WEN': 1.0, 'XOS': 1.0, 'ZBRA': 1.0}",55,55,0.3191905932232025,0.9090909090909092,6.795090479415021,0.116654015390385,0.1392529014642516,0.1508754174741404,0.1019889347879655,0.1044692866332396,L095,1,,0.0,Emergence,L006,True
2026-05-13 00:00:00-04:00,TECH/SEMIMFR :: AAOI-ADI-AEHR,0,1,1.595789072727371,"['AAOI', 'ADI', 'AEHR', 'ALAB', 'AMAT', 'AMKR', 'ARM', 'ARW', 'ASML', 'ASX', 'ATHM', 'AVT', 'AXTI', 'BABA', 'BBCQ', 'BE', 'BEKE', 'BHE', 'BIDU', 'BILI', 'BZ', 'CCCC', 'CDLR', 'CIEN', 'CMPS', 'COHR', 'CORT', 'CRDO', 'DELL', 'DQ', 'ELVA', 'EOSE', 'ESI', 'ESP', 'EXTR', 'FN', 'FPS', 'FUTU', 'GDS', 'GFS', 'GLW', 'HCHL', 'HPE', 'HSAI', 'HYLN', 'INTC', 'JBL', 'JD', 'JOYY', 'KC', 'KEYS', 'KLIC', 'KN', 'KRNT', 'LITE', 'LODE', 'LPL', 'LRCX', 'LWLG', 'MBLY', 'MCHP', 'MIRM', 'MMM', 'MNSO', 'MOMO', 'MPWR', 'MRVL', 'MU', 'NBIS', 'NKSH', 'NOK', 'NTES', 'NVDA', 'NVEC', 'NVMI', 'NXPI', 'NXT', 'ON', 'PDD', 'PENG', 'PLAB', 'POET', 'POWI', 'PSFE', 'PSNL', 'PURR', 'QFIN', 'QQQ', 'QUIK', 'RFIL', 'RMBS', 'SANM', 'SATS', 'SIMO', 'SLS', 'SNDK', 'SNWV', 'ST', 'STM', 'STX', 'SYNA', 'TAL', 'TCOM', 'TGEN', 'TIGR', 'TME', 'TROX', 'TSEM', 'TXN', 'VELO', 'VEON', 'VIPS', 'VIVO', 'VNET', 'VRT', 'VSH', 'VWAV', 'WB', 'WDC', 'WHWK', 'WOLF', 'YMM']","{'AAOI': 1.0, 'ADI': 1.0, 'AEHR': 1.0, 'ALAB': 1.0, 'AMAT': 1.0, 'AMKR': 1.0, 'ARM': 1.0, 'ARW': 1.0, 'ASML': 1.0, 'ASX': 1.0, 'ATHM': 1.0, 'AVT': 1.0, 'AXTI': 1.0, 'BABA': 1.0, 'BBCQ': 1.0, 'BE': 1.0, 'BEKE': 1.0, 'BHE': 1.0, 'BIDU': 1.0, 'BILI': 1.0, 'BZ': 1.0, 'CCCC': 1.0, 'CDLR': 1.0, 'CIEN': 1.0, 'CMPS': 1.0, 'COHR': 1.0, 'CORT': 1.0, 'CRDO': 1.0, 'DELL': 1.0, 'DQ': 1.0, 'ELVA': 1.0, 'EOSE': 1.0, 'ESI': 1.0, 'ESP': 1.0, 'EXTR': 1.0, 'FN': 1.0, 'FPS': 1.0, 'FUTU': 1.0, 'GDS': 1.0, 'GFS': 1.0, 'GLW': 1.0, 'HCHL': 1.0, 'HPE': 1.0, 'HSAI': 1.0, 'HYLN': 1.0, 'INTC': 1.0, 'JBL': 1.0, 'JD': 1.0, 'JOYY': 1.0, 'KC': 1.0, 'KEYS': 1.0, 'KLIC': 1.0, 'KN': 1.0, 'KRNT': 1.0, 'LITE': 1.0, 'LODE': 1.0, 'LPL': 1.0, 'LRCX': 1.0, 'LWLG': 1.0, 'MBLY': 1.0, 'MCHP': 1.0, 'MIRM': 1.0, 'MMM': 1.0, 'MNSO': 1.0, 'MOMO': 1.0, 'MPWR': 1.0, 'MRVL': 1.0, 'MU': 1.0, 'NBIS': 1.0, 'NKSH': 1.0, 'NOK': 1.0, 'NTES': 1.0, 'NVDA': 1.0, 'NVEC': 1.0, 'NVMI': 1.0, 'NXPI': 1.0, 'NXT': 1.0, 'ON': 1.0, 'PDD': 1.0, 'PENG': 1.0, 'PLAB': 1.0, 'POET': 1.0, 'POWI': 1.0, 'PSFE': 1.0, 'PSNL': 1.0, 'PURR': 1.0, 'QFIN': 1.0, 'QQQ': 1.0, 'QUIK': 1.0, 'RFIL': 1.0, 'RMBS': 1.0, 'SANM': 1.0, 'SATS': 1.0, 'SIMO': 1.0, 'SLS': 1.0, 'SNDK': 1.0, 'SNWV': 1.0, 'ST': 1.0, 'STM': 1.0, 'STX': 1.0, 'SYNA': 1.0, 'TAL': 1.0, 'TCOM': 1.0, 'TGEN': 1.0, 'TIGR': 1.0, 'TME': 1.0, 'TROX': 1.0, 'TSEM': 1.0, 'TXN': 1.0, 'VELO': 1.0, 'VEON': 1.0, 'VIPS': 1.0, 'VIVO': 1.0, 'VNET': 1.0, 'VRT': 1.0, 'VSH': 1.0, 'VWAV': 1.0, 'WB': 1.0, 'WDC': 1.0, 'WHWK': 1.0, 'WOLF': 1.0, 'YMM': 1.0}",122,122,0.2638334392129948,0.8934426229508197,1.4588777048097852,0.0750846970362901,0.1992992000261284,0.2641907880784799,0.156120674986044,0.0680570318312333,L047,18,84.0,0.4523809523809524,Expansion,L095,True
2026-05-18 00:00:00-04:00,UTIL/ENERGYUTIL :: ARLO-ATAI-BFC,0,1,1.5695561664881106,"['ARLO', 'ATAI', 'BFC', 'BIO', 'BOC', 'BRC', 'CBNK', 'CVU', 'D', 'DLTH', 'DRVN', 'FATN', 'FEIM', 'FFIV', 'GDOT', 'GSHD', 'HIVE', 'ICCC', 'IRDM', 'JMSB', 'KNOP', 'KRUS', 'LAKE', 'LBRX', 'MAMA', 'MDA', 'NEOG', 'OMC', 'PINE', 'PPIH', 'PSO', 'RAMP', 'RNW', 'RTO', 'SATS', 'SGP', 'TE', 'TLK', 'TME', 'TSAT', 'UP', 'VACI', 'VUZI', 'WPP']","{'ARLO': 1.0, 'ATAI': 1.0, 'BFC': 1.0, 'BIO': 1.0, 'BOC': 1.0, 'BRC': 1.0, 'CBNK': 1.0, 'CVU': 1.0, 'D': 1.0, 'DLTH': 1.0, 'DRVN': 1.0, 'FATN': 1.0, 'FEIM': 1.0, 'FFIV': 1.0, 'GDOT': 1.0, 'GSHD': 1.0, 'HIVE': 1.0, 'ICCC': 1.0, 'IRDM': 1.0, 'JMSB': 1.0, 'KNOP': 1.0, 'KRUS': 1.0, 'LAKE': 1.0, 'LBRX': 1.0, 'MAMA': 1.0, 'MDA': 1.0, 'NEOG': 1.0, 'OMC': 1.0, 'PINE': 1.0, 'PPIH': 1.0, 'PSO': 1.0, 'RAMP': 1.0, 'RNW': 1.0, 'RTO': 1.0, 'SATS': 1.0, 'SGP': 1.0, 'TE': 1.0, 'TLK': 1.0, 'TME': 1.0, 'TSAT': 1.0, 'UP': 1.0, 'VACI': 1.0, 'VUZI': 1.0, 'WPP': 1.0}",44,44,0.2881973253243029,0.8863636363636364,2.22390265315863,0.0595847334208907,0.0720870149318426,0.050718065947043,0.0435522063123769,0.074556599548877,L103,1,,0.0,Emergence,L019,True
2026-05-19 00:00:00-04:00,NONCYCLICAL/GENMERCH :: ALH-ALHC-ALKS,0,1,0.8268860003375156,"['ALH', 'ALHC', 'ALKS', 'ALLT', 'AMBQ', 'AMTM', 'ARMK', 'AVEX', 'BNAI', 'BWEN', 'CEVA', 'ESOA', 'HALO', 'HIFS', 'HLIO', 'HLIT', 'KOPN', 'MANU', 'MBIN', 'MGNX', 'MSIF', 'MWH', 'NGS', 'NOAH', 'NOVT', 'OPXS', 'PACS', 'PLSE', 'PSN', 'QUBT', 'RAL', 'RIGL', 'RLGT', 'SE', 'SIBN', 'SMP', 'SMTI', 'VLGEA', 'VPG', 'VSTS', 'WAVE', 'WEN', 'XOS', 'ZBRA']","{'ALH': 1.0, 'ALHC': 1.0, 'ALKS': 1.0, 'ALLT': 1.0, 'AMBQ': 1.0, 'AMTM': 1.0, 'ARMK': 1.0, 'AVEX': 1.0, 'BNAI': 1.0, 'BWEN': 1.0, 'CEVA': 1.0, 'ESOA': 1.0, 'HALO': 1.0, 'HIFS': 1.0, 'HLIO': 1.0, 'HLIT': 1.0, 'KOPN': 1.0, 'MANU': 1.0, 'MBIN': 1.0, 'MGNX': 1.0, 'MSIF': 1.0, 'MWH': 1.0, 'NGS': 1.0, 'NOAH': 1.0, 'NOVT': 1.0, 'OPXS': 1.0, 'PACS': 1.0, 'PLSE': 1.0, 'PSN': 1.0, 'QUBT': 1.0, 'RAL': 1.0, 'RIGL': 1.0, 'RLGT': 1.0, 'SE': 1.0, 'SIBN': 1.0, 'SMP': 1.0, 'SMTI': 1.0, 'VLGEA': 1.0, 'VPG': 1.0, 'VSTS': 1.0, 'WAVE': 1.0, 'WEN': 1.0, 'XOS': 1.0, 'ZBRA': 1.0}",44,44,0.3333511687680253,0.25,-0.0260303339399772,-0.0296189852719619,0.0887121305732894,0.1093965091176424,0.0748259450251975,-0.0165537992565977,L095,6,45.0,-0.0222222222222222,Maturity,L103,True
2026-05-20 00:00:00-04:00,CONSUMERSVCE/HOSPITALITY :: ABNB-ALC-ATAI,0,1,1.2484979584146565,"['ABNB', 'ALC', 'ATAI', 'AXTA', 'BBCP', 'BIO', 'BOC', 'BRC', 'CBNK', 'CCOI', 'CMPS', 'CNXN', 'COMP', 'CPSH', 'CVU', 'D', 'DRVN', 'FBRT', 'FFIV', 'FLY', 'FRPT', 'GBFH', 'GDOT', 'HIVE', 'ICCC', 'JMSB', 'KNOP', 'LAKE', 'LSAK', 'LTM', 'MAMA', 'MCY', 'MDA', 'MMM', 'NEOG', 'NYT', 'OSCR', 'PSO', 'RAMP', 'RNW', 'RSI', 'RTO', 'RYAAY', 'SATS', 'TE', 'TLK', 'TME', 'TYGO', 'VUZI', 'WPP']","{'ABNB': 1.0, 'ALC': 1.0, 'ATAI': 1.0, 'AXTA': 1.0, 'BBCP': 1.0, 'BIO': 1.0, 'BOC': 1.0, 'BRC': 1.0, 'CBNK': 1.0, 'CCOI': 1.0, 'CMPS': 1.0, 'CNXN': 1.0, 'COMP': 1.0, 'CPSH': 1.0, 'CVU': 1.0, 'D': 1.0, 'DRVN': 1.0, 'FBRT': 1.0, 'FFIV': 1.0, 'FLY': 1.0, 'FRPT': 1.0, 'GBFH': 1.0, 'GDOT': 1.0, 'HIVE': 1.0, 'ICCC': 1.0, 'JMSB': 1.0, 'KNOP': 1.0, 'LAKE': 1.0, 'LSAK': 1.0, 'LTM': 1.0, 'MAMA': 1.0, 'MCY': 1.0, 'MDA': 1.0, 'MMM': 1.0, 'NEOG': 1.0, 'NYT': 1.0, 'OSCR': 1.0, 'PSO': 1.0, 'RAMP': 1.0, 'RNW': 1.0, 'RSI': 1.0, 'RTO': 1.0, 'RYAAY': 1.0, 'SATS': 1.0, 'TE': 1.0, 'TLK': 1.0, 'TME': 1.0, 'TYGO': 1.0, 'VUZI': 1.0, 'WPP': 1.0}",50,50,0.2841277278564342,0.82,0.6759864655304132,0.0804955698990001,0.0629250028118192,0.0607105892509155,0.0527310997227717,0.0250523682113725,L103,3,42.0,0.1904761904761904,Expansion,L095,True
2026-05-22 00:00:00-04:00,TECH/SOFTW :: AA-AIRJ-APPS,0,1,1.3918693185617,"['AA', 'AIRJ', 'APPS', 'ASMB', 'ATEN', 'BB', 'BBNX', 'BRZE', 'CBT', 'CDNS', 'CENX', 'CNK', 'COR', 'CPRT', 'CRBP', 'CRSR', 'DELL', 'EL', 'ELF', 'ELVR', 'EXTR', 'FEIM', 'FJET', 'FLO', 'FRBA', 'FUBO', 'GFL', 'GHRS', 'GNRC', 'HAE', 'HLIT', 'HNST', 'HPE', 'HPQ', 'IMAX', 'IMRX', 'IMUX', 'IOVA', 'IPAR', 'IPX', 'KAI', 'LION', 'LOGI', 'LONA', 'MCS', 'MDLN', 'MHO', 'MRK', 'NOK', 'NTAP', 'NTGR', 'OEC', 'PKBK', 'PLAY', 'PLCE', 'PRLD', 'PTON', 'ROST', 'SHBI', 'SNFCA', 'SNPS', 'SPOT', 'SRBK', 'TBCH', 'TX', 'TZOO', 'UNCY', 'UTI', 'WDAY', 'WING', 'WMG', 'WW', 'XRX', 'ZM']","{'AA': 1.0, 'AIRJ': 1.0, 'APPS': 1.0, 'ASMB': 1.0, 'ATEN': 1.0, 'BB': 1.0, 'BBNX': 1.0, 'BRZE': 1.0, 'CBT': 1.0, 'CDNS': 1.0, 'CENX': 1.0, 'CNK': 1.0, 'COR': 1.0, 'CPRT': 1.0, 'CRBP': 1.0, 'CRSR': 1.0, 'DELL': 1.0, 'EL': 1.0, 'ELF': 1.0, 'ELVR': 1.0, 'EXTR': 1.0, 'FEIM': 1.0, 'FJET': 1.0, 'FLO': 1.0, 'FRBA': 1.0, 'FUBO': 1.0, 'GFL': 1.0, 'GHRS': 1.0, 'GNRC': 1.0, 'HAE': 1.0, 'HLIT': 1.0, 'HNST': 1.0, 'HPE': 1.0, 'HPQ': 1.0, 'IMAX': 1.0, 'IMRX': 1.0, 'IMUX': 1.0, 'IOVA': 1.0, 'IPAR': 1.0, 'IPX': 1.0, 'KAI': 1.0, 'LION': 1.0, 'LOGI': 1.0, 'LONA': 1.0, 'MCS': 1.0, 'MDLN': 1.0, 'MHO': 1.0, 'MRK': 1.0, 'NOK': 1.0, 'NTAP': 1.0, 'NTGR': 1.0, 'OEC': 1.0, 'PKBK': 1.0, 'PLAY': 1.0, 'PLCE': 1.0, 'PRLD': 1.0, 'PTON': 1.0, 'ROST': 1.0, 'SHBI': 1.0, 'SNFCA': 1.0, 'SNPS': 1.0, 'SPOT': 1.0, 'SRBK': 1.0, 'TBCH': 1.0, 'TX': 1.0, 'TZOO': 1.0, 'UNCY': 1.0, 'UTI': 1.0, 'WDAY': 1.0, 'WING': 1.0, 'WMG': 1.0, 'WW': 1.0, 'XRX': 1.0, 'ZM': 1.0}",74,74,0.327956174417142,0.8648648648648649,1.271683548541672,0.1064675890277175,0.057933528618924,0.1173184764900962,0.04700516334778,0.0705105570182449,L116,1,,0.0,Emergence,L063,True
2026-05-28 00:00:00-04:00,HEALTHCARE/AERODEF :: A-ADMA-ADPT,0,1,1.5230368998545276,"['A', 'ADMA', 'ADPT', 'AIOT', 'ALAR', 'AMN', 'AMPX', 'AVAV', 'AVEX', 'AVTR', 'AZTA', 'BBY', 'BLFS', 'BRKR', 'BTU', 'CAI', 'CAR', 'CHRN', 'CLOV', 'CRL', 'CRSR', 'CSTL', 'CTKB', 'CTRN', 'CYRX', 'CZR', 'DAVE', 'DG', 'DHR', 'DLTR', 'DNA', 'DPRO', 'DRS', 'ETSY', 'FATN', 'FIVE', 'FLGT', 'FSLR', 'FTRE', 'GD', 'GH', 'GRAL', 'HEI', 'HII', 'HQY', 'HRL', 'IART', 'ICLR', 'ILMN', 'IMOS', 'INGN', 'IQV', 'JFB', 'KOPN', 'KRMN', 'KSS', 'KTOS', 'LHX', 'LLY', 'LMT', 'LTRX', 'M', 'MASS', 'MEDP', 'MOB', 'MTD', 'MYGN', 'NCNO', 'NEO', 'NOAH', 'NOC', 'NTRA', 'NVCR', 'OLLI', 'ONDS', 'OSG', 'PDYN', 'PRE', 'PSNL', 'PUSA', 'QDEL', 'QGEN', 'QTRX', 'QXL', 'RCAT', 'RGEN', 'RSVR', 'RTX', 'RVTY', 'SDGR', 'SFIX', 'SHC', 'SNOW', 'SPAI', 'STRT', 'TECH', 'TEM', 'TKO', 'TMO', 'TWST', 'TXG', 'U', 'UHAL', 'UMAC', 'VCYT', 'VNT', 'VRA', 'VVX', 'VWAV', 'WAT', 'WGS', 'WST']","{'A': 1.0, 'ADMA': 1.0, 'ADPT': 1.0, 'AIOT': 1.0, 'ALAR': 1.0, 'AMN': 1.0, 'AMPX': 1.0, 'AVAV': 1.0, 'AVEX': 1.0, 'AVTR': 1.0, 'AZTA': 1.0, 'BBY': 1.0, 'BLFS': 1.0, 'BRKR': 1.0, 'BTU': 1.0, 'CAI': 1.0, 'CAR': 1.0, 'CHRN': 1.0, 'CLOV': 1.0, 'CRL': 1.0, 'CRSR': 1.0, 'CSTL': 1.0, 'CTKB': 1.0, 'CTRN': 1.0, 'CYRX': 1.0, 'CZR': 1.0, 'DAVE': 1.0, 'DG': 1.0, 'DHR': 1.0, 'DLTR': 1.0, 'DNA': 1.0, 'DPRO': 1.0, 'DRS': 1.0, 'ETSY': 1.0, 'FATN': 1.0, 'FIVE': 1.0, 'FLGT': 1.0, 'FSLR': 1.0, 'FTRE': 1.0, 'GD': 1.0, 'GH': 1.0, 'GRAL': 1.0, 'HEI': 1.0, 'HII': 1.0, 'HQY': 1.0, 'HRL': 1.0, 'IART': 1.0, 'ICLR': 1.0, 'ILMN': 1.0, 'IMOS': 1.0, 'INGN': 1.0, 'IQV': 1.0, 'JFB': 1.0, 'KOPN': 1.0, 'KRMN': 1.0, 'KSS': 1.0, 'KTOS': 1.0, 'LHX': 1.0, 'LLY': 1.0, 'LMT': 1.0, 'LTRX': 1.0, 'M': 1.0, 'MASS': 1.0, 'MEDP': 1.0, 'MOB': 1.0, 'MTD': 1.0, 'MYGN': 1.0, 'NCNO': 1.0, 'NEO': 1.0, 'NOAH': 1.0, 'NOC': 1.0, 'NTRA': 1.0, 'NVCR': 1.0, 'OLLI': 1.0, 'ONDS': 1.0, 'OSG': 1.0, 'PDYN': 1.0, 'PRE': 1.0, 'PSNL': 1.0, 'PUSA': 1.0, 'QDEL': 1.0, 'QGEN': 1.0, 'QTRX': 1.0, 'QXL': 1.0, 'RCAT': 1.0, 'RGEN': 1.0, 'RSVR': 1.0, 'RTX': 1.0, 'RVTY': 1.0, 'SDGR': 1.0, 'SFIX': 1.0, 'SHC': 1.0, 'SNOW': 1.0, 'SPAI': 1.0, 'STRT': 1.0, 'TECH': 1.0, 'TEM': 1.0, 'TKO': 1.0, 'TMO': 1.0, 'TWST': 1.0, 'TXG': 1.0, 'U': 1.0, 'UHAL': 1.0, 'UMAC': 1.0, 'VCYT': 1.0, 'VNT': 1.0, 'VRA': 1.0, 'VVX': 1.0, 'VWAV': 1.0, 'WAT': 1.0, 'WGS': 1.0, 'WST': 1.0}",112,112,0.2937678737817366,0.9732142857142856,1.668341947389261,0.134441380144422,0.1828158992667609,0.210781109335449,0.1661987107871411,0.1014943810843425,L127,1,,0.0,Emergence,L122,True
2026-05-29 00:00:00-04:00,TECH/SOFTW :: AEYE-AFRM-AI,0,1,1.7432977263606928,"['AEYE', 'AFRM', 'AI', 'AIRS', 'ALKS', 'ASAN', 'ASMB', 'AVBP', 'AVGO', 'BB', 'BBNX', 'BCAR', 'BDSX', 'BHVN', 'BRSL', 'BRUN', 'CAR', 'CBT', 'CCCC', 'CDNS', 'CDZI', 'CHA', 'CLPT', 'CNK', 'COR', 'CRWD', 'CVRX', 'DAVE', 'DDOG', 'DELL', 'DNUT', 'EL', 'ELVR', 'ETOR', 'FJET', 'FLO', 'FRBA', 'HAE', 'HNST', 'HOOD', 'HPE', 'HPQ', 'HRZN', 'IBM', 'IIIV', 'IMAX', 'IMRX', 'KLAR', 'LION', 'LOCO', 'LOGI', 'LONA', 'MESO', 'MITK', 'MNTN', 'MRK', 'MSFT', 'MTLS', 'MX', 'NAVN', 'NOA', 'NTAP', 'NXT', 'OKTA', 'OPRA', 'ORCL', 'PANW', 'PD', 'PGY', 'PLCE', 'PLTR', 'PNTG', 'PTON', 'QCOM', 'QURE', 'REPL', 'ROST', 'SEZL', 'SHBI', 'SMCI', 'SNX', 'SOFI', 'SOUN', 'SPOT', 'TBBB', 'TBCH', 'TMCI', 'TSSI', 'U', 'UPST', 'UTI', 'VITL', 'WMG', 'WT', 'WW', 'XRX', 'ZBRA', 'ZIP', 'ZM']","{'AEYE': 1.0, 'AFRM': 1.0, 'AI': 1.0, 'AIRS': 1.0, 'ALKS': 1.0, 'ASAN': 1.0, 'ASMB': 1.0, 'AVBP': 1.0, 'AVGO': 1.0, 'BB': 1.0, 'BBNX': 1.0, 'BCAR': 1.0, 'BDSX': 1.0, 'BHVN': 1.0, 'BRSL': 1.0, 'BRUN': 1.0, 'CAR': 1.0, 'CBT': 1.0, 'CCCC': 1.0, 'CDNS': 1.0, 'CDZI': 1.0, 'CHA': 1.0, 'CLPT': 1.0, 'CNK': 1.0, 'COR': 1.0, 'CRWD': 1.0, 'CVRX': 1.0, 'DAVE': 1.0, 'DDOG': 1.0, 'DELL': 1.0, 'DNUT': 1.0, 'EL': 1.0, 'ELVR': 1.0, 'ETOR': 1.0, 'FJET': 1.0, 'FLO': 1.0, 'FRBA': 1.0, 'HAE': 1.0, 'HNST': 1.0, 'HOOD': 1.0, 'HPE': 1.0, 'HPQ': 1.0, 'HRZN': 1.0, 'IBM': 1.0, 'IIIV': 1.0, 'IMAX': 1.0, 'IMRX': 1.0, 'KLAR': 1.0, 'LION': 1.0, 'LOCO': 1.0, 'LOGI': 1.0, 'LONA': 1.0, 'MESO': 1.0, 'MITK': 1.0, 'MNTN': 1.0, 'MRK': 1.0, 'MSFT': 1.0, 'MTLS': 1.0, 'MX': 1.0, 'NAVN': 1.0, 'NOA': 1.0, 'NTAP': 1.0, 'NXT': 1.0, 'OKTA': 1.0, 'OPRA': 1.0, 'ORCL': 1.0, 'PANW': 1.0, 'PD': 1.0, 'PGY': 1.0, 'PLCE': 1.0, 'PLTR': 1.0, 'PNTG': 1.0, 'PTON': 1.0, 'QCOM': 1.0, 'QURE': 1.0, 'REPL': 1.0, 'ROST': 1.0, 'SEZL': 1.0, 'SHBI': 1.0, 'SMCI': 1.0, 'SNX': 1.0, 'SOFI': 1.0, 'SOUN': 1.0, 'SPOT': 1.0, 'TBBB': 1.0, 'TBCH': 1.0, 'TMCI': 1.0, 'TSSI': 1.0, 'U': 1.0, 'UPST': 1.0, 'UTI': 1.0, 'VITL': 1.0, 'WMG': 1.0, 'WT': 1.0, 'WW': 1.0, 'XRX': 1.0, 'ZBRA': 1.0, 'ZIP': 1.0, 'ZM': 1.0}",99,99,0.2508287896393624,0.8080808080808081,1.846400838142668,0.0947291311520109,0.1641491953380934,0.236335607621146,0.1530273806469525,0.0667386571331892,L116,5,69.0,0.4347826086956521,Expansion,L127,True
2026-06-01 00:00:00-04:00,TECH/SOFTW :: AI-AKAM-ASAN,0,1,1.8075125591055283,"['AI', 'AKAM', 'ASAN', 'ATEN', 'AVBP', 'AVGO', 'BCAR', 'BHVN', 'BLZE', 'BOX', 'BRUN', 'CCCC', 'CDZI', 'CHA', 'CHKP', 'CLPT', 'CLYM', 'CRWD', 'DDOG', 'DELL', 'DNUT', 'DOCN', 'EML', 'F', 'FFIV', 'FROG', 'FSLY', 'FTNT', 'GTLB', 'HPE', 'HPQ', 'HRZN', 'IBM', 'INGM', 'KLAR', 'LC', 'LOCO', 'LOGI', 'LPL', 'MDB', 'MESO', 'MNSO', 'MSFT', 'MX', 'NET', 'NOK', 'NOW', 'NTAP', 'NTCT', 'NTGR', 'NTSK', 'NUAI', 'NXT', 'OKTA', 'ORCL', 'PANW', 'PD', 'PLCE', 'PLTR', 'QLYS', 'QURE', 'RBRK', 'RDWR', 'REPL', 'SAIL', 'SMCI', 'SNX', 'SOFI', 'SOUN', 'TBBB', 'TMCI', 'TSSI', 'TWLO', 'UPST', 'WT']","{'AI': 1.0, 'AKAM': 1.0, 'ASAN': 1.0, 'ATEN': 1.0, 'AVBP': 1.0, 'AVGO': 1.0, 'BCAR': 1.0, 'BHVN': 1.0, 'BLZE': 1.0, 'BOX': 1.0, 'BRUN': 1.0, 'CCCC': 1.0, 'CDZI': 1.0, 'CHA': 1.0, 'CHKP': 1.0, 'CLPT': 1.0, 'CLYM': 1.0, 'CRWD': 1.0, 'DDOG': 1.0, 'DELL': 1.0, 'DNUT': 1.0, 'DOCN': 1.0, 'EML': 1.0, 'F': 1.0, 'FFIV': 1.0, 'FROG': 1.0, 'FSLY': 1.0, 'FTNT': 1.0, 'GTLB': 1.0, 'HPE': 1.0, 'HPQ': 1.0, 'HRZN': 1.0, 'IBM': 1.0, 'INGM': 1.0, 'KLAR': 1.0, 'LC': 1.0, 'LOCO': 1.0, 'LOGI': 1.0, 'LPL': 1.0, 'MDB': 1.0, 'MESO': 1.0, 'MNSO': 1.0, 'MSFT': 1.0, 'MX': 1.0, 'NET': 1.0, 'NOK': 1.0, 'NOW': 1.0, 'NTAP': 1.0, 'NTCT': 1.0, 'NTGR': 1.0, 'NTSK': 1.0, 'NUAI': 1.0, 'NXT': 1.0, 'OKTA': 1.0, 'ORCL': 1.0, 'PANW': 1.0, 'PD': 1.0, 'PLCE': 1.0, 'PLTR': 1.0, 'QLYS': 1.0, 'QURE': 1.0, 'RBRK': 1.0, 'RDWR': 1.0, 'REPL': 1.0, 'SAIL': 1.0, 'SMCI': 1.0, 'SNX': 1.0, 'SOFI': 1.0, 'SOUN': 1.0, 'TBBB': 1.0, 'TMCI': 1.0, 'TSSI': 1.0, 'TWLO': 1.0, 'UPST': 1.0, 'WT': 1.0}",75,75,0.2845208131764861,0.8133333333333334,1.0805364569665767,0.1835292176838183,0.2461964695814525,0.3620731567046305,0.2200017614255032,0.0491223915729844,L116,6,99.0,-0.2424242424242424,Maturity,L116,False
2026-06-02 00:00:00-04:00,TECH/SEMIMFR :: AAOI-ACLS-ACMR,0,1,1.5700127195246352,"['AAOI', 'ACLS', 'ACMR', 'ADEA', 'ADI', 'AEHR', 'AEIS', 'AGX', 'AIP', 'AKAM', 'ALAB', 'ALGM', 'AMAT', 'AMBQ', 'AMD', 'AMKR', 'AOSL', 'AP', 'ARW', 'ASML', 'ASYS', 'AVGO', 'AVT', 'AXTI', 'BE', 'BELFB', 'BHE', 'BW', 'CAMT', 'CAT', 'CEG', 'CENX', 'CEVA', 'CGNX', 'CIEN', 'CINT', 'CLS', 'CMPS', 'COHR', 'COHU', 'CRDO', 'CRUS', 'CSCO', 'CTRI', 'CWEN', 'DGII', 'DIOD', 'DOCN', 'ECG', 'EME', 'ENTG', 'ESOA', 'ETN', 'FIX', 'FLEX', 'FLR', 'FN', 'FORM', 'FPS', 'FTK', 'GEV', 'GHM', 'GLW', 'GNRC', 'HIMX', 'HNRG', 'HPE', 'HSAI', 'ICHR', 'IESC', 'INDI', 'INGM', 'INTC', 'INTT', 'IPGP', 'JBL', 'JCI', 'JYNT', 'KEYS', 'KLAC', 'KLIC', 'KN', 'LAC', 'LASE', 'LASR', 'LEGN', 'LFUS', 'LGN', 'LITE', 'LMB', 'LPL', 'LRCX', 'LSCC', 'LWLG', 'MCHP', 'MKSI', 'MPWR', 'MRAM', 'MRVL', 'MTSI', 'MTZ', 'MWH', 'MXL', 'MYRG', 'NCSM', 'NOK', 'NRG', 'NTGR', 'NUAI', 'NVEC', 'NVMI', 'NVT', 'NXPI', 'ON', 'ONIT', 'ONTO', 'PDFS', 'PENG', 'PHI', 'PI', 'PLPC', 'PLXS', 'POET', 'POWL', 'PRIM', 'PS', 'PSIX', 'PWR', 'Q', 'QCOM', 'QQQ', 'QRVO', 'QUIK', 'RAL', 'RELL', 'RLAY', 'RMBS', 'ROG', 'SANM', 'SEI', 'SHMD', 'SIMO', 'SITM', 'SMTC', 'SNX', 'STM', 'STRL', 'SVCO', 'SWKS', 'SYNA', 'TE', 'TER', 'TOYO', 'TPC', 'TSEM', 'TTMI', 'TXN', 'UCTT', 'UI', 'VECO', 'VIAV', 'VISN', 'VPG', 'VRT', 'VSH', 'VST', 'VUZI', 'XE']","{'AAOI': 1.0, 'ACLS': 1.0, 'ACMR': 1.0, 'ADEA': 1.0, 'ADI': 1.0, 'AEHR': 1.0, 'AEIS': 1.0, 'AGX': 1.0, 'AIP': 1.0, 'AKAM': 1.0, 'ALAB': 1.0, 'ALGM': 1.0, 'AMAT': 1.0, 'AMBQ': 1.0, 'AMD': 1.0, 'AMKR': 1.0, 'AOSL': 1.0, 'AP': 1.0, 'ARW': 1.0, 'ASML': 1.0, 'ASYS': 1.0, 'AVGO': 1.0, 'AVT': 1.0, 'AXTI': 1.0, 'BE': 1.0, 'BELFB': 1.0, 'BHE': 1.0, 'BW': 1.0, 'CAMT': 1.0, 'CAT': 1.0, 'CEG': 1.0, 'CENX': 1.0, 'CEVA': 1.0, 'CGNX': 1.0, 'CIEN': 1.0, 'CINT': 1.0, 'CLS': 1.0, 'CMPS': 1.0, 'COHR': 1.0, 'COHU': 1.0, 'CRDO': 1.0, 'CRUS': 1.0, 'CSCO': 1.0, 'CTRI': 1.0, 'CWEN': 1.0, 'DGII': 1.0, 'DIOD': 1.0, 'DOCN': 1.0, 'ECG': 1.0, 'EME': 1.0, 'ENTG': 1.0, 'ESOA': 1.0, 'ETN': 1.0, 'FIX': 1.0, 'FLEX': 1.0, 'FLR': 1.0, 'FN': 1.0, 'FORM': 1.0, 'FPS': 1.0, 'FTK': 1.0, 'GEV': 1.0, 'GHM': 1.0, 'GLW': 1.0, 'GNRC': 1.0, 'HIMX': 1.0, 'HNRG': 1.0, 'HPE': 1.0, 'HSAI': 1.0, 'ICHR': 1.0, 'IESC': 1.0, 'INDI': 1.0, 'INGM': 1.0, 'INTC': 1.0, 'INTT': 1.0, 'IPGP': 1.0, 'JBL': 1.0, 'JCI': 1.0, 'JYNT': 1.0, 'KEYS': 1.0, 'KLAC': 1.0, 'KLIC': 1.0, 'KN': 1.0, 'LAC': 1.0, 'LASE': 1.0, 'LASR': 1.0, 'LEGN': 1.0, 'LFUS': 1.0, 'LGN': 1.0, 'LITE': 1.0, 'LMB': 1.0, 'LPL': 1.0, 'LRCX': 1.0, 'LSCC': 1.0, 'LWLG': 1.0, 'MCHP': 1.0, 'MKSI': 1.0, 'MPWR': 1.0, 'MRAM': 1.0, 'MRVL': 1.0, 'MTSI': 1.0, 'MTZ': 1.0, 'MWH': 1.0, 'MXL': 1.0, 'MYRG': 1.0, 'NCSM': 1.0, 'NOK': 1.0, 'NRG': 1.0, 'NTGR': 1.0, 'NUAI': 1.0, 'NVEC': 1.0, 'NVMI': 1.0, 'NVT': 1.0, 'NXPI': 1.0, 'ON': 1.0, 'ONIT': 1.0, 'ONTO': 1.0, 'PDFS': 1.0, 'PENG': 1.0, 'PHI': 1.0, 'PI': 1.0, 'PLPC': 1.0, 'PLXS': 1.0, 'POET': 1.0, 'POWL': 1.0, 'PRIM': 1.0, 'PS': 1.0, 'PSIX': 1.0, 'PWR': 1.0, 'Q': 1.0, 'QCOM': 1.0, 'QQQ': 1.0, 'QRVO': 1.0, 'QUIK': 1.0, 'RAL': 1.0, 'RELL': 1.0, 'RLAY': 1.0, 'RMBS': 1.0, 'ROG': 1.0, 'SANM': 1.0, 'SEI': 1.0, 'SHMD': 1.0, 'SIMO': 1.0, 'SITM': 1.0, 'SMTC': 1.0, 'SNX': 1.0, 'STM': 1.0, 'STRL': 1.0, 'SVCO': 1.0, 'SWKS': 1.0, 'SYNA': 1.0, 'TE': 1.0, 'TER': 1.0, 'TOYO': 1.0, 'TPC': 1.0, 'TSEM': 1.0, 'TTMI': 1.0, 'TXN': 1.0, 'UCTT': 1.0, 'UI': 1.0, 'VECO': 1.0, 'VIAV': 1.0, 'VISN': 1.0, 'VPG': 1.0, 'VRT': 1.0, 'VSH': 1.0, 'VST': 1.0, 'VUZI': 1.0, 'XE': 1.0}",168,168,0.3761570412365393,0.9226190476190476,1.2925970507170303,0.0581936950585303,0.1529221238352645,0.2002185080676781,0.1246103100169535,0.0709743540731986,L099,13,192.0,-0.125,Maturity,L116,True
2026-06-04 00:00:00-04:00,HEALTHCARE/HCAREMISC :: A-ADPT-AII,0,1,1.4372809283540264,"['A', 'ADPT', 'AII', 'AIRO', 'ALAR', 'AMPX', 'AVAV', 'AVEX', 'AVTR', 'AXON', 'AZTA', 'BBY', 'BIO', 'BLLN', 'BOC', 'BRKR', 'BTU', 'BYRN', 'CAI', 'CDNA', 'CLOV', 'CODA', 'CPRI', 'CRL', 'CRSR', 'CTKB', 'CTRN', 'CYRX', 'CZR', 'DAVE', 'DDS', 'DG', 'DHR', 'DLTR', 'DNA', 'DPRO', 'DRS', 'EOLS', 'ESLT', 'ESTC', 'FATN', 'FLGT', 'FRMI', 'FSLR', 'FTRE', 'GH', 'HEI', 'HRL', 'IART', 'ICLR', 'ILMN', 'IMOS', 'INOD', 'IQV', 'JFB', 'KOPN', 'KSS', 'KTOS', 'LFMD', 'LHX', 'LTRX', 'MANE', 'MASS', 'MEDP', 'MOB', 'MTD', 'MYGN', 'NCNO', 'NEO', 'NOAH', 'NTRA', 'NYT', 'ONDS', 'PAL', 'PDYN', 'PRE', 'PSNL', 'PUSA', 'QDEL', 'QTRX', 'RCAT', 'RGEN', 'RSVR', 'RVTY', 'RXT', 'SFIX', 'SHC', 'SNOW', 'SPAI', 'SPTX', 'SQNS', 'STRT', 'TECH', 'TEM', 'TKO', 'TMO', 'TWST', 'TXG', 'UHAL', 'UMAC', 'VCYT', 'VRA', 'VSTS', 'VVX', 'VWAV', 'WAT', 'WGS', 'WST']","{'A': 1.0, 'ADPT': 1.0, 'AII': 1.0, 'AIRO': 1.0, 'ALAR': 1.0, 'AMPX': 1.0, 'AVAV': 1.0, 'AVEX': 1.0, 'AVTR': 1.0, 'AXON': 1.0, 'AZTA': 1.0, 'BBY': 1.0, 'BIO': 1.0, 'BLLN': 1.0, 'BOC': 1.0, 'BRKR': 1.0, 'BTU': 1.0, 'BYRN': 1.0, 'CAI': 1.0, 'CDNA': 1.0, 'CLOV': 1.0, 'CODA': 1.0, 'CPRI': 1.0, 'CRL': 1.0, 'CRSR': 1.0, 'CTKB': 1.0, 'CTRN': 1.0, 'CYRX': 1.0, 'CZR': 1.0, 'DAVE': 1.0, 'DDS': 1.0, 'DG': 1.0, 'DHR': 1.0, 'DLTR': 1.0, 'DNA': 1.0, 'DPRO': 1.0, 'DRS': 1.0, 'EOLS': 1.0, 'ESLT': 1.0, 'ESTC': 1.0, 'FATN': 1.0, 'FLGT': 1.0, 'FRMI': 1.0, 'FSLR': 1.0, 'FTRE': 1.0, 'GH': 1.0, 'HEI': 1.0, 'HRL': 1.0, 'IART': 1.0, 'ICLR': 1.0, 'ILMN': 1.0, 'IMOS': 1.0, 'INOD': 1.0, 'IQV': 1.0, 'JFB': 1.0, 'KOPN': 1.0, 'KSS': 1.0, 'KTOS': 1.0, 'LFMD': 1.0, 'LHX': 1.0, 'LTRX': 1.0, 'MANE': 1.0, 'MASS': 1.0, 'MEDP': 1.0, 'MOB': 1.0, 'MTD': 1.0, 'MYGN': 1.0, 'NCNO': 1.0, 'NEO': 1.0, 'NOAH': 1.0, 'NTRA': 1.0, 'NYT': 1.0, 'ONDS': 1.0, 'PAL': 1.0, 'PDYN': 1.0, 'PRE': 1.0, 'PSNL': 1.0, 'PUSA': 1.0, 'QDEL': 1.0, 'QTRX': 1.0, 'RCAT': 1.0, 'RGEN': 1.0, 'RSVR': 1.0, 'RVTY': 1.0, 'RXT': 1.0, 'SFIX': 1.0, 'SHC': 1.0, 'SNOW': 1.0, 'SPAI': 1.0, 'SPTX': 1.0, 'SQNS': 1.0, 'STRT': 1.0, 'TECH': 1.0, 'TEM': 1.0, 'TKO': 1.0, 'TMO': 1.0, 'TWST': 1.0, 'TXG': 1.0, 'UHAL': 1.0, 'UMAC': 1.0, 'VCYT': 1.0, 'VRA': 1.0, 'VSTS': 1.0, 'VVX': 1.0, 'VWAV': 1.0, 'WAT': 1.0, 'WGS': 1.0, 'WST': 1.0}",108,108,0.2890546436058773,0.8425925925925926,0.0941226443896268,0.0165555538389677,0.2065879541623998,0.1968722927906923,0.1852726249307389,0.0314165221847216,L127,6,108.0,0.0,Maturity,L112,True
