lifecycle_id,cluster_name,dominant_sector,dominant_industry,first_date,last_date,active_days,peak_momentum_score,avg_momentum_score,return_2m,avg_relative_strength_10d,top_members,theme_label,avg_size,avg_coherence,avg_breadth
L043,NONCYCLICAL/FOODDRINKMFR :: AAOI-ABEV-ABX,NONCYCLICAL,FOODDRINKMFR,2026-04-20 00:00:00-04:00,2026-04-22 00:00:00-04:00,3,2.066197525716004,1.0830537998877767,0.0582448117651987,0.1187369333567991,"AAOI, ABEV, ABX, ADTN, ALOY, ALTO",NONCYCLICAL/FOODDRINKMFR (AAOI/ABEV/ABX),6,,
L088,UNKNOWN/UNKNOWN :: AAON-ACAD-ACIC,UNKNOWN,UNKNOWN,2026-05-07 00:00:00-04:00,2026-05-20 00:00:00-04:00,10,1.970035177025061,0.9985508073989058,0.0824736140169111,0.0956403369494378,"AAON, ACAD, ACIC, ACIW, ACMR, ACVA",AAON/ACAD/ACIC,6,,
L095,UNKNOWN/UNKNOWN :: ACU-ADMA-AEVA,UNKNOWN,UNKNOWN,2026-05-12 00:00:00-04:00,2026-05-26 00:00:00-04:00,10,1.9263913608233452,1.0576118606892773,0.1359682736636552,0.0888127389655849,"ACU, ADMA, AEVA, AGEN, ALH, ALHC",ACU/ADMA/AEVA,6,,
L116,TECH/COMMEQUIP :: AA-AAPL-ABBV,HEALTHCARE,BIOPHARMAOTHER,2026-05-22 00:00:00-04:00,2026-06-01 00:00:00-04:00,6,1.8075125591055283,1.1932887975409547,0.2222817638275205,0.1144267549512212,"AA, AAPL, ABBV, ADMA, AEYE, AFRM",TECH/COMMEQUIP (AA/AAPL/ABBV),6,,
L047,UNKNOWN/UNKNOWN :: ZWS-AAOI-AAON,UNKNOWN,UNKNOWN,2026-04-20 00:00:00-04:00,2026-06-03 00:00:00-04:00,32,1.7891235493065956,0.4228135711633873,0.0290273380758512,0.0125322878663102,"ZWS, AAOI, AAON, AAP, AAUC, ABEO",ZWS/AAOI/AAON,6,,
L070,TECH/SEMIMFR :: ABG-ADI-ADP,BIZSVCE,PROSVCE,2026-04-29 00:00:00-04:00,2026-05-12 00:00:00-04:00,10,1.7850690400854372,0.8331220184997956,0.0937917498010559,0.0662986300777056,"ABG, ADI, ADP, AENT, AGIO, AIN",TECH/SEMIMFR (ABG/ADI/ADP),6,,
L058,TECH/SEMIMFR :: ABCL-ACB-ACDC,TECH,SEMIMFR,2026-04-23 00:00:00-04:00,2026-05-06 00:00:00-04:00,10,1.6599236329899043,0.7733267778848709,0.0625554542295976,0.0515123403086962,"ABCL, ACB, ACDC, AD, ADI, ADTN",TECH/SEMIMFR (ABCL/ACB/ACDC),6,,
L090,TECH/COMMEQUIP :: AAPL-ABNB-AD,CONSUMERSVCE,COMMEQUIP,2026-05-08 00:00:00-04:00,2026-05-21 00:00:00-04:00,10,1.62729888939183,0.7395867023180942,0.0745512484536845,0.05930566604132,"AAPL, ABNB, AD, AFRM, AFYA, AHR",TECH/COMMEQUIP (AAPL/ABNB/AD),6,,
L099,UNKNOWN/UNKNOWN :: AA-AAMI-AAOI,UNKNOWN,UNKNOWN,2026-05-14 00:00:00-04:00,2026-06-05 00:00:00-04:00,16,1.5700127195246352,0.5875521311968407,-0.0126790864084294,0.0432308964742224,"AA, AAMI, AAOI, AAON, ABSI, ACA",AA/AAMI/AAOI,6,,
L103,HEALTHCARE/HOSPITALITY :: AARD-ABNB-ABT,HEALTHCARE,HOSPITALITY,2026-05-18 00:00:00-04:00,2026-06-01 00:00:00-04:00,10,1.5695561664881106,0.711701458770818,0.1349917725856304,0.0565252795866834,"AARD, ABNB, ABT, AFCG, ALC, ALOT",HEALTHCARE/HOSPITALITY (AARD/ABNB/ABT),6,,
L127,HEALTHCARE/HCAREMISC :: A-ADMA-ADPT,HEALTHCARE,HCAREMISC,2026-05-28 00:00:00-04:00,2026-06-05 00:00:00-04:00,7,1.5230368998545276,1.1203357168714998,0.0580610135412745,0.1658316354044219,"A, ADMA, ADPT, AII, AIOT, AIRO",HEALTHCARE/HCAREMISC (A/ADMA/ADPT),6,,
L018,UNKNOWN/UNKNOWN :: ABUS-AKTS-ALAR,UNKNOWN,UNKNOWN,2026-04-09 00:00:00-04:00,2026-05-04 00:00:00-04:00,18,1.5142337986685477,0.0596479099118456,0.1146534449083163,-0.0179906826520791,"ABUS, AKTS, ALAR, ANNX, API, ARDX",ABUS/AKTS/ALAR,6,,
L086,UNKNOWN/UNKNOWN :: XP-VIPS-VECO,UNKNOWN,UNKNOWN,2026-05-06 00:00:00-04:00,2026-05-19 00:00:00-04:00,10,1.5116651732359954,0.6285666116160298,0.0385387963409938,0.0501555608148692,"XP, VIPS, VECO, VCYT, VC, VAC",XP/VIPS/VECO,6,,
L055,UNKNOWN/UNKNOWN :: AAP-ADUR-AGL,UNKNOWN,UNKNOWN,2026-04-22 00:00:00-04:00,2026-04-27 00:00:00-04:00,4,1.5070283147297396,0.8134726332346406,0.0620630570817856,0.0683565895437255,"AAP, ADUR, AGL, AGPU, AHCO, AIP",AAP/ADUR/AGL,6,,
L080,HEALTHCARE/HCAREMISC :: A-ABCL-ABEV,HEALTHCARE,FOODDRINKMFR,2026-05-05 00:00:00-04:00,2026-05-19 00:00:00-04:00,11,1.4692625797452763,0.8572041336849071,0.0632970841264622,0.0733901654011711,"A, ABCL, ABEV, ABVX, ACRS, ADAG",HEALTHCARE/HCAREMISC (A/ABCL/ABEV),6,,
L006,TECH/COMMEQUIP :: ZYME-AA-AAPL,HEALTHCARE,BIOPHARMAOTHER,2026-04-09 00:00:00-04:00,2026-05-20 00:00:00-04:00,30,1.3291394200928988,0.2756997020840405,0.0578484004159398,0.0107756401136949,"ZYME, AA, AAPL, AARD, ABBV, ABCL",TECH/COMMEQUIP (ZYME/AA/AAPL),6,,
L036,UNKNOWN/UNKNOWN :: ABM-ACHV-ACU,UNKNOWN,UNKNOWN,2026-04-16 00:00:00-04:00,2026-04-29 00:00:00-04:00,10,1.3277660145977963,0.6747078978467128,0.0215205743521889,0.0557356476400796,"ABM, ACHV, ACU, AD, AEBI, AEHR",ABM/ACHV/ACU,6,,
L050,UNKNOWN/UNKNOWN :: ABR-ACMR-ACNB,UNKNOWN,UNKNOWN,2026-04-21 00:00:00-04:00,2026-05-04 00:00:00-04:00,10,1.319592450536338,0.2403342324696208,0.0259771612743397,0.0023355998161891,"ABR, ACMR, ACNB, ACRE, ADAG, ADAM",ABR/ACMR/ACNB,6,,
L075,TECH/COMMEQUIP :: AAPL-ACCO-ACOG,FINANCIAL,COMMEQUIP,2026-05-01 00:00:00-04:00,2026-05-14 00:00:00-04:00,10,1.300238505473246,0.6414323202017481,0.0717242591745696,0.059684483703007,"AAPL, ACCO, ACOG, AEYE, AIG, AIRS",TECH/COMMEQUIP (AAPL/ACCO/ACOG),6,,
L052,TECH/SEMIMFR :: ABAT-ABX-ACLS,TECH,SEMIMFR,2026-04-21 00:00:00-04:00,2026-05-01 00:00:00-04:00,9,1.298479874655979,0.8832674674637789,-0.0341139062273515,0.0863111781366978,"ABAT, ABX, ACLS, ACM, ADI, AEBI",TECH/SEMIMFR (ABAT/ABX/ACLS),6,,
