signal_date,execution_date,lifecycle_id,cluster_name,predicted_score,momentum_score,coherence,breadth,target_1d_realized
2026-04-30,2026-05-01,L032,TECH/SOFTW :: ACIW-ACN-ADBE,0.006777706085229702,-0.21794841531059128,0.6296662332011889,0.3984375,0.04098686028215119
2026-04-30,2026-05-01,L066,FINANCIAL/REIT :: AMH-AVB-CPT,0.006016915274559202,0.6327795324752467,0.6930121350652223,0.3333333333333333,-0.0019565050287143736
2026-04-30,2026-05-01,L030,ENERGY/OILGASINTEG :: ADM-AGRO-AMPY,0.0011246166516771165,0.29059697163439435,0.5496612540256436,0.6636363636363637,-0.009156785838013517
2026-05-01,2026-05-04,L030,ENERGY/OILGASINTEG :: AMPY-APA-AR,0.005473002856281403,0.2880513330434402,0.5285671504804349,0.14035087719298245,0.018543618284691067
2026-05-01,2026-05-04,L066,FINANCIAL/REIT :: AMH-AVB-CPT,0.004176032964837852,0.3485389233392444,0.6749447560647142,0.4444444444444444,0.0022154516805180905
2026-05-01,2026-05-04,L026,FINANCIAL/INSURANCE :: ACGL-AIZ-ALL,0.0037218106879392393,0.027305148009055397,0.5962412344106249,0.0,-0.01954903015269448
2026-05-04,2026-05-05,L006,FINANCIAL/BANKSUSA :: ABCB-ALLY-ASB,0.012429771196499517,-0.24572958128068292,0.5341983955123961,0.014925373134328358,0.010452440786070119
2026-05-04,2026-05-05,L030,ENERGY/OILGASINTEG :: AMPY-APA-AR,0.0074910348319477005,0.4928423326822254,0.5180334215391271,0.8928571428571429,-0.0033739328826500425
2026-05-04,2026-05-05,L016,MATERIALS/ORE :: AEM-AG-AGI,0.007029004679899429,-0.6955892512975668,0.683402922993476,0.09090909090909091,-0.0016374815724809002
2026-05-05,2026-05-06,L032,TECH/SOFTW :: ACIW-ACN-ADBE,0.007633998047472137,-0.04192627973789604,0.6245572397983918,0.37962962962962965,-0.024053756762926422
2026-05-05,2026-05-06,L016,MATERIALS/ORE :: AEM-AG-AGI,0.004260141152620054,-0.4330153924297971,0.6587438743091772,0.37735849056603776,0.08966568905517713
2026-05-05,2026-05-06,L030,ENERGY/OILGASINTEG :: AMPY-APA-AR,0.003474517286396079,0.21450479476768908,0.5441129467031018,0.39622641509433965,-0.05735226018376353
2026-05-06,2026-05-07,L030,ENERGY/OILGASINTEG :: AMPY-APA-AR,0.015254549128715413,-0.020416766146494444,0.5509154355538594,0.011494252873563218,-0.016885423079662686
2026-05-06,2026-05-07,L047,TECH/INTERNET :: APLD-ASST-BKKT,0.01290992222668464,1.0149633100250302,0.5077842458778444,0.8095238095238095,-0.04615464897606718
2026-05-06,2026-05-07,L032,TECH/SOFTW :: ACIW-ACN-ADBE,0.008258430467778428,-0.20771344917692036,0.6157110876107477,0.1308411214953271,0.04283033409600982
2026-05-07,2026-05-08,L016,MATERIALS/ORE :: AEM-AG-AGI,-0.00022303032417691072,0.05446204938561172,0.672267573652051,0.34285714285714286,0.026264687107664126
2026-05-07,2026-05-08,L006,UNKNOWN/UNKNOWN :: ABCB-AMAL-ASB,-0.0006309530755091784,-0.26244241229165005,0.5871762820492139,0.1267605633802817,-7.113895130073882e-05
2026-05-07,2026-05-08,L030,ENERGY/OILGASINTEG :: ACDC-AMPY-APA,-0.0009280621006570486,-0.1517191809105821,0.5630627510185646,0.16666666666666666,-0.0065484902663015335
2026-05-08,2026-05-11,L133,FINANCIAL/TELECOMGEN :: AD-AHR-AKAM,0.02542218047660107,1.6259385031169298,0.41395686004272836,1.0,0.00048278708007364274
2026-05-08,2026-05-11,L006,UNKNOWN/UNKNOWN :: ABCB-AMAL-ASB,0.005838284061826141,-0.046627019194511767,0.5944637406955449,0.5294117647058824,-0.018211800109000434
2026-05-08,2026-05-11,L030,ENERGY/OILGASINTEG :: ACDC-AGRO-AMPY,0.0022897999122283813,-0.18389348540873607,0.5558361669720678,0.23809523809523808,0.02628956969552635
2026-05-11,2026-05-12,L133,FINANCIAL/TELECOMGEN :: AD-AHR-AKAM,0.009121325408305445,1.1271030639764823,0.3735966839297945,0.4576271186440678,-0.02324649649842154
2026-05-11,2026-05-12,L006,UNKNOWN/UNKNOWN :: ABCB-AMAL-ASB,0.00875826282314522,-0.13518957540810012,0.6110744804221776,0.0,-0.005080254668531247
2026-05-11,2026-05-12,L032,TECH/SOFTW :: ACN-ADBE-ADSK,0.006901103140936926,-0.03441367723383221,0.5869419093004311,0.08235294117647059,-0.018574659084877834
2026-05-12,2026-05-13,L006,UNKNOWN/UNKNOWN :: ABCB-AMAL-ASB,0.006397782671499136,-0.24774223786481453,0.6345789892940058,0.21212121212121213,-0.012794246151229439
2026-05-12,2026-05-13,L026,FINANCIAL/INSURANCE :: ACGL-BRK-B-CB,0.003982647362624132,-0.08972600371756521,0.6462145104942605,1.0,-0.009648248786736688
2026-05-12,2026-05-13,L066,FINANCIAL/REIT :: AVB-CPT-EQR,0.0028406435871370043,-0.07309962452025354,0.6785173032227011,0.2857142857142857,0.0008159900697784257
2026-05-13,2026-05-14,L030,ENERGY/OILGASINTEG :: ACDC-AMPY-APA,0.002653437136505156,-0.27151699538891605,0.5510539631221469,0.32967032967032966,0.008280614761408546
2026-05-13,2026-05-14,L066,FINANCIAL/REIT :: AVB-CPT-EQR,0.0018668373918571495,-0.012996445265868118,0.7160525456917378,0.5714285714285714,-0.011109107863103485
2026-05-13,2026-05-14,L032,TECH/SOFTW :: ACN-ADBE-ADP,0.0005713830184306595,-0.21784410847518657,0.5681182260273424,0.10101010101010101,0.007383129228670208
2026-05-14,2026-05-15,L026,FINANCIAL/INSURANCE :: ACGL-AFL-AXS,0.005623123040220337,-0.09831966142459145,0.6536176119197467,1.0,0.007882175120109294
2026-05-14,2026-05-15,L030,ENERGY/OILGASINTEG :: AM-AMPY-APA,0.005413860833087979,-0.20196550673361324,0.5532502961939437,0.7052631578947368,0.018330774715135906
2026-05-14,2026-05-15,L006,UNKNOWN/UNKNOWN :: ABCB-AMAL-AMTB,0.002609703032322215,0.04953752827252255,0.6503081486687439,0.9411764705882353,-0.013195519956824891
2026-05-15,2026-05-18,L032,TECH/SOFTW :: ACN-ADBE-ADP,0.00760472832957966,0.043863843414577205,0.5393429538949406,0.8611111111111112,0.04101736202172157
2026-05-15,2026-05-18,L030,ENERGY/OILGASINTEG :: AM-AMPY-APA,0.00381986862614603,0.1870303785881377,0.5627205468690858,0.7865168539325843,0.01677064171448033
2026-05-18,2026-05-19,L032,TECH/SOFTW :: ACN-ADBE-ADSK,0.01861761568277877,0.27006334127050124,0.5222134817459061,0.9915254237288136,-0.0010105251269486787
2026-05-18,2026-05-19,L030,ENERGY/OILGASINTEG :: AGRO-AM-AMPY,0.012101592679126728,0.1469463624399483,0.5448137646626208,0.8556701030927835,0.004973419768855254
2026-05-18,2026-05-19,L006,UNKNOWN/UNKNOWN :: ABCB-ACNB-AMAL,0.008024912639812514,0.02264112024643335,0.634798267210974,0.9923664122137404,-0.0037138086485785974
2026-05-19,2026-05-20,L030,ENERGY/OILGASINTEG :: AGRO-AMPY-APA,0.006951203596263543,0.16971906056270533,0.5519737891821392,0.6288659793814433,-0.01976166454692672
2026-05-19,2026-05-20,L066,FINANCIAL/REIT :: AMH-AVB-CPT,0.005145520556068105,0.21554966366585257,0.6616398462461224,0.6363636363636364,0.010420913570063715
2026-05-19,2026-05-20,L032,TECH/SOFTW :: ADBE-ADSK-AGYS,0.0038972345702339498,0.5685986996865171,0.5643757436443303,0.475,0.009172603715154078
2026-05-20,2026-05-21,L133,FINANCIAL/TELECOMGEN :: AD-AFRM-AKAM,0.013415305186492957,1.3144568322864252,0.42049918763356786,0.9333333333333333,0.003959809929384376
2026-05-20,2026-05-21,L006,UNKNOWN/UNKNOWN :: ABCB-AMAL-AMTB,0.009479625724430245,0.35103429418250004,0.6508681186117523,1.0,0.002372042539350991
2026-05-20,2026-05-21,L066,FINANCIAL/REIT :: AMH-AVB-CPT,0.008765960918551112,0.40707227182106087,0.7190419500523954,1.0,-0.004162426869197766
2026-05-21,2026-05-22,L133,FINANCIAL/TELECOMGEN :: AD-AFRM-AKAM,0.011215207507274026,1.1905098042518607,0.4231899682060118,0.5471698113207547,0.028399906433453595
2026-05-21,2026-05-22,L032,TECH/SOFTW :: ACIW-ADBE-ADSK,0.00011950860876495939,-0.15324115865321464,0.5608167043694484,0.22666666666666666,0.016101890900598884
2026-05-22,2026-05-26,L016,MATERIALS/ORE :: AEM-AG-AGI,0.0030856547769828697,-0.4673117451561152,0.7172345958324623,0.2222222222222222,0.044095544841470186
2026-05-22,2026-05-26,L032,TECH/SOFTW :: ADBE-ADSK-AGYS,0.002465917785640685,0.08969610602478043,0.5788370337586293,0.8552631578947368,-0.004036522570392688
2026-05-26,2026-05-27,L016,MATERIALS/ORE :: AARD-AEM-AG,0.009448748718565977,-0.7154322900848576,0.7029855523744619,0.9333333333333333,-0.025538356959135693
2026-05-27,2026-05-28,L016,MATERIALS/ORE :: AARD-AEM-AG,0.010595968926091971,-0.5971117674346185,0.670553918421074,0.14814814814814814,0.02317292798309897
2026-05-28,2026-05-29,L016,MATERIALS/ORE :: AAON-AARD-AEM,-0.00017920064692377542,-0.36243488179644234,0.67358124456032,0.8604651162790697,0.013920552972215124
2026-05-28,2026-05-29,L030,ENERGY/OILGASINTEG :: AM-AMPY-APA,-0.008451491819562468,-0.4013999422723983,0.52424167929453,0.5970149253731343,-0.011710986063270732
2026-05-28,2026-05-29,L026,FINANCIAL/INSURANCE :: ACGL-ACT-AFL,-0.013181485824677146,-0.21042850990081302,0.5974507206895607,0.03333333333333333,-0.00832873636190335
2026-05-29,2026-06-01,L016,MATERIALS/ORE :: AARD-AEM-AG,0.008108661071416785,-0.22268798254019542,0.6615376703800027,0.7159090909090909,-0.011360980076913703
2026-05-29,2026-06-01,L026,FINANCIAL/INSURANCE :: ACGL-ACT-AFL,0.0011529552598588044,-0.0907644974243454,0.5371195761421184,0.24444444444444444,-6.114296153402569e-05
2026-05-29,2026-06-01,L030,ENERGY/OILGASINTEG :: AM-AMPY-APA,0.0010596851629837744,-0.5348387452379757,0.5236936850965188,0.17142857142857143,0.02578339895873444
2026-06-01,2026-06-02,L032,TECH/SOFTW :: ACIW-ADBE-AGYS,0.023892494758048107,1.0310110282411027,0.5664101486456187,1.0,-0.03506665973198191
2026-06-01,2026-06-02,L030,ENERGY/OILGASINTEG :: AM-AMPY-APA,0.007134267657398126,-0.3214891138029643,0.5593602264322178,0.9054054054054054,0.009018537668324075
2026-06-01,2026-06-02,L026,FINANCIAL/INSURANCE :: ACGL-ACT-AFL,0.007129117294288465,0.033712544396215564,0.5623130446573196,0.42857142857142855,0.0009575355406052826
2026-06-02,2026-06-03,L026,FINANCIAL/INSURANCE :: ACGL-ACT-AFL,0.013509019479387298,-0.10977427287080395,0.5544985291290246,0.5161290322580645,-0.007592265706036632
2026-06-02,2026-06-03,L006,UNKNOWN/UNKNOWN :: ABCB-AMAL-ASB,0.0037340146974053374,0.11179605799059612,0.67733585347117,0.9814814814814815,-0.02577215521288951
2026-06-02,2026-06-03,L016,MATERIALS/ORE :: AEM-AG-AGI,0.00047878736918134527,-0.07961086114869008,0.7388072004732164,0.7169811320754716,-0.04844789311337406
2026-06-03,2026-06-04,L026,FINANCIAL/INSURANCE :: ACGL-AFL-AIG,0.009164682550098498,0.03825181973625512,0.6149723304356339,0.35,0.00704233101940781
2026-06-03,2026-06-04,L030,ENERGY/OILGASINTEG :: AM-AMPY-AR,0.003642229401636646,-0.36385921169571295,0.5545725395500338,0.6575342465753424,0.00540325274818566
2026-06-04,2026-06-05,L006,UNKNOWN/UNKNOWN :: ABCB-AMAL-ASB,0.008091230158097667,0.17787784663486605,0.6652850471583204,1.0,0.004534492265752372
2026-06-04,2026-06-05,L032,TECH/SOFTW :: ACIW-ADBE-AGYS,0.0037587156458356126,0.2640946326846356,0.594551391013005,0.6538461538461539,-0.021427137623871537
2026-06-04,2026-06-05,L026,FINANCIAL/INSURANCE :: ACGL-ACT-AFG,0.0016205888842336985,-0.05458483526050188,0.582824585115999,0.8947368421052632,0.029030618817057152
